0.0,0.0,0.0,0.5367471012991856,0.46325289870081443,1743.0311086086458,0.0,-0.5367471012991856
0.1,0.0,0.0,0.5346466644322042,0.4653533355677958,1746.1538664426184,0.0,-0.5346466644322042
0.1,0.1,0.0,0.5323400644998099,0.46765993550019014,1749.5960466220258,0.0,-0.5323400644998099
0.0,0.1,0.0,0.5353405416556358,0.4646594583443642,1745.1210296035745,0.0,-0.5353405416556358
0.002040816326526931,0.0,0.0,0.5365111234002186,0.46348887659978144,1743.3813842190075,0.0,-0.5365111234002186
0.004081632653053566,0.0,0.0,0.5363719771641546,0.46362802283584537,1743.5879929941002,0.0,-0.5363719771641546
0.006122448979579928,0.0,0.0,0.5363541931562726,0.46364580684372736,1743.6144027863893,0.0,-0.5363541931562726
0.008163265306107632,0.0,0.0,0.5364597072970332,0.4635402927029668,1743.4577227870698,0.0,-0.5364597072970332
0.01020408163263525,0.0,0.0,0.5366672484489651,0.4633327515510349,1743.1496230442635,0.0,-0.5366672484489651
0.01224489795916274,0.0,0.0,0.5369350328153177,0.46306496718468226,1742.7522516835838,0.0,-0.5369350328153177
0.01428571428568806,0.0,0.0,0.5372066683167516,0.46279333168324843,1742.3493505903707,0.0,-0.5372066683167516
0.01632653061221281,0.0,0.0,0.5374198274477094,0.46258017255229056,1742.033314514313,0.0,-0.5374198274477094
0.01836734693873722,0.0,0.0,0.5375166738184646,0.4624833261815354,1741.889765075187,0.0,-0.5375166738184646
0.02040816326526097,0.0,0.0,0.537454393960953,0.46254560603904704,1741.9820759752763,0.0,-0.537454393960953
0.02244897959178572,0.0,0.0,0.5372138025382315,0.4627861974617685,1742.3387713264308,0.0,-0.5372138025382315
0.02448979591831048,0.0,0.0,0.5368041290913449,0.4631958709086551,1742.9464800831918,0.0,-0.5368041290913449
0.02653061224483523,0.0,0.0,0.5362628302241851,0.4637371697758149,1743.750092131407,0.0,-0.5362628302241851
0.02857142857135999,0.0,0.0,0.5356504157496498,0.4643495842503502,1744.660176309641,0.0,-0.5356504157496498
0.03061224489788474,0.0,0.0,0.5350414483275979,0.4649585516724021,1745.5660804151657,0.0,-0.5350414483275979
0.0326530612244095,0.0,0.0,0.5345136509752566,0.4654863490247434,1746.3519967446846,0.0,-0.5345136509752566
0.03469387755093425,0.0,0.0,0.53413716849204,0.46586283150796004,1746.9130303420866,0.0,-0.53413716849204
0.03673469387745897,0.0,0.0,0.5339655150736323,0.4660344849263677,1747.168947656282,0.0,-0.5339655150736323
0.03877551020398105,0.0,0.0,0.5340289415955856,0.46597105840441444,1747.0743766043747,0.0,-0.5340289415955856
0.04081632653050581,0.0,0.0,0.534330327064179,0.46566967293582096,1746.6251407239643,0.0,-0.534330327064179
0.04285714285703056,0.0,0.0,0.5348435366562467,0.46515646334375327,1745.8606977625072,0.0,-0.5348435366562467
0.04489795918355531,0.0,0.0,0.5355144524923684,0.4644855475076316,1744.862354640702,0.0,-0.5355144524923684
0.04693877551008007,0.0,0.0,0.5362652200043284,0.4637347799956716,1743.7465426363372,0.0,-0.5362652200043284
0.04897959183660482,0.0,0.0,0.5370022176124399,0.46299778238756006,1742.6525830503224,0.0,-0.5370022176124399
0.05102040816313488,0.0,0.0,0.5376276053147943,0.46237239468520575,1741.725367184294,0.0,-0.5376276053147943
0.05306122448967161,0.0,0.0,0.5380531845148682,0.46194681548513183,1741.0949565153182,0.0,-0.5380531845148682
0.05510204081620698,0.0,0.0,0.5382141964862749,0.4617858035137251,1740.8565683773745,0.0,-0.5382141964862749
0.0571428571427437,0.0,0.0,0.5380801605850832,0.46191983941491677,1741.0550122295062,0.0,-0.5380801605850832
0.05918367346927907,0.0,0.0,0.5376602254540559,0.4623397745459441,1741.6770308025027,0.0,-0.5376602254540559
0.06122448979581579,0.0,0.0,0.537001712230322,0.462998287769678,1742.6533327420395,0.0,-0.537001712230322
0.06326530612235116,0.0,0.0,0.5361821820890907,0.46381781791090926,1743.86988574807,0.0,-0.5361821820890907
0.06530612244888843,0.0,0.0,0.535296917450794,0.464703082549206,1745.1859282747366,0.0,-0.535296917450794
0.06734693877542353,0.0,0.0,0.5344446448521885,0.46555535514781154,1746.4548025856916,0.0,-0.5344446448521885
0.06938775510196023,0.0,0.0,0.5337143401762592,0.4662856598237408,1747.5435583505998,0.0,-0.5337143401762592
0.07142857142849594,0.0,0.0,0.5331751153455866,0.4668248846544134,1748.348319270894,0.0,-0.5331751153455866
0.07346938775503202,0.0,0.0,0.532869945423138,0.46713005457686196,1748.804095714565,0.0,-0.532869945423138
0.07551020408156833,0.0,0.0,0.5328129621356757,0.46718703786432425,1748.8892275488863,0.0,-0.5328129621356757
0.07755102040810181,0.0,0.0,0.5329896230484513,0.4670103769515487,1748.6253268362364,0.0,-0.5329896230484513
0.07959183673464072,0.0,0.0,0.5333592601991128,0.46664073980088716,1748.073410726054,0.0,-0.5333592601991128
0.08163265306117422,0.0,0.0,0.5338599499051224,0.4661400500948776,1747.3263715337478,0.0,-0.5338599499051224
0.08367346938771285,0.0,0.0,0.5344158519563005,0.4655841480436995,1746.4977020374588,0.0,-0.5344158519563005
0.08571428571424661,0.0,0.0,0.5349468542692939,0.4650531457307061,1745.7068836079088,0.0,-0.5349468542692939
0.08775510204078463,0.0,0.0,0.5353796002049254,0.46462039979507463,1745.0629272427623,0.0,-0.5353796002049254
0.089795918367319,0.0,0.0,0.5356581594497148,0.46434184055028516,1744.648662782767,0.0,-0.5356581594497148
0.09183673469385642,0.0,0.0,0.5357522048423895,0.4642477951576105,1744.5088458701593,0.0,-0.5357522048423895
0.09387755102039141,0.0,0.0,0.5356608615556582,0.4643391384443418,1744.6446452598532,0.0,-0.5356608615556582
0.09591836734692821,0.0,0.0,0.5354113480012458,0.4645886519987542,1745.015702995616,0.0,-0.5354113480012458
0.09795918367346379,0.0,0.0,0.5350527858357438,0.4649472141642562,1745.5492060661268,0.0,-0.5350527858357438
0.1,0.002040816326526931,0.0,0.5344405761421523,0.46555942385784765,1746.4608645583767,0.0,-0.5344405761421523
0.1,0.004081632653053566,0.0,0.534234738151823,0.465765261848177,1746.7675975881532,0.0,-0.534234738151823
0.1,0.006122448979579928,0.0,0.5340347341688719,0.4659652658311281,1747.0657401953104,0.0,-0.5340347341688719
0.1,0.008163265306107632,0.0,0.5338459668615089,0.46615403313849113,1747.3472258514066,0.0,-0.5338459668615089
0.1,0.01020408163263525,0.0,0.5336734893941453,0.4663265106058547,1747.6044997700415,0.0,-0.5336734893941453
0.1,0.01224489795916274,0.0,0.5335218513016925,0.4664781486983075,1747.8307514792984,0.0,-0.5335218513016925
0.1,0.01428571428568806,0.0,0.5333949623199913,0.4666050376800087,1748.020121288506,0.0,-0.5333949623199913
0.1,0.01632653061221281,0.0,0.5332959767322203,0.4667040232677797,1748.1678764140318,0.0,-0.5332959767322203
0.1,0.01836734693873722,0.0,0.5332271999003503,0.4667728000996497,1748.2705538395721,0.0,-0.5332271999003503
0.1,0.02040816326526097,0.0,0.5331900179997779,0.46680998200022206,1748.3260679886077,0.0,-0.5331900179997779
0.1,0.02244897959178572,0.0,0.5331848515896557,0.4668151484103443,1748.33378193625,0.0,-0.5331848515896557
0.1,0.02448979591831048,0.0,0.5332111335064946,0.46678886649350537,1748.2945412120782,0.0,-0.5332111335064946
0.1,0.02653061224483523,0.0,0.533267311594666,0.466732688405334,1748.2106693376018,0.0,-0.533267311594666
0.1,0.02857142857135999,0.0,0.5333508768812865,0.46664912311871354,1748.085924243404,0.0,-0.5333508768812865
0.1,0.03061224489788474,0.0,0.5334584178447191,0.46654158215528085,1747.9254147878141,0.0,-0.5334584178447191
0.1,0.0326530612244095,0.0,0.5335857012983796,0.46641429870162043,1747.7354769124317,0.0,-0.5335857012983796
0.1,0.03469387755093425,0.0,0.533727780019799,0.46627221998020096,1747.5235096479144,0.0,-0.533727780019799
0.1,0.03673469387745897,0.0,0.5338791265433783,0.4661208734566217,1747.297772296098,0.0,-0.5338791265433783
0.1,0.03877551020398105,0.0,0.534033791499329,0.46596620850067105,1747.067145658079,0.0,-0.534033791499329
0.1,0.04081632653050581,0.0,0.5341855835719655,0.46581441642803445,1746.8408620702405,0.0,-0.5341855835719655
0.1,0.04285714285703056,0.0,0.5343282666707955,0.46567173332920453,1746.6282110984607,0.0,-0.5343282666707955
0.1,0.04489795918355531,0.0,0.5344557684014135,0.4655442315985865,1746.438229820112,0.0,-0.5344557684014135
0.1,0.04693877551008007,0.0,0.5345623925565096,0.4654376074434904,1746.2793884639602,0.0,-0.5345623925565096
0.1,0.04897959183660482,0.0,0.5346430272882802,0.46535697271171983,1746.159283555429,0.0,-0.5346430272882802
0.1,0.05102040816313488,0.0,0.5346933400198718,0.4653066599801282,1746.0843514388446,0.0,-0.5346933400198718
0.1,0.05306122448967161,0.0,0.534709950113716,0.465290049886284,1746.0596149873113,0.0,-0.534709950113716
0.1,0.05510204081620698,0.0,0.5346905708946402,0.4653094291053598,1746.088475404966,0.0,-0.5346905708946402
0.1,0.0571428571427437,0.0,0.534634113821811,0.46536588617818897,1746.1725592935657,0.0,-0.534634113821811
0.1,0.05918367346927907,0.0,0.5345407493526303,0.4654592506473697,1746.311628687953,0.0,-0.5345407493526303
0.1,0.06122448979581579,0.0,0.5344119212266107,0.46558807877338926,1746.5035587201965,0.0,-0.5344119212266107
0.1,0.06326530612235116,0.0,0.5342503133578137,0.4657496866421863,1746.7443841585969,0.0,-0.5342503133578137
0.1,0.06530612244888843,0.0,0.5340597710713281,0.46594022892867193,1747.0284125290336,0.0,-0.5340597710713281
0.1,0.06734693877542353,0.0,0.5338451808507303,0.4661548191492697,1747.3483981230195,0.0,-0.5338451808507303
0.1,0.06938775510196023,0.0,0.5336123148834311,0.4663876851165689,1747.6957681873212,0.0,-0.5336123148834311
0.1,0.07142857142849594,0.0,0.5333676483279601,0.46663235167203987,1748.0608902067495,0.0,-0.5333676483279601
0.1,0.07346938775503202,0.0,0.5331181582530855,0.4668818417469145,1748.4333676192698,0.0,-0.5331181582530855
0.1,0.07551020408156833,0.0,0.5328711135429868,0.4671288864570132,1748.8023506547427,0.0,-0.5328711135429868
0.1,0.07755102040810181,0.0,0.5326338647235132,0.46736613527648685,1749.1568492914928,0.0,-0.5326338647235132
0.1,0.07959183673464072,0.0,0.5324136417105547,0.4675863582894453,1749.486036507905,0.0,-0.5324136417105547
0.1,0.08163265306117422,0.0,0.5322173660454034,0.4677826339545966,1749.7795319061775,0.0,-0.5322173660454034
0.1,0.08367346938771285,0.0,0.532051482444585,0.467948517555415,1750.0276581633216,0.0,-0.532051482444585
0.1,0.08571428571424661,0.0,0.53192181265947,0.46807818734052997,1750.2216653353253,0.0,-0.53192181265947
0.1,0.08775510204078463,0.0,0.5318334329191244,0.46816656708087556,1750.3539205102913,0.0,-0.5318334329191244
0.1,0.089795918367319,0.0,0.5317905747962849,0.4682094252037151,1750.4180624115645,0.0,-0.5317905747962849
0.1,0.09183673469385642,0.0,0.5317965483196062,0.4682034516803938,1750.409122094038,0.0,-0.5317965483196062
0.1,0.09387755102039141,0.0,0.5318536856208165,0.4681463143791835,1750.3236117470694,0.0,-0.5318536856208165
0.1,0.09591836734692821,0.0,0.5319633033497937,0.4680366966502063,1750.1595838080282,0.0,-0.5319633033497937
0.1,0.09795918367346379,0.0,0.5321256824459565,0.4678743175540435,1749.9166621914603,0.0,-0.5321256824459565
0.09795918367347504,0.1,0.0,0.533070612505114,0.466929387494886,1748.5043692817794,0.0,-0.533070612505114
0.09591836734695007,0.1,0.0,0.53368987637607,0.46631012362393,1747.5800530705578,0.0,-0.53368987637607
0.09387755102042511,0.1,0.0,0.5341468186579157,0.4658531813420843,1746.8986451787762,0.0,-0.5341468186579157
0.09183673469390015,0.1,0.0,0.5344173883548661,0.4655826116451339,1746.4954128551192,0.0,-0.5344173883548661
0.08979591836737517,0.1,0.0,0.5345072546003381,0.4654927453996619,1746.3615256031758,0.0,-0.5345072546003381
0.08775510204085021,0.1,0.0,0.5344492516504982,0.46555074834950183,1746.4479389658738,0.0,-0.5344492516504982
0.08571428571432524,0.1,0.0,0.534296233220584,0.46570376677941605,1746.675948365725,0.0,-0.534296233220584
0.08367346938780028,0.1,0.0,0.5341110466803151,0.46588895331968494,1746.9519703979354,0.0,-0.5341110466803151
0.08163265306127532,0.1,0.0,0.5339557478922137,0.4660442521077863,1747.1835117580667,0.0,-0.5339557478922137
0.07959183673475034,0.1,0.0,0.5338819554149465,0.46611804458505346,1747.2935535143874,0.0,-0.5338819554149465
0.07755102040822538,0.1,0.0,0.5339236195166055,0.4660763804833945,1747.231420939218,0.0,-0.5339236195166055
0.07551020408170042,0.1,0.0,0.5340928072603061,0.46590719273969394,1746.9791611199314,0.0,-0.5340928072603061
0.07346938775517545,0.1,0.0,0.5343786483918737,0.46562135160812634,1746.5531359329125,0.0,-0.5343786483918737
0.07142857142865049,0.1,0.0,0.5347493941674721,0.46525060583252786,1746.0008760489636,0.0,-0.5347493941674721
0.06938775510212553,0.1,0.0,0.535157446489007,0.464842553510993,1745.3934482302686,0.0,-0.535157446489007
0.06734693877560055,0.1,0.0,0.5355469892514093,0.4644530107485907,1744.8139679835797,0.0,-0.5355469892514093
0.06530612244907558,0.1,0.0,0.5358633937452629,0.46413660625473707,1744.3435706761147,0.0,-0.5358633937452629
0.06326530612255063,0.1,0.0,0.53606299429009,0.46393700570991003,1744.0469557847953,0.0,-0.53606299429009
0.06122448979602566,0.1,0.0,0.5361214243147485,0.4638785756852515,1743.9601453713108,0.0,-0.5361214243147485
0.05918367346950069,0.1,0.0,0.5360387457845411,0.46396125421545886,1744.082984711308,0.0,-0.5360387457845411
0.05714285714297572,0.1,0.0,0.5358401950400525,0.46415980495994746,1744.3780514825585,0.0,-0.5358401950400525
0.05510204081645076,0.1,0.0,0.5355723549091479,0.4644276450908521,1744.7762476066573,0.0,-0.5355723549091479
0.05306122448992579,0.1,0.0,0.5352956089917539,0.4647043910082461,1745.187874912067,0.0,-0.5352956089917539
0.05102040816340082,0.1,0.0,0.535074469744342,0.46492553025565797,1745.5169334066127,0.0,-0.535074469744342
0.04897959183687053,0.1,0.0,0.5349675698686215,0.4650324301313785,1745.6760465095815,0.0,-0.5349675698686215
0.04693877551033359,0.1,0.0,0.5350187942900252,0.4649812057099748,1745.599798866519,0.0,-0.5350187942900252
0.044897959183798,0.1,0.0,0.5352504727137953,0.46474952728620467,1745.2550282885788,0.0,-0.5352504727137953
0.04285714285726103,0.1,0.0,0.5356590933854031,0.4643409066145969,1744.6472741941031,0.0,-0.5356590933854031
0.04081632653072545,0.1,0.0,0.5362138435563452,0.46378615644365484,1743.8228542831482,0.0,-0.5362138435563452
0.03877551020418851,0.1,0.0,0.5368583683179251,0.4631416316820749,1742.8659973785095,0.0,-0.5368583683179251
0.03673469387765291,0.1,0.0,0.537516177296403,0.462483822703597,1741.8905009790687,0.0,-0.537516177296403
0.0346938775511154,0.1,0.0,0.5380998030220407,0.46190019697795925,1741.025928230137,0.0,-0.5380998030220407
0.03265306122458009,0.1,0.0,0.5385230234221425,0.46147697657785747,1740.399513716441,0.0,-0.5385230234221425
0.03061224489804315,0.1,0.0,0.5387144302477105,0.4612855697522895,1740.1163577680738,0.0,-0.5387144302477105
0.02857142857150723,0.1,0.0,0.5386298107416825,0.4613701892583175,1740.241527502083,0.0,-0.5386298107416825
0.02653061224497093,0.1,0.0,0.5382606435470338,0.46173935645296615,1740.787812775158,0.0,-0.5382606435470338
0.02448979591843438,0.1,0.0,0.5376366709976347,0.4623633290023653,1741.711933425324,0.0,-0.5376366709976347
0.02244897959190066,0.1,0.0,0.5368218494272013,0.46317815057279865,1742.9201850014024,0.0,-0.5368218494272013
0.02040816326536153,0.1,0.0,0.5359045871193588,0.46409541288064116,1744.2823473096466,0.0,-0.5359045871193588
0.01836734693882783,0.1,0.0,0.5349845223243556,0.46501547767564444,1745.6508120114117,0.0,-0.5349845223243556
0.01632653061228896,0.1,0.0,0.5341586959448332,0.46584130405516677,1746.8809404495885,0.0,-0.5341586959448332
0.01428571428575497,0.1,0.0,0.5335096344221095,0.4664903655778905,1747.8489822320544,0.0,-0.5335096344221095
0.01224489795921672,0.1,0.0,0.5330967979400574,0.4669032020599426,1748.465264978826,0.0,-0.5330967979400574
0.01020408163268212,0.1,0.0,0.5329516289749109,0.4670483710250891,1748.6820766588028,0.0,-0.5329516289749109
0.008163265306144474,0.1,0.0,0.5330756475845989,0.4669243524154011,1748.4968499554532,0.0,-0.5330756475845989
0.006122448979609271,0.1,0.0,0.5334409602340986,0.4665590397659014,1747.9514690090225,0.0,-0.5334409602340986
0.004081632653072237,0.1,0.0,0.5339930054733557,0.4660069945266443,1747.1279572996964,0.0,-0.5339930054733557
0.002040816326536424,0.1,0.0,0.5346558664880721,0.46534413351192794,1746.1401611755539,0.0,-0.5346558664880721
0.0,0.09795918367347504,0.0,0.535489574547644,0.464510425452356,1744.8993533930313,0.0,-0.535489574547644
0.0,0.09591836734695007,0.0,0.5356327130882648,0.46436728691173523,1744.6864976400104,0.0,-0.5356327130882648
0.0,0.09387755102042511,0.0,0.5357648029502771,0.46423519704972294,1744.4901180151332,0.0,-0.5357648029502771
0.0,0.09183673469390015,0.0,0.5358808455855658,0.4641191544144342,1744.3176324748435,0.0,-0.5358808455855658
0.0,0.08979591836737517,0.0,0.5359761703167558,0.4640238296832442,1744.1759675014875,0.0,-0.5359761703167558
0.0,0.08775510204085021,0.0,0.5360466043738104,0.46395339562618965,1744.071308095272,0.0,-0.5360466043738104
0.0,0.08571428571432524,0.0,0.5360886334691926,0.46391136653080745,1744.0088621860389,0.0,-0.5360886334691926
0.0,0.08367346938780028,0.0,0.5360995454250332,0.46390045457496676,1743.9926501722853,0.0,-0.5360995454250332
0.0,0.08163265306127532,0.0,0.5360775497535228,0.46392245024647716,1744.0253296938429,0.0,-0.5360775497535228
0.0,0.07959183673475034,0.0,0.5360218669554025,0.46397813304459745,1744.1080645002971,0.0,-0.5360218669554025
0.0,0.07755102040822538,0.0,0.5359327826063907,0.46406721739360934,1744.2404444401132,0.0,-0.5359327826063907
0.0,0.07551020408170042,0.0,0.535811662971973,0.464188337028027,1744.4204612668204,0.0,-0.535811662971973
0.0,0.07346938775517545,0.0,0.535660930815892,0.46433906918410806,1744.6445422831662,0.0,-0.535660930815892
0.0,0.07142857142865049,0.0,0.5354840021086028,0.4645159978913972,1744.9076410006,0.0,-0.5354840021086028
0.0,0.06938775510212553,0.0,0.535285186345386,0.464714813654614,1745.2033811791966,0.0,-0.535285186345386
0.0,0.06734693877560055,0.0,0.5350695549946876,0.46493044500531244,1745.524248036889,0.0,-0.5350695549946876
0.0,0.06530612244907558,0.0,0.534842784074345,0.46515721592565495,1745.8618182686753,0.0,-0.534842784074345
0.0,0.06326530612255063,0.0,0.5346109778843542,0.4653890221156458,1746.2070189557926,0.0,-0.5346109778843542
0.0,0.06122448979602566,0.0,0.5343804814398672,0.46561951856013284,1746.5504045801863,0.0,-0.5343804814398672
0.0,0.05918367346950069,0.0,0.5341576891294585,0.4658423108705415,1746.882441232413,0.0,-0.5341576891294585
0.0,0.05714285714297572,0.0,0.5339488566095331,0.46605114339046694,1747.1937876774962,0.0,-0.5339488566095331
0.0,0.05510204081645076,0.0,0.5337599220269117,0.4662400779730883,1747.4755641142058,0.0,-0.5337599220269117
0.0,0.05306122448992579,0.0,0.5335963414707692,0.4664036585292308,1747.7196010564971,0.0,-0.5335963414707692
0.0,0.05102040816340082,0.0,0.533462942249592,0.466537057750408,1747.9186625675059,0.0,-0.533462942249592
0.0,0.04897959183687053,0.0,0.5333637963295865,0.4666362036704135,1748.0666398601072,0.0,-0.5333637963295865
0.0,0.04693877551033359,0.0,0.5333021152005486,0.4666978847994514,1748.158712836895,0.0,-0.5333021152005486
0.0,0.044897959183798,0.0,0.5332801666583372,0.4667198333416628,1748.1914783191364,0.0,-0.5332801666583372
0.0,0.04285714285726103,0.0,0.5332992135628976,0.46670078643710244,1748.1630444234606,0.0,-0.5332992135628976
0.0,0.04081632653072545,0.0,0.5333594745421828,0.4666405254578172,1748.0730907851798,0.0,-0.5333594745421828
0.0,0.03877551020418851,0.0,0.5334601068039355,0.4665398931960645,1747.9228941795461,0.0,-0.5334601068039355
0.0,0.03673469387765291,0.0,0.5335992115808319,0.4664007884191681,1747.7153187078045,0.0,-0.5335992115808319
0.0,0.0346938775511154,0.0,0.5337738631308135,0.46622613686918646,1747.4547692904075,0.0,-0.5337738631308135
0.0,0.03265306122458009,0.0,0.5339801624938578,0.4660198375061422,1747.147106956803,0.0,-0.5339801624938578
0.0,0.03061224489804315,0.0,0.5342133172310705,0.46578668276892954,1746.7995245323145,0.0,-0.5342133172310705
0.0,0.02857142857150723,0.0,0.5344677480370088,0.4655322519629912,1746.420381939411,0.0,-0.5344677480370088
0.0,0.02653061224497093,0.0,0.5347372223675189,0.46526277763248114,1746.0190015180513,0.0,-0.5347372223675189
0.0,0.02448979591843438,0.0,0.5350150140709073,0.46498498592909265,1745.6054255018166,0.0,-0.5350150140709073
0.0,0.02244897959190066,0.0,0.5352940865224133,0.4647059134775867,1745.1901399449905,0.0,-0.5352940865224133
0.0,0.02040816326536153,0.0,0.5355672950710397,0.46443270492896027,1744.7837717836182,0.0,-0.5355672950710397
0.0,0.01836734693882783,0.0,0.5358276028865508,0.46417239711344915,1744.3967680809687,0.0,-0.5358276028865508
0.0,0.01632653061228896,0.0,0.5360683027357764,0.46393169726422356,1744.0390685860036,0.0,-0.5360683027357764
0.0,0.01428571428575497,0.0,0.5362832360088335,0.46371676399116646,1743.7197842720234,0.0,-0.5362832360088335
0.0,0.01224489795921672,0.0,0.5364669996154857,0.4635330003845143,1743.4468953218864,0.0,-0.5364669996154857
0.0,0.01020408163268212,0.0,0.5366151312877449,0.46338486871225515,1743.226981961713,0.0,-0.5366151312877449
0.0,0.008163265306144474,0.0,0.536724264403567,0.463275735596433,1743.0650005786745,0.0,-0.536724264403567
0.0,0.006122448979609271,0.0,0.5367922446687315,0.46320775533126846,1742.9641157388508,0.0,-0.5367922446687315
0.0,0.004081632653072237,0.0,0.5368182027792028,0.4631817972207972,1742.9255961718914,0.0,-0.5368182027792028
0.0,0.002040816326536424,0.0,0.5368025794028358,0.4631974205971642,1742.9487796928022,0.0,-0.5368025794028358
0.002040816326527125,0.002040816326536229,0.0,0.5365511745307026,0.46344882546929744,1743.3219240962985,0.0,-0.5365511745307026
0.002040816326527319,0.004081632653071856,0.0,0.5365523592455815,0.46344764075441847,1743.320165324009,0.0,-0.5365523592455815
0.002040816326527512,0.006122448979608672,0.0,0.5365127371525933,0.4634872628474067,1743.3789883551724,0.0,-0.5365127371525933
0.002040816326527706,0.008163265306143721,0.0,0.5364316239891813,0.4635683760108187,1743.4994214870042,0.0,-0.5364316239891813
0.0020408163265279,0.01020408163268116,0.0,0.5363096281455891,0.46369037185441087,1743.6805866964328,0.0,-0.5363096281455891
0.002040816326528094,0.01224489795921562,0.0,0.5361486389611854,0.46385136103881464,1743.919715089765,0.0,-0.5361486389611854
0.002040816326528287,0.0142857142857536,0.0,0.5359517672071076,0.4640482327928924,1744.212231511264,0.0,-0.5359517672071076
0.00204081632652848,0.01632653061228741,0.0,0.535723240675956,0.464276759324044,1744.5519043934546,0.0,-0.535723240675956
0.002040816326528674,0.01836734693882598,0.0,0.5354682601055137,0.46453173989448626,1744.9310537132696,0.0,-0.5354682601055137
0.002040816326528869,0.02040816326535948,0.0,0.5351928225904541,0.4648071774095459,1745.3408071757144,0.0,-0.5351928225904541
0.002040816326529062,0.02244897959189832,0.0,0.534903521036595,0.465096478963405,1745.7713926825213,0.0,-0.534903521036595
0.002040816326529256,0.02448979591843185,0.0,0.5346073289863097,0.4653926710136903,1746.212453905948,0.0,-0.5346073289863097
0.00204081632652945,0.02653061224496816,0.0,0.5343113802502086,0.46568861974979137,1746.6533754547727,0.0,-0.5343113802502086
0.002040816326529643,0.02857142857150422,0.0,0.534022752244797,0.465977247755203,1747.0836046812929,0.0,-0.534022752244797
0.002040816326529837,0.03061224489803992,0.0,0.5337482608492119,0.4662517391507881,1747.492958535532,0.0,-0.5337482608492119
0.00204081632653003,0.0326530612245766,0.0,0.5334942731029504,0.4665057268970496,1747.8719058439067,0.0,-0.5334942731029504
0.002040816326530225,0.0346938775511117,0.0,0.5332665423546301,0.4667334576453699,1748.211817731096,0.0,-0.5332665423546301
0.002040816326530418,0.03673469387764895,0.0,0.5330700687368815,0.46692993126311855,1748.5051813424986,0.0,-0.5330700687368815
0.002040816326530612,0.03877551020418427,0.0,0.5329089862694132,0.4670910137305868,1748.7457742946563,0.0,-0.5329089862694132
0.002040816326530805,0.04081632653072096,0.0,0.5327864766292671,0.46721352337073285,1748.9287991605986,0.0,-0.5327864766292671
0.002040816326531,0.04285714285725634,0.0,0.5327047087674286,0.4672952912325714,1749.0509786383514,0.0,-0.5327047087674286
0.002040816326531193,0.04489795918379306,0.0,0.5326648031224366,0.4673351968775634,1749.1106127979538,0.0,-0.5326648031224366
0.002040816326531387,0.04693877551032843,0.0,0.5326668191474999,0.4673331808525001,1749.1075999948187,0.0,-0.5326668191474999
0.00204081632653158,0.04897959183686512,0.0,0.5327097651344355,0.46729023486556454,1749.0434227997187,0.0,-0.5327097651344355
0.002040816326531774,0.0510204081633954,0.0,0.532791629751644,0.46720837024835604,1748.9210998147412,0.0,-0.532791629751644
0.002040816326531969,0.05306122448992059,0.0,0.5329094351607723,0.46709056483922773,1748.7451037380263,0.0,-0.5329094351607723
0.002040816326532162,0.0551020408164458,0.0,0.533059311887014,0.46694068811298595,1748.5212457225612,0.0,-0.533059311887014
0.002040816326532355,0.05714285714297097,0.0,0.5332365956652664,0.4667634043347336,1748.2565261234356,0.0,-0.5332365956652664
0.00204081632653255,0.05918367346949616,0.0,0.533435946185552,0.466564053814448,1747.95895225741,0.0,-0.533435946185552
0.002040816326532743,0.06122448979602137,0.0,0.5336514869886861,0.46634851301131386,1747.6373248396171,0.0,-0.5336514869886861
0.002040816326532937,0.06326530612254654,0.0,0.5338769647499966,0.4661230352500034,1747.3009962576698,0.0,-0.5338769647499966
0.002040816326533131,0.06530612244907176,0.0,0.5341059249250987,0.4658940750749013,1746.9596056551557,0.0,-0.5341059249250987
0.002040816326533324,0.06734693877559692,0.0,0.5343318993531128,0.46566810064688724,1746.6227977243602,0.0,-0.5343318993531128
0.002040816326533518,0.06938775510212215,0.0,0.5345486000828656,0.46545139991713436,1746.2999339185185,0.0,-0.5345486000828656
0.002040816326533712,0.07142857142864732,0.0,0.5347501125757178,0.4652498874242822,1745.9998062529316,0.0,-0.5347501125757178
0.002040816326533905,0.07346938775517252,0.0,0.5349310806967438,0.4650689193032562,1745.7303647698643,0.0,-0.5349310806967438
0.002040816326534099,0.07551020408169774,0.0,0.5350868756490729,0.46491312435092713,1745.4984699501592,0.0,-0.5350868756490729
0.002040816326534293,0.07755102040822283,0.0,0.5352137412980226,0.46478625870197743,1745.3096807957083,0.0,-0.5352137412980226
0.002040816326534487,0.07959183673474811,0.0,0.5353089091779746,0.4646910908220254,1745.1680879920827,0.0,-0.5353089091779746
0.00204081632653468,0.08163265306127325,0.0,0.5353706778244819,0.4646293221755181,1745.076199575194,0.0,-0.5353706778244819
0.002040816326534874,0.08367346938779849,0.0,0.5353984528262656,0.46460154717373436,1745.0348840164975,0.0,-0.5353984528262656
0.002040816326535068,0.08571428571432364,0.0,0.5353927460092783,0.46460725399072167,1745.04337279712,0.0,-0.5353927460092783
0.002040816326535261,0.0877551020408489,0.0,0.5353551342891949,0.4646448657108051,1745.0993215740027,0.0,-0.5353551342891949
0.002040816326535455,0.08979591836737402,0.0,0.5352881807955949,0.4647118192044051,1745.1989261648714,0.0,-0.5352881807955949
0.002040816326535648,0.09183673469389927,0.0,0.5351953227267215,0.46480467727327845,1745.3370869930377,0.0,-0.5351953227267215
0.002040816326535842,0.09387755102042443,0.0,0.5350807319074885,0.4649192680925115,1745.5076135073605,0.0,-0.5350807319074885
0.002040816326536036,0.09591836734694965,0.0,0.534949155099023,0.46505084490097703,1745.7034585548558,0.0,-0.534949155099023
0.002040816326536231,0.09795918367347481,0.0,0.5348057416908918,0.4651942583091082,1745.9169718099813,0.0,-0.5348057416908918
0.004081632653053947,0.002040816326536036,0.0,0.5363907637810521,0.4636092362189479,1743.5600951658962,0.0,-0.5363907637810521
0.004081632653054328,0.004081632653071474,0.0,0.5363719890985577,0.46362801090144234,1743.5879752714177,0.0,-0.5363719890985577
0.004081632653054708,0.006122448979608073,0.0,0.5363135329249749,0.46368646707502514,1743.6747874715772,0.0,-0.5363135329249749
0.00408163265305509,0.00816326530614297,0.0,0.5362144935611584,0.46378550643884164,1743.8218887613389,0.0,-0.5362144935611584
0.004081632653055473,0.01020408163268021,0.0,0.5360752359753564,0.46392476402464355,1744.0287674033643,0.0,-0.5360752359753564
0.004081632653055852,0.01224489795921452,0.0,0.5358973928018922,0.4641026071981078,1744.2930395043234,0.0,-0.5358973928018922
0.004081632653056234,0.01428571428575223,0.0,0.5356838178356877,0.46431618216431225,1744.610514338891,0.0,-0.5356838178356877
0.004081632653056615,0.01632653061228586,0.0,0.5354384941949992,0.4645615058050008,1744.9753255723772,0.0,-0.5354384941949992
0.004081632653056996,0.01836734693882412,0.0,0.5351664016879344,0.4648335983120656,1745.3801222357447,0.0,-0.5351664016879344
0.004081632653057376,0.02040816326535742,0.0,0.5348733499599385,0.4651266500400615,1745.8163104076743,0.0,-0.5348733499599385
0.004081632653057759,0.02244897959189597,0.0,0.5345657855594559,0.4654342144405441,1746.274334275152,0.0,-0.5345657855594559
0.004081632653058138,0.02448979591842932,0.0,0.5342505820192827,0.46574941798071734,1746.7439837484974,0.0,-0.5342505820192827
0.00408163265305852,0.02653061224496538,0.0,0.533934822349636,0.46606517765036404,1747.2147152037953,0.0,-0.533934822349636
0.004081632653058901,0.02857142857150121,0.0,0.533625582979671,0.466374417020329,1747.6759722354611,0.0,-0.533625582979671
0.004081632653059282,0.03061224489803668,0.0,0.5333297272383751,0.46667027276162487,1748.117494452625,0.0,-0.5333297272383751
0.004081632653059663,0.03265306122457312,0.0,0.5330537150657289,0.46694628493427115,1748.5296041844917,0.0,-0.5330537150657289
0.004081632653060043,0.03469387755110802,0.0,0.5328034339674351,0.4671965660325649,1748.9034632408927,0.0,-0.5328034339674351
0.004081632653060425,0.03673469387764499,0.0,0.5325840544700012,0.46741594552999877,1749.2312943321556,0.0,-0.5325840544700012
0.004081632653060806,0.03877551020418004,0.0,0.532399911691504,0.467600088308496,1749.5065641100844,0.0,-0.532399911691504
0.004081632653061188,0.04081632653071649,0.0,0.5322544132806774,0.46774558671932265,1749.7241268063492,0.0,-0.5322544132806774
0.004081632653061568,0.04285714285725162,0.0,0.5321499730058351,0.4678500269941649,1749.8803289398381,0.0,-0.5321499730058351
0.004081632653061947,0.04489795918378808,0.0,0.5320879687444048,0.4679120312555952,1749.9730764545236,0.0,-0.5320879687444048
0.004081632653062331,0.04693877551032323,0.0,0.5320687235153274,0.4679312764846726,1750.0018659457273,0.0,-0.5320687235153274
0.004081632653062711,0.04897959183685969,0.0,0.5320915084308763,0.46790849156912373,1749.9677814389474,0.0,-0.5320915084308763
0.004081632653063093,0.05102040816338998,0.0,0.5321545668952391,0.4678454331047609,1749.8734576771117,0.0,-0.5321545668952391
0.004081632653063475,0.05306122448991542,0.0,0.5322551598906543,0.4677448401093457,1749.72301026786,0.0,-0.5322551598906543
0.004081632653063855,0.05510204081644081,0.0,0.5323896326093579,0.4676103673906421,1749.5219325693486,0.0,-0.5323896326093579
0.004081632653064235,0.05714285714296626,0.0,0.5325535028701547,0.4674464971298453,1749.276959051973,0.0,-0.5325535028701547
0.004081632653064618,0.05918367346949164,0.0,0.5327415715990004,0.4672584284009996,1748.9958952083102,0.0,-0.5327415715990004
0.004081632653064997,0.0612244897960171,0.0,0.5329480551034518,0.4670519448965482,1748.6874149590597,0.0,-0.5329480551034518
0.004081632653065379,0.06326530612254248,0.0,0.5331667379422694,0.46683326205773057,1748.360827893169,0.0,-0.5331667379422694
0.004081632653065759,0.06530612244906793,0.0,0.5333911439561173,0.4666088560438827,1748.0258204715967,0.0,-0.5333911439561173
0.004081632653066141,0.06734693877559333,0.0,0.5336147216081494,0.4663852783918506,1747.6921773294039,0.0,-0.5336147216081494
0.00408163265306652,0.06938775510211878,0.0,0.5338310383458911,0.4661689616541089,1747.3694907958707,0.0,-0.5338310383458911
0.004081632653066902,0.07142857142864417,0.0,0.5340339774149028,0.46596602258509723,1747.0668684691236,0.0,-0.5340339774149028
0.004081632653067284,0.0734693877551696,0.0,0.534217929598437,0.46578207040156305,1746.792649902178,0.0,-0.534217929598437
0.004081632653067665,0.07551020408169505,0.0,0.5343779718630957,0.46562202813690434,1746.554144003997,0.0,-0.5343779718630957
0.004081632653068047,0.07755102040822034,0.0,0.5345100249476508,0.46548997505234924,1746.3573985265884,0.0,-0.5345100249476508
0.004081632653068427,0.07959183673474585,0.0,0.5346109825715513,0.46538901742844874,1746.2070119743416,0.0,-0.5346109825715513
0.004081632653068809,0.08163265306127121,0.0,0.5346788061313481,0.4653211938686519,1746.1059964928982,0.0,-0.5346788061313481
0.004081632653069188,0.08367346938779671,0.0,0.5347125804120498,0.46528741958795017,1746.0556979004994,0.0,-0.5347125804120498
0.00408163265306957,0.08571428571432202,0.0,0.5347125278367784,0.46528747216322164,1746.0557761963516,0.0,-0.5347125278367784
0.004081632653069951,0.08775510204084754,0.0,0.534679980953275,0.46532001904672504,1746.1042468321782,0.0,-0.534679980953275
0.004081632653070331,0.08979591836737287,0.0,0.5346173150384251,0.46538268496157487,1746.1975799901895,0.0,-0.5346173150384251
0.004081632653070713,0.09183673469389836,0.0,0.5345278447244752,0.46547215527552477,1746.3308522911568,0.0,-0.5345278447244752
0.004081632653071093,0.09387755102042375,0.0,0.5344156902643986,0.4655843097356014,1746.4979429533194,0.0,-0.5344156902643986
0.004081632653071474,0.09591836734694921,0.0,0.5342856203420306,0.46571437965796936,1746.6917645906717,0.0,-0.5342856203420306
0.004081632653071856,0.09795918367347459,0.0,0.5341428791196421,0.4658571208803579,1746.9045176814882,0.0,-0.5341428791196421
0.006122448979580526,0.002040816326535842,0.0,0.5363483601591184,0.46365163984088165,1743.623065138709,0.0,-0.5363483601591184
0.006122448979581126,0.004081632653071093,0.0,0.5363065823202282,0.4636934176797718,1743.6851102633143,0.0,-0.5363065823202282
0.006122448979581725,0.006122448979607475,0.0,0.5362265839410344,0.4637734160589656,1743.8039298192841,0.0,-0.5362265839410344
0.006122448979582323,0.00816326530614222,0.0,0.5361072631741849,0.4638927368258151,1743.9811840087934,0.0,-0.5361072631741849
0.006122448979582923,0.01020408163267925,0.0,0.5359487510690351,0.46405124893096494,1744.2167137193644,0.0,-0.5359487510690351
0.006122448979583519,0.01224489795921342,0.0,0.5357524248675691,0.46424757513243087,1744.5085187858729,0.0,-0.5357524248675691
0.006122448979584119,0.01428571428575087,0.0,0.5355208745113373,0.46447912548866266,1744.8528039984292,0.0,-0.5355208745113373
0.00612244897958472,0.0163265306122843,0.0,0.5352578237786317,0.46474217622136826,1745.2440910835517,0.0,-0.5352578237786317
0.006122448979585319,0.01836734693882228,0.0,0.5349680098576867,0.46503199014231333,1745.675391556708,0.0,-0.5349680098576867
0.006122448979585916,0.02040816326535538,0.0,0.5346570272888491,0.4653429727111509,1746.138432328841,0.0,-0.5346570272888491
0.006122448979586516,0.02244897959189363,0.0,0.5343311439066917,0.4656688560933083,1746.6239234776451,0.0,-0.5343311439066917
0.006122448979587115,0.02448979591842679,0.0,0.5339970975482026,0.46600290245179743,1747.1218558574537,0.0,-0.5339970975482026
0.006122448979587714,0.02653061224496262,0.0,0.5336618827834755,0.4663381172165245,1747.6218153504851,0.0,-0.5336618827834755
0.006122448979588311,0.02857142857149821,0.0,0.5333325367528211,0.4666674632471789,1748.1133006065018,0.0,-0.5333325367528211
0.006122448979588911,0.03061224489803345,0.0,0.5330159324092121,0.4669840675907879,1748.5860320354554,0.0,-0.5330159324092121
0.006122448979589511,0.03265306122456964,0.0,0.5327185861824552,0.46728141381754484,1749.0302414730672,0.0,-0.5327185861824552
0.006122448979590111,0.03469387755110431,0.0,0.5324464854671824,0.46755351453281757,1749.4369341188637,0.0,-0.5324464854671824
0.006122448979590708,0.03673469387764104,0.0,0.5322049395862605,0.4677950604137395,1749.798116783514,0.0,-0.5322049395862605
0.006122448979591305,0.0387755102041758,0.0,0.5319984561937731,0.46800154380622694,1750.1069888948898,0.0,-0.5319984561937731
0.006122448979591904,0.040816326530712,0.0,0.531830643633713,0.468169356366287,1750.3580948401116,0.0,-0.531830643633713
0.006122448979592505,0.04285714285724693,0.0,0.5317041386926388,0.4682958613073612,1750.5474378628815,0.0,-0.5317041386926388
0.006122448979593104,0.04489795918378315,0.0,0.5316205585461518,0.46837944145384824,1750.6725567756657,0.0,-0.5316205585461518
0.006122448979593703,0.04693877551031806,0.0,0.531580475501797,0.468419524498203,1750.7325671671151,0.0,-0.531580475501797
0.0061224489795943,0.04897959183685427,0.0,0.5315834133220013,0.4684165866779987,1750.7281686653635,0.0,-0.5315834133220013
0.006122448979594898,0.05102040816338454,0.0,0.5316278643543183,0.4683721356456817,1750.6616193169975,0.0,-0.5316278643543183
0.006122448979595498,0.05306122448991023,0.0,0.5317113272522493,0.46828867274775066,1750.5366774731065,0.0,-0.5317113272522493
0.0061224489795961,0.05510204081643585,0.0,0.5318303655753289,0.4681696344246711,1750.3585109719436,0.0,-0.5318303655753289
0.006122448979596696,0.05714285714296151,0.0,0.531980687859359,0.46801931214064096,1750.133573091516,0.0,-0.531980687859359
0.006122448979597296,0.05918367346948711,0.0,0.5321572497258525,0.46784275027414746,1749.8694448858332,0.0,-0.5321572497258525
0.006122448979597894,0.0612244897960128,0.0,0.5323543781821977,0.46764562181780234,1749.574644212643,0.0,-0.5323543781821977
0.006122448979598493,0.06326530612253842,0.0,0.5325659174394665,0.46743408256053354,1749.2584030150463,0.0,-0.5325659174394665
0.006122448979599091,0.0653061224490641,0.0,0.5327853943954328,0.4672146056045672,1748.930416148585,0.0,-0.5327853943954328
0.00612244897959969,0.0673469387755897,0.0,0.5330062005068265,0.46699379949317354,1748.6005670807626,0.0,-0.5330062005068265
0.00612244897960029,0.0693877551021154,0.0,0.5332217852623948,0.46677821473760517,1748.2786379035704,0.0,-0.5332217852623948
0.006122448979600888,0.07142857142864101,0.0,0.53342585504669,0.46657414495330995,1747.9740130355121,0.0,-0.53342585504669
0.006122448979601488,0.07346938775516665,0.0,0.5336125700340346,0.4663874299659654,1747.6953874993094,0.0,-0.5336125700340346
0.006122448979602085,0.07551020408169234,0.0,0.5337767310299609,0.4662232689700391,1747.450491537212,0.0,-0.5337767310299609
0.006122448979602684,0.0775510204082178,0.0,0.5339139479972056,0.4660860520027944,1747.245843427021,0.0,-0.5339139479972056
0.006122448979603284,0.07959183673474363,0.0,0.5340207824215052,0.4659792175784948,1747.0865416302634,0.0,-0.5340207824215052
0.006122448979603881,0.08163265306126913,0.0,0.5340948566824987,0.4659051433175013,1746.9761058671356,0.0,-0.5340948566824987
0.006122448979604481,0.08367346938779494,0.0,0.5341349251301003,0.4658650748698997,1746.9163744768719,0.0,-0.5341349251301003
0.006122448979605079,0.0857142857143204,0.0,0.5341409035086987,0.4658590964913013,1746.9074626558427,0.0,-0.5341409035086987
0.006122448979605679,0.08775510204084619,0.0,0.5341138555654047,0.4658861444345953,1746.9477830804797,0.0,-0.5341138555654047
0.006122448979606278,0.08979591836737173,0.0,0.5340559379489138,0.4659440620510862,1747.0341272505523,0.0,-0.5340559379489138
0.006122448979606876,0.09183673469389747,0.0,0.5339703066740332,0.4660296933259668,1747.16180286334,0.0,-0.5339703066740332
0.006122448979607475,0.09387755102042304,0.0,0.5338609903287401,0.4661390096712599,1747.324819865384,0.0,-0.5338609903287401
0.006122448979608073,0.09591836734694877,0.0,0.5337327366990838,0.46626726330091617,1747.5161157055331,0.0,-0.5337327366990838
0.006122448979608672,0.09795918367347435,0.0,0.5335908404855683,0.46640915951443174,1747.7278088619898,0.0,-0.5335908404855683
0.008163265306108388,0.002040816326535649,0.0,0.5364286037566312,0.46357139624336885,1743.5039061120915,0.0,-0.5364286037566312
0.008163265306109136,0.004081632653070713,0.0,0.5363634845936607,0.4636365154063393,1743.6006046196308,0.0,-0.5363634845936607
0.008163265306109889,0.006122448979606875,0.0,0.5362619333667954,0.4637380666332046,1743.7514242203877,0.0,-0.5362619333667954
0.008163265306110641,0.008163265306141464,0.0,0.5361226559665042,0.4638773440334958,1743.9583155797843,0.0,-0.5361226559665042
0.008163265306111393,0.0102040816326783,0.0,0.5359455499820358,0.4640544500179642,1744.2214708006836,0.0,-0.5359455499820358
0.008163265306112145,0.01224489795921232,0.0,0.5357317300993922,0.46426826990060777,1744.539283681047,0.0,-0.5357317300993922
0.008163265306112893,0.0142857142857495,0.0,0.5354835078097255,0.46451649219027447,1744.908376150194,0.0,-0.5354835078097255
0.008163265306113646,0.01632653061228274,0.0,0.5352043260911333,0.46479567390886667,1745.3236901905232,0.0,-0.5352043260911333
0.008163265306114399,0.01836734693882043,0.0,0.5348986521026483,0.4651013478973517,1745.7786412378318,0.0,-0.5348986521026483
0.008163265306115153,0.02040816326535332,0.0,0.5345718331109768,0.4654281668890232,1746.2653259655328,0.0,-0.5345718331109768
0.008163265306115901,0.02244897959189128,0.0,0.5342299226824503,0.4657700773175497,1746.7747747326475,0.0,-0.5342299226824503
0.008163265306116654,0.02448979591842427,0.0,0.5338794854683112,0.4661205145316888,1747.2972370193636,0.0,-0.5338794854683112
0.008163265306117407,0.02653061224495985,0.0,0.5335273895907603,0.4664726104092397,1747.8224870409479,0.0,-0.5335273895907603
0.008163265306118161,0.02857142857149521,0.0,0.5331805956607716,0.4668194043392284,1748.3401364988927,0.0,-0.5331805956607716
0.008163265306118911,0.03061224489803022,0.0,0.5328459508545774,0.4671540491454226,1748.8399420856833,0.0,-0.5328459508545774
0.008163265306119662,0.03265306122456615,0.0,0.5325299953390662,0.4674700046609338,1749.3120967996804,0.0,-0.5325299953390662
0.008163265306120411,0.03469387755110061,0.0,0.5322387868180668,0.4677612131819332,1749.7474961580242,0.0,-0.5322387868180668
0.008163265306121166,0.03673469387763709,0.0,0.5319777472598152,0.46802225274018483,1750.137972764475,0.0,-0.5319777472598152
0.008163265306121917,0.03877551020417157,0.0,0.5317515341610088,0.46824846583899116,1750.4764951139023,0.0,-0.5317515341610088
0.008163265306122668,0.04081632653070753,0.0,0.5315639371901677,0.4684360628098323,1750.7573287247426,0.0,-0.5315639371901677
0.008163265306123421,0.04285714285724223,0.0,0.5314177998788593,0.4685822001211407,1750.9761594625688,0.0,-0.5314177998788593
0.008163265306124174,0.04489795918377819,0.0,0.5313149652825537,0.46868503471744627,1751.1301801081504,0.0,-0.5313149652825537
0.008163265306124925,0.04693877551031291,0.0,0.5312562442356739,0.46874375576432614,1751.2181417842505,0.0,-0.5312562442356739
0.00816326530612568,0.04897959183684884,0.0,0.53124140493333,0.46875859506666995,1751.2403718382507,0.0,-0.53124140493333
0.00816326530612643,0.05102040816337912,0.0,0.5312691829834341,0.46873081701656594,1751.1987593213712,0.0,-0.5312691829834341
0.008163265306127182,0.05306122448990505,0.0,0.5313373116442802,0.4686626883557198,1751.0967085125974,0.0,-0.5313373116442802
0.008163265306127935,0.05510204081643087,0.0,0.5314425725309049,0.4685574274690951,1750.9390602413835,0.0,-0.5314425725309049
0.008163265306128684,0.05714285714295678,0.0,0.5315808674779181,0.4684191325220819,1750.7319802995432,0.0,-0.5315808674779181
0.008163265306129435,0.05918367346948259,0.0,0.531747312351392,0.46825268764860795,1750.4828141932044,0.0,-0.531747312351392
0.008163265306130188,0.06122448979600853,0.0,0.5319363533163918,0.4680636466836082,1750.199907996964,0.0,-0.5319363533163918
0.008163265306130943,0.06326530612253435,0.0,0.5321419053565015,0.4678580946434985,1749.8923961737746,0.0,-0.5321419053565015
0.00816326530613169,0.06530612244906028,0.0,0.5323575117384131,0.46764248826158694,1749.5699588597668,0.0,-0.5323575117384131
0.008163265306132445,0.0673469387755861,0.0,0.53257652171189,0.46742347828811004,1749.2425531377396,0.0,-0.53257652171189
0.008163265306133193,0.06938775510211201,0.0,0.5327922821784096,0.46720771782159043,1748.9201250204255,0.0,-0.5327922821784096
0.00816326530613395,0.07142857142863784,0.0,0.5329983375289887,0.46700166247101127,1748.6123109775058,0.0,-0.5329983375289887
0.0081632653061347,0.07346938775516373,0.0,0.5331886305314681,0.46681136946853186,1748.3281396056693,0.0,-0.5331886305314681
0.008163265306135451,0.07551020408168962,0.0,0.5333576962132484,0.46664230378675164,1748.0757452254365,0.0,-0.5333576962132484
0.008163265306136204,0.0775510204082153,0.0,0.5335008402729643,0.4664991597270357,1747.862105618735,0.0,-0.5335008402729643
0.008163265306136955,0.0795918367347414,0.0,0.53361429374525,0.46638570625474995,1747.692815704151,0.0,-0.53361429374525
0.008163265306137708,0.08163265306126706,0.0,0.5336953364544315,0.46630466354556854,1747.5719076777018,0.0,-0.5336953364544315
0.00816326530613846,0.08367346938779313,0.0,0.5337423831794467,0.46625761682055333,1747.5017261058058,0.0,-0.5337423831794467
0.008163265306139209,0.08571428571431881,0.0,0.5337550283101019,0.4662449716898981,1747.4828637954645,0.0,-0.5337550283101019
0.008163265306139965,0.08775510204084486,0.0,0.5337340469562288,0.46626595304377116,1747.5141611885165,0.0,-0.5337340469562288
0.008163265306140715,0.0897959183673706,0.0,0.5336813528006881,0.46631864719931193,1747.5927687669632,0.0,-0.5336813528006881
0.008163265306141467,0.09183673469389658,0.0,0.5335999152786113,0.4664000847213887,1747.7142687584974,0.0,-0.5335999152786113
0.00816326530614222,0.09387755102042236,0.0,0.5334936407402775,0.4665063592597225,1747.8728495281218,0.0,-0.5334936407402775
0.00816326530614297,0.09591836734694828,0.0,0.5333672239585899,0.46663277604141007,1748.061523636309,0.0,-0.5333672239585899
0.008163265306143724,0.09795918367347414,0.0,0.5332259775564926,0.4667740224435074,1748.2723787945695,0.0,-0.5332259775564926
0.0102040816326362,0.002040816326535455,0.0,0.5366129084120743,0.4633870915879257,1743.230281589097,0.0,-0.5366129084120743
0.01020408163263716,0.004081632653070332,0.0,0.536526798993351,0.463473201006649,1743.3581116664545,0.0,-0.536526798993351
0.01020408163263812,0.006122448979606279,0.0,0.5364063702250541,0.4635936297749459,1743.5369205228578,0.0,-0.5364063702250541
0.01020408163263907,0.008163265306140716,0.0,0.536250135751488,0.46374986424851194,1743.7689472329198,0.0,-0.536250135751488
0.01020408163264003,0.01020408163267734,0.0,0.5360577521434139,0.4639422478565861,1744.0547445476457,0.0,-0.5360577521434139
0.01020408163264099,0.01224489795921122,0.0,0.5358300563732477,0.46416994362675235,1744.3931212605962,0.0,-0.5358300563732477
0.01020408163264194,0.01428571428574814,0.0,0.5355690590807161,0.46443094091928394,1744.781148624939,0.0,-0.5355690590807161
0.0102040816326429,0.01632653061228119,0.0,0.5352778935351762,0.4647221064648238,1745.2142312039484,0.0,-0.5352778935351762
0.01020408163264386,0.01836734693881858,0.0,0.5349607225316496,0.4650392774683504,1745.6862392876474,0.0,-0.5349607225316496
0.01020408163264482,0.02040816326535127,0.0,0.5346226076613185,0.4653773923386815,1746.1896968948256,0.0,-0.5346226076613185
0.01020408163264577,0.02244897959188893,0.0,0.5342693472958903,0.46573065270410974,1746.716016640784,0.0,-0.5342693472958903
0.01020408163264673,0.02448979591842173,0.0,0.5339072910633016,0.4660927089366984,1747.255770604135,0.0,-0.5339072910633016
0.01020408163264768,0.02653061224495708,0.0,0.5335431394540628,0.46645686054593716,1747.7989849436399,0.0,-0.5335431394540628
0.01020408163264864,0.02857142857149221,0.0,0.5331837374234513,0.46681626257654874,1748.3354455025685,0.0,-0.5331837374234513
0.0102040816326496,0.03061224489802699,0.0,0.5328358704501142,0.46716412954988584,1748.855002012141,0.0,-0.5328358704501142
0.01020408163265055,0.03265306122456269,0.0,0.5325060705494783,0.4674939294505217,1749.3478596916057,0.0,-0.5325060705494783
0.01020408163265151,0.03469387755109693,0.0,0.5322004383533039,0.4677995616466961,1749.804848876041,0.0,-0.5322004383533039
0.01020408163265247,0.03673469387763312,0.0,0.5319244857310195,0.46807551426898053,1750.2176655495825,0.0,-0.5319244857310195
0.01020408163265342,0.03877551020416734,0.0,0.5316830017405811,0.46831699825941886,1750.579078047299,0.0,-0.5316830017405811
0.01020408163265438,0.04081632653070304,0.0,0.5314799431467205,0.46852005685327947,1750.8830974380053,0.0,-0.5314799431467205
0.01020408163265533,0.04285714285723752,0.0,0.5313183494912994,0.4686816505087006,1751.1251109740745,0.0,-0.5313183494912994
0.01020408163265629,0.04489795918377323,0.0,0.5312002818508349,0.4687997181491651,1751.3019793241072,0.0,-0.5312002818508349
0.01020408163265725,0.04693877551030771,0.0,0.531126784012749,0.46887321598725096,1751.4120990127185,0.0,-0.531126784012749
0.0102040816326582,0.04897959183684342,0.0,0.5310978648199904,0.46890213518000956,1751.4554316007577,0.0,-0.5310978648199904
0.01020408163265916,0.05102040816337368,0.0,0.5311125007879962,0.4688874992120038,1751.4335007630832,0.0,-0.5311125007879962
0.01020408163266012,0.05306122448989986,0.0,0.5311686586561066,0.46883134134389337,1751.349357746364,0.0,-0.5311686586561066
0.01020408163266107,0.05510204081642588,0.0,0.5312633381376977,0.46873666186230234,1751.207514945962,0.0,-0.5312633381376977
0.01020408163266203,0.05714285714295205,0.0,0.5313926356145362,0.4686073643854638,1751.0138467671595,0.0,-0.5313926356145362
0.01020408163266299,0.05918367346947807,0.0,0.531551829734098,0.468448170265902,1750.7754567430334,0.0,-0.531551829734098
0.01020408163266395,0.06122448979600423,0.0,0.5317354897051483,0.4682645102948517,1750.5005102218981,0.0,-0.5317354897051483
0.0102040816326649,0.06326530612253027,0.0,0.5319376064926535,0.46806239350734646,1750.198032881421,0.0,-0.5319376064926535
0.01020408163266586,0.0653061224490565,0.0,0.5321517460979235,0.4678482539020765,1749.8776768492278,0.0,-0.5321517460979235
0.01020408163266681,0.06734693877558247,0.0,0.5323712227486885,0.46762877725131147,1749.5494581914409,0.0,-0.5323712227486885
0.01020408163266777,0.06938775510210864,0.0,0.5325892882487749,0.46741071175122506,1749.2234717718097,0.0,-0.5325892882487749
0.01020408163266873,0.07142857142863471,0.0,0.5327993321215085,0.46720066787849146,1748.9095917320913,0.0,-0.5327993321215085
0.01020408163266969,0.0734693877551608,0.0,0.5329950857171506,0.4670049142828494,1748.6171678276455,0.0,-0.5329950857171506
0.01020408163267064,0.07551020408168695,0.0,0.5331708223283678,0.46682917767163223,1748.354729317237,0.0,-0.5331708223283678
0.0102040816326716,0.07755102040821277,0.0,0.5333215447241054,0.4666784552758946,1748.1297088507033,0.0,-0.5333215447241054
0.01020408163267256,0.07959183673473917,0.0,0.5334431514760452,0.46655684852395485,1747.9481986962744,0.0,-0.5334431514760452
0.01020408163267351,0.081632653061265,0.0,0.5335325740552467,0.4664674259447533,1747.814750663457,0.0,-0.5335325740552467
0.01020408163267447,0.08367346938779137,0.0,0.5335878778953235,0.46641212210467653,1747.7322292592994,0.0,-0.5335878778953235
0.01020408163267542,0.08571428571431722,0.0,0.5336083223663873,0.46639167763361267,1747.7017250961644,0.0,-0.5336083223663873
0.01020408163267638,0.08775510204084354,0.0,0.5335943767439644,0.46640562325603563,1747.7225325398929,0.0,-0.5335943767439644
0.01020408163267734,0.08979591836736942,0.0,0.5335476916168125,0.4664523083831875,1747.792192280397,0.0,-0.5335476916168125
0.01020408163267829,0.09183673469389567,0.0,0.5334710275672176,0.46652897243278235,1747.9065961721162,0.0,-0.5334710275672176
0.01020408163267925,0.09387755102042167,0.0,0.5333681451878375,0.4666318548121625,1748.0601485757375,0.0,-0.5333681451878375
0.01020408163268021,0.09591836734694784,0.0,0.5332436623993843,0.46675633760061574,1748.2459757587255,0.0,-0.5332436623993843
0.01020408163268116,0.0979591836734739,0.0,0.5331028864656907,0.4668971135343093,1748.4561728637368,0.0,-0.5331028864656907
0.01224489795916384,0.002040816326535261,0.0,0.5368619141456762,0.4631380858543238,1742.860736172061,0.0,-0.5368619141456762
0.01224489795916495,0.004081632653069952,0.0,0.5367595912540059,0.46324040874599415,1743.0125729701208,0.0,-0.5367595912540059
0.01224489795916605,0.006122448979605677,0.0,0.5366253837510933,0.46337461624890675,1743.2117634095005,0.0,-0.5366253837510933
0.01224489795916715,0.008163265306139967,0.0,0.5364576083984556,0.4635423916015444,1743.460839207887,0.0,-0.5364576083984556
0.01224489795916825,0.01020408163267638,0.0,0.5362556680522386,0.46374433194776143,1743.7607300559557,0.0,-0.5362556680522386
0.01224489795916935,0.01224489795921012,0.0,0.5360201012528628,0.4639798987471372,1744.110688150916,0.0,-0.5360201012528628
0.01224489795917046,0.01428571428574677,0.0,0.5357525894754884,0.4642474105245116,1744.50827408367,0.0,-0.5357525894754884
0.01224489795917156,0.01632653061227964,0.0,0.535455921195995,0.46454407880400495,1744.9494055237806,0.0,-0.535455921195995
0.01224489795917266,0.01836734693881673,0.0,0.5351339141791991,0.4648660858208009,1745.4284670076572,0.0,-0.5351339141791991
0.01224489795917376,0.02040816326534921,0.0,0.5347912995876309,0.46520870041236906,1745.9384760448302,0.0,-0.5347912995876309
0.01224489795917486,0.02244897959188658,0.0,0.5344335734644301,0.4655664265355699,1746.4712979492163,0.0,-0.5344335734644301
0.01224489795917597,0.0244897959184192,0.0,0.5340668227019243,0.4659331772980757,1747.0178994990704,0.0,-0.5340668227019243
0.01224489795917706,0.02653061224495431,0.0,0.533697533640284,0.46630246635971595,1747.5686299179742,0.0,-0.533697533640284
0.01224489795917817,0.0285714285714892,0.0,0.5333323918702512,0.46666760812974883,1748.1135168765488,0.0,-0.5333323918702512
0.01224489795917927,0.03061224489802375,0.0,0.5329780816233897,0.46702191837661033,1748.6425652885603,0.0,-0.5329780816233897
0.01224489795918037,0.03265306122455919,0.0,0.5326410923721533,0.4673589076278467,1749.146047572226,0.0,-0.5326410923721533
0.01224489795918147,0.03469387755109322,0.0,0.532327539041475,0.467672460958525,1749.6147756345035,0.0,-0.532327539041475
0.01224489795918257,0.03673469387762916,0.0,0.5320430007135754,0.46795699928642465,1750.040346903217,0.0,-0.5320430007135754
0.01224489795918368,0.0387755102041631,0.0,0.5317923810759349,0.46820761892406515,1750.415359020235,0.0,-0.5317923810759349
0.01224489795918478,0.04081632653069856,0.0,0.5315797923091313,0.4684202076908687,1750.733590045723,0.0,-0.5315797923091313
0.01224489795918588,0.04285714285723281,0.0,0.5314084628036918,0.4685915371963082,1750.9901429602664,0.0,-0.5314084628036918
0.01224489795918698,0.0448979591837683,0.0,0.5312806681553476,0.4687193318446524,1751.181554699136,0.0,-0.5312806681553476
0.01224489795918808,0.04693877551030255,0.0,0.5311976843784069,0.46880231562159314,1751.3058708060023,0.0,-0.5311976843784069
0.01224489795918918,0.04897959183683801,0.0,0.5311597621934917,0.4688402378065083,1751.3626870439575,0.0,-0.5311597621934917
0.01224489795919028,0.05102040816336827,0.0,0.5311661215219575,0.4688338784780425,1751.3531590361113,0.0,-0.5311661215219575
0.01224489795919139,0.05306122448989467,0.0,0.5312149658364661,0.4687850341635339,1751.2799803920502,0.0,-0.5312149658364661
0.01224489795919249,0.05510204081642091,0.0,0.5313035166229597,0.4686964833770403,1751.1473290286722,0.0,-0.5313035166229597
0.01224489795919359,0.05714285714294729,0.0,0.5314280687385,0.4685719312615,1750.9607807530006,0.0,-0.5314280687385
0.01224489795919469,0.05918367346947355,0.0,0.5315840677472119,0.4684159322527881,1750.7271888635403,0.0,-0.5315840677472119
0.0122448979591958,0.06122448979599996,0.0,0.5317662102598851,0.46823378974011487,1750.4545287197434,0.0,-0.5317662102598851
0.0122448979591969,0.06326530612252622,0.0,0.5319685678186736,0.46803143218132637,1750.151707024048,0.0,-0.5319685678186736
0.012244897959198,0.06530612244905265,0.0,0.5321847339458499,0.46781526605415014,1749.8283369627497,0.0,-0.5321847339458499
0.0122448979591991,0.06734693877557886,0.0,0.532407992670131,0.46759200732986905,1749.494482268488,0.0,-0.532407992670131
0.0122448979592002,0.0693877551021053,0.0,0.5326315052726309,0.4673684947273691,1749.1603755191904,0.0,-0.5326315052726309
0.0122448979592013,0.07142857142863157,0.0,0.5328485103219743,0.46715148967802567,1748.836118332906,0.0,-0.5328485103219743
0.01224489795920241,0.07346938775515789,0.0,0.5330525304867021,0.4669474695132979,1748.531373280831,0.0,-0.5330525304867021
0.01224489795920351,0.07551020408168425,0.0,0.5332375783171902,0.4667624216828098,1748.255059053942,0.0,-0.5332375783171902
0.01224489795920461,0.07755102040821026,0.0,0.5333983523499777,0.4666016476500223,1748.0150614557353,0.0,-0.5333983523499777
0.01224489795920571,0.07959183673473691,0.0,0.533530414630589,0.46646958536941097,1747.8179729984179,0.0,-0.533530414630589
0.01224489795920681,0.08163265306126297,0.0,0.5336303411421016,0.4663696588578984,1747.668873183479,0.0,-0.5336303411421016
0.01224489795920791,0.08367346938778958,0.0,0.5336958376640631,0.46630416233593686,1747.571159972576,0.0,-0.5336958376640631
0.01224489795920901,0.08571428571431561,0.0,0.5337258152026976,0.4662741847973024,1747.5264406082285,0.0,-0.5337258152026976
0.01224489795921011,0.0877551020408422,0.0,0.5337204212050589,0.4662795787949411,1747.5344870021197,0.0,-0.5337204212050589
0.01224489795921122,0.0897959183673683,0.0,0.5336810251314233,0.46631897486857665,1747.5932575963789,0.0,-0.5336810251314233
0.01224489795921231,0.09183673469389478,0.0,0.5336101594216727,0.46638984057832733,1747.6989841708553,0.0,-0.5336101594216727
0.01224489795921342,0.09387755102042097,0.0,0.5335114192565165,0.46648858074348354,1747.8463187725044,0.0,-0.5335114192565165
0.01224489795921452,0.0959183673469474,0.0,0.5333893265988227,0.46661067340117734,1748.028533021303,0.0,-0.5333893265988227
0.01224489795921562,0.09795918367347367,0.0,0.5332491656482092,0.46675083435179077,1748.237759706165,0.0,-0.5332491656482092
0.01428571428568943,0.002040816326535068,0.0,0.5371211415059539,0.4628788584940461,1742.4761874245219,0.0,-0.5371211415059539
0.01428571428569079,0.004081632653069571,0.0,0.5370092885466192,0.4629907114533808,1742.6420939839095,0.0,-0.5370092885466192
0.01428571428569216,0.006122448979605079,0.0,0.536868301748834,0.46313169825116596,1742.8512584937635,0.0,-0.536868301748834
0.01428571428569352,0.008163265306139209,0.0,0.5366962959105184,0.4633037040894816,1743.1065100880824,0.0,-0.5366962959105184
0.01428571428569489,0.01020408163267542,0.0,0.5364924064802238,0.4635075935197762,1743.4091728493024,0.0,-0.5364924064802238
0.01428571428569625,0.01224489795920901,0.0,0.536256851211458,0.46374314878854195,1743.7589727087852,0.0,-0.536256851211458
0.01428571428569762,0.01428571428574541,0.0,0.5359909517517792,0.46400904824822076,1744.1540024233946,0.0,-0.5359909517517792
0.01428571428569898,0.01632653061227808,0.0,0.5356971135853559,0.4643028864146441,1744.5907471047778,0.0,-0.5356971135853559
0.01428571428570035,0.01836734693881488,0.0,0.535378764888292,0.46462123511170805,1745.0641697949814,0.0,-0.535378764888292
0.01428571428570172,0.02040816326534716,0.0,0.5350402570008778,0.46495974299912224,1745.567853562968,0.0,-0.5350402570008778
0.01428571428570308,0.02244897959188424,0.0,0.534686731199921,0.46531326880007895,1746.0941937668563,0.0,-0.534686731199921
0.01428571428570445,0.02448979591841667,0.0,0.5343239581053234,0.4656760418946766,1746.6346317080074,0.0,-0.5343239581053234
0.01428571428570581,0.02653061224495154,0.0,0.5339581572414467,0.4660418427585533,1747.1799190913277,0.0,-0.5339581572414467
0.01428571428570718,0.02857142857148619,0.0,0.5335958049019242,0.46640419509807585,1747.720401646553,0.0,-0.5335958049019242
0.01428571428570854,0.03061224489802052,0.0,0.5332434384984958,0.46675656150150424,1748.2463100322652,0.0,-0.5332434384984958
0.01428571428570991,0.03265306122455572,0.0,0.5329074650357696,0.4670925349642304,1748.7480467265088,0.0,-0.5329074650357696
0.01428571428571127,0.03469387755108951,0.0,0.5325939803320521,0.4674060196679479,1749.21645890503,0.0,-0.5325939803320521
0.01428571428571264,0.03673469387762519,0.0,0.5323086042414261,0.4676913957585739,1749.6430891406496,0.0,-0.5323086042414261
0.014285714285714,0.03877551020415888,0.0,0.532056335598248,0.46794366440175195,1750.0203978879756,0.0,-0.532056335598248
0.01428571428571537,0.04081632653069407,0.0,0.5318414290873087,0.4681585709126913,1750.3419538842302,0.0,-0.5318414290873087
0.01428571428571673,0.04285714285722811,0.0,0.531667294912165,0.468332705087835,1750.602590548239,0.0,-0.531667294912165
0.0142857142857181,0.04489795918376333,0.0,0.5315364211246513,0.46846357887534873,1750.7985279914835,0.0,-0.5315364211246513
0.01428571428571947,0.04693877551029736,0.0,0.5314503178704082,0.4685496821295918,1750.9274612381284,0.0,-0.5314503178704082
0.01428571428572083,0.04897959183683259,0.0,0.5314094826152147,0.4685905173847853,1750.9886156475618,0.0,-0.5314094826152147
0.0142857142857222,0.05102040816336283,0.0,0.5314133855984924,0.4685866144015076,1750.9827703999704,0.0,-0.5314133855984924
0.01428571428572356,0.05306122448988947,0.0,0.531460475211925,0.46853952478807503,1750.912250383483,0.0,-0.531460475211925
0.01428571428572493,0.05510204081641593,0.0,0.5315482035811966,0.4684517964188034,1750.7808861123608,0.0,-0.5315482035811966
0.01428571428572629,0.05714285714294257,0.0,0.5316730731759741,0.4683269268240259,1750.593940642407,0.0,-0.5316730731759741
0.01428571428572766,0.05918367346946901,0.0,0.5318307056286037,0.4681692943713963,1750.3580020608917,0.0,-0.5318307056286037
0.01428571428572902,0.06122448979599568,0.0,0.5320159339715639,0.4679840660284361,1750.080840204146,0.0,-0.5320159339715639
0.01428571428573039,0.06326530612252214,0.0,0.5322229191180566,0.46777708088194336,1749.7712269186543,0.0,-0.5322229191180566
0.01428571428573176,0.06530612244904882,0.0,0.5324452905787819,0.46755470942121813,1749.4387204641025,0.0,-0.5324452905787819
0.01428571428573312,0.06734693877557524,0.0,0.5326763101666477,0.46732368983335226,1749.0934164949995,0.0,-0.5326763101666477
0.01428571428573448,0.06938775510210192,0.0,0.5329090558901342,0.46709094410986585,1748.7456702947682,0.0,-0.5329090558901342
0.01428571428573585,0.0714285714286284,0.0,0.5331366215291344,0.46686337847086556,1748.4057973433253,0.0,-0.5331366215291344
0.01428571428573722,0.07346938775515494,0.0,0.5333523257130122,0.46664767428698783,1748.0837616046176,0.0,-0.5333523257130122
0.01428571428573858,0.07551020408168156,0.0,0.5335499228784246,0.4664500771215754,1747.7888628473786,0.0,-0.5335499228784246
0.01428571428573995,0.07755102040820774,0.0,0.5337238074577355,0.4662761925422645,1747.52943561512,0.0,-0.5337238074577355
0.01428571428574131,0.07959183673473469,0.0,0.5338692021817918,0.4661307978182082,1747.3125729577343,0.0,-0.5338692021817918
0.01428571428574268,0.0816326530612609,0.0,0.5339823215606134,0.4660176784393866,1747.143887628684,0.0,-0.5339823215606134
0.01428571428574404,0.08367346938778777,0.0,0.5340605024525317,0.46593949754746833,1747.0273221324403,0.0,-0.5340605024525317
0.01428571428574541,0.085714285714314,0.0,0.5341022950992268,0.4658977049007732,1746.9650168589326,0.0,-0.5341022950992268
0.01428571428574677,0.08775510204084087,0.0,0.5341075099830763,0.4658924900169237,1746.9572427226487,0.0,-0.5341075099830763
0.01428571428574814,0.08979591836736714,0.0,0.53407721819862,0.46592278180138,1747.0024014465864,0.0,-0.53407721819862
0.01428571428574951,0.09183673469389389,0.0,0.5340137055350677,0.46598629446493234,1747.0970931426195,0.0,-0.5340137055350677
0.01428571428575087,0.09387755102042031,0.0,0.5339203829420627,0.4660796170579373,1747.2362473991125,0.0,-0.5339203829420627
0.01428571428575223,0.09591836734694695,0.0,0.533801658302201,0.46619834169779895,1747.4133109450258,0.0,-0.533801658302201
0.0142857142857536,0.09795918367347342,0.0,0.5336627762897254,0.46633722371027464,1747.6204823411094,0.0,-0.5336627762897254
0.01632653061221436,0.002040816326534874,0.0,0.537329425061567,0.462670574938433,1742.1673337824925,0.0,-0.537329425061567
0.01632653061221592,0.004081632653069188,0.0,0.5372158681426175,0.46278413185738254,1742.335708286833,0.0,-0.5372158681426175
0.01632653061221747,0.00612244897960448,0.0,0.5370762288058463,0.46292377119415373,1742.5428006552008,0.0,-0.5370762288058463
0.01632653061221902,0.00816326530613846,0.0,0.5369084187030967,0.4630915812969033,1742.7917368665155,0.0,-0.5369084187030967
0.01632653061222058,0.01020408163267447,0.0,0.5367112957613858,0.46328870423861424,1743.084247775813,0.0,-0.5367112957613858
0.01632653061222214,0.01224489795920791,0.0,0.5364847376131022,0.4635152623868978,1743.420558916129,0.0,-0.5364847376131022
0.01632653061222369,0.01428571428574404,0.0,0.5362296776434832,0.46377032235651683,1743.7993345207924,0.0,-0.5362296776434832
0.01632653061222525,0.01632653061227653,0.0,0.5359481013682474,0.46405189863175256,1744.2176792266316,0.0,-0.5359481013682474
0.0163265306122268,0.01836734693881304,0.0,0.5356430028531239,0.46435699714687606,1744.6711981319077,0.0,-0.5356430028531239
0.01632653061222835,0.02040816326534511,0.0,0.5353183029510236,0.46468169704897644,1745.1541129817542,0.0,-0.5353183029510236
0.0163265306122299,0.02244897959188189,0.0,0.5349787331009369,0.4650212668990631,1745.6594294506458,0.0,-0.5349787331009369
0.01632653061223146,0.02448979591841415,0.0,0.534629690145812,0.46537030985418804,1746.1791480020613,0.0,-0.534629690145812
0.01632653061223302,0.02653061224494877,0.0,0.5342770689431942,0.46572293105680584,1746.7045088295185,0.0,-0.5342770689431942
0.01632653061223456,0.02857142857148318,0.0,0.5339270803563669,0.46607291964363307,1747.226260078991,0.0,-0.5339270803563669
0.01632653061223612,0.03061224489801729,0.0,0.5335860624683771,0.46641393753162286,1747.73493801767,0.0,-0.5335860624683771
0.01632653061223767,0.03265306122455223,0.0,0.533260292558955,0.466739707441045,1748.2211480667243,0.0,-0.533260292558955
0.01632653061223923,0.03469387755108582,0.0,0.532955806587585,0.467044193412415,1748.675836590181,0.0,-0.532955806587585
0.01632653061224078,0.03673469387762125,0.0,0.5326782317517178,0.4673217682482822,1749.090544881813,0.0,-0.5326782317517178
0.01632653061224234,0.03877551020415464,0.0,0.5324326362936437,0.4675673637063563,1749.457638707454,0.0,-0.5324326362936437
0.01632653061224389,0.0408163265306896,0.0,0.5322233992878781,0.4677766007121219,1749.7705087966233,0.0,-0.5322233992878781
0.01632653061224544,0.04285714285722342,0.0,0.5320541018231004,0.4679458981768996,1750.0237395885365,0.0,-0.5320541018231004
0.016326530612247,0.04489795918375838,0.0,0.5319274399405832,0.4680725600594168,1750.2132451110613,0.0,-0.5319274399405832
0.01632653061224855,0.04693877551029219,0.0,0.5318451589997979,0.4681548410002021,1750.336371958053,0.0,-0.5318451589997979
0.01632653061225011,0.04897959183682715,0.0,0.5318080088478513,0.4681919911521487,1750.3919698659988,0.0,-0.5318080088478513
0.01632653061225166,0.05102040816335739,0.0,0.531815719247021,0.468184280752979,1750.3804304016537,0.0,-0.531815719247021
0.01632653061225322,0.05306122448988428,0.0,0.5318669953811963,0.4681330046188037,1750.303693871107,0.0,-0.5318669953811963
0.01632653061225477,0.05510204081641096,0.0,0.5319595337902444,0.4680404662097556,1750.1652239279083,0.0,-0.5319595337902444
0.01632653061225632,0.05714285714293783,0.0,0.5320900596173846,0.46790994038261535,1749.9699487145963,0.0,-0.5320900596173846
0.01632653061225788,0.05918367346946451,0.0,0.5322543864397736,0.46774561356022637,1749.7241669463458,0.0,-0.5322543864397736
0.01632653061225943,0.0612244897959914,0.0,0.5324475000453194,0.4675524999546806,1749.435417338383,0.0,-0.5324475000453194
0.01632653061226098,0.06326530612251806,0.0,0.5326636672161957,0.46733633278380426,1749.1123103319592,0.0,-0.5326636672161957
0.01632653061226254,0.06530612244904499,0.0,0.532896569833421,0.46710343016657896,1748.7643222457634,0.0,-0.532896569833421
0.01632653061226409,0.06734693877557163,0.0,0.5331394634437026,0.46686053655629745,1748.401553733309,0.0,-0.5331394634437026
0.01632653061226565,0.06938775510209852,0.0,0.5333853579121423,0.46661464208785774,1748.03445662978,0.0,-0.5333853579121423
0.0163265306122672,0.07142857142862524,0.0,0.5336272160629619,0.46637278393703807,1747.6735357120608,0.0,-0.5336272160629619
0.01632653061226876,0.07346938775515202,0.0,0.533858164467187,0.46614183553281296,1747.329034308981,0.0,-0.533858164467187
0.01632653061227031,0.07551020408167886,0.0,0.5340717089714367,0.46592829102856326,1747.0106148045918,0.0,-0.5340717089714367
0.01632653061227186,0.07755102040820519,0.0,0.5342619463679439,0.4657380536320561,1746.7270466163288,0.0,-0.5342619463679439
0.01632653061227342,0.07959183673473244,0.0,0.5344237629421467,0.46557623705785334,1746.485914997943,0.0,-0.5344237629421467
0.01632653061227497,0.08163265306125882,0.0,0.5345530106072786,0.46544698939272144,1746.293363889353,0.0,-0.5345530106072786
0.01632653061227653,0.083673469387786,0.0,0.5346466519869144,0.4653533480130856,1746.1538849784065,0.0,-0.5346466519869144
0.01632653061227808,0.0857142857143124,0.0,0.5347028671094068,0.46529713289059316,1746.0701632100215,0.0,-0.5347028671094068
0.01632653061227964,0.08775510204083951,0.0,0.5347211162418719,0.4652788837581281,1746.0429863127804,0.0,-0.5347211162418719
0.01632653061228119,0.08979591836736599,0.0,0.5347021556727097,0.46529784432729027,1746.0712227099575,0.0,-0.5347021556727097
0.01632653061228275,0.091836734693893,0.0,0.5346480057705657,0.4653519942294343,1746.1518686799457,0.0,-0.5346480057705657
0.0163265306122843,0.0938775510204196,0.0,0.53456187320492,0.46543812679508,1746.2801620883258,0.0,-0.53456187320492
0.01632653061228586,0.0959183673469465,0.0,0.5344480316088828,0.46555196839111723,1746.4497566876523,0.0,-0.5344480316088828
0.01632653061228741,0.09795918367347319,0.0,0.5343116670145771,0.4656883329854229,1746.6529481088523,0.0,-0.5343116670145771
0.01836734693873908,0.00204081632653468,0.0,0.5374291590841308,0.4625708409158692,1742.0194817715994,0.0,-0.5374291590841308
0.01836734693874091,0.004081632653068806,0.0,0.5373219173696315,0.46267808263036847,1742.178464674703,0.0,-0.5373219173696315
0.01836734693874276,0.006122448979603881,0.0,0.537191914735436,0.46280808526456396,1742.3712289325058,0.0,-0.537191914735436
0.01836734693874461,0.008163265306137707,0.0,0.5370368660377591,0.46296313396224087,1742.6011865737362,0.0,-0.5370368660377591
0.01836734693874646,0.01020408163267351,0.0,0.5368553492684642,0.46314465073153577,1742.8704769901492,0.0,-0.5368553492684642
0.01836734693874831,0.01224489795920681,0.0,0.5366468901146397,0.46335310988536027,1743.1798406554751,0.0,-0.5366468901146397
0.01836734693875016,0.01428571428574268,0.0,0.536412012212921,0.463587987787079,1743.5285426573632,0.0,-0.536412012212921
0.01836734693875201,0.01632653061227498,0.0,0.5361522501536039,0.4638477498463961,1743.9143504162737,0.0,-0.5361522501536039
0.01836734693875386,0.01836734693881118,0.0,0.5358701241197539,0.4641298758802461,1744.3335674099872,0.0,-0.5358701241197539
0.0183673469387557,0.02040816326534306,0.0,0.5355690769974268,0.46443092300257316,1744.781121982056,0.0,-0.5355690769974268
0.01836734693875756,0.02244897959187955,0.0,0.5352533767161995,0.46474662328380045,1745.2507075825565,0.0,-0.5352533767161995
0.0183673469387594,0.02448979591841162,0.0,0.534927988321097,0.465072011678903,1745.7349682762251,0.0,-0.534927988321097
0.01836734693876126,0.02653061224494601,0.0,0.534598421695204,0.465401578304796,1746.2257212543582,0.0,-0.534598421695204
0.01836734693876311,0.02857142857148019,0.0,0.5342705618320774,0.46572943816792256,1746.7142065696598,0.0,-0.5342705618320774
0.01836734693876496,0.03061224489801406,0.0,0.5339504890258708,0.46604951097412917,1747.1913534929142,0.0,-0.5339504890258708
0.01836734693876681,0.03265306122454875,0.0,0.5336442962854292,0.4663557037145708,1747.6480528128614,0.0,-0.5336442962854292
0.01836734693876865,0.03469387755108213,0.0,0.5333579107243028,0.46664208927569717,1748.0754250329637,0.0,-0.5333579107243028
0.0183673469387705,0.03673469387761729,0.0,0.5330969247237082,0.4669030752762918,1748.4650756493425,0.0,-0.5330969247237082
0.01836734693877235,0.0387755102041504,0.0,0.5328664414450209,0.46713355855497907,1748.809330345105,0.0,-0.5328664414450209
0.0183673469387742,0.0408163265306851,0.0,0.5326709379427876,0.46732906205721236,1749.1014447864632,0.0,-0.5326709379427876
0.01836734693877605,0.0428571428572187,0.0,0.5325141478625323,0.46748585213746774,1749.3357855212348,0.0,-0.5325141478625323
0.0183673469387779,0.04489795918375342,0.0,0.5323989646448472,0.46760103535515285,1749.5079800470023,0.0,-0.5323989646448472
0.01836734693877974,0.04693877551028702,0.0,0.5323273654050088,0.4676726345949912,1749.6150352716961,0.0,-0.5323273654050088
0.01836734693878159,0.04897959183682172,0.0,0.5323003552695543,0.4676996447304457,1749.6554242453985,0.0,-0.5323003552695543
0.01836734693878345,0.05102040816335197,0.0,0.5323179319228748,0.4676820680771252,1749.6291411964523,0.0,-0.5323179319228748
0.01836734693878529,0.05306122448987909,0.0,0.5323790703854837,0.4676209296145163,1749.5377246406854,0.0,-0.5323790703854837
0.01836734693878714,0.05510204081640599,0.0,0.5324817285008518,0.46751827149914815,1749.3842478051513,0.0,-0.5324817285008518
0.01836734693878899,0.0571428571429331,0.0,0.5326228741069339,0.4673771258930661,1749.17327502118,0.0,-0.5326228741069339
0.01836734693879085,0.05918367346945998,0.0,0.5327985352569435,0.46720146474305646,1748.9107823175002,0.0,-0.5327985352569435
0.01836734693879269,0.06122448979598711,0.0,0.5330038749866691,0.4669961250133309,1748.6040403882032,0.0,-0.5330038749866691
0.01836734693879455,0.06326530612251399,0.0,0.5332332918892362,0.4667667081107638,1748.2614585788176,0.0,-0.5332332918892362
0.01836734693879639,0.06530612244904122,0.0,0.5334805470889888,0.46651945291101116,1747.892389607529,0.0,-0.5334805470889888
0.01836734693879824,0.06734693877556804,0.0,0.5337389171023916,0.46626108289760837,1747.5068964058992,0.0,-0.5337389171023916
0.01836734693880009,0.06938775510209517,0.0,0.5340013706000937,0.46599862939990633,1747.1154846169065,0.0,-0.5340013706000937
0.01836734693880193,0.07142857142862208,0.0,0.5342607653662493,0.46573923463375067,1746.7288067355041,0.0,-0.5342607653662493
0.01836734693880378,0.07346938775514911,0.0,0.5345100599614476,0.4654899400385524,1746.3573463655202,0.0,-0.5345100599614476
0.01836734693880563,0.07551020408167616,0.0,0.5347425329320609,0.46525746706793913,1746.0110933173669,0.0,-0.5347425329320609
0.01836734693880749,0.07755102040820268,0.0,0.5349520010690084,0.4650479989309916,1745.699222015627,0.0,-0.5349520010690084
0.01836734693880933,0.07959183673473019,0.0,0.5351330273742609,0.46486697262573906,1745.429786702643,0.0,-0.5351330273742609
0.01836734693881118,0.08163265306125674,0.0,0.5352811091675312,0.46471889083246876,1745.2094470657482,0.0,-0.5352811091675312
0.01836734693881303,0.08367346938778422,0.0,0.5353928372198098,0.4646071627801902,1745.0432371225575,0.0,-0.5353928372198098
0.01836734693881488,0.0857142857143108,0.0,0.5354660179277817,0.4645339820722183,1744.934388502838,0.0,-0.5354660179277817
0.01836734693881673,0.08775510204083817,0.0,0.5354997522711351,0.4645002477288649,1744.884216781345,0.0,-0.5354997522711351
0.01836734693881858,0.08979591836736486,0.0,0.5354944674947106,0.46450553250528936,1744.8920764245204,0.0,-0.5354944674947106
0.01836734693882043,0.09183673469389211,0.0,0.5354518999589307,0.4645481000410693,1744.955386442078,0.0,-0.5354518999589307
0.01836734693882228,0.09387755102041892,0.0,0.5353750302096321,0.46462496979036794,1745.069725234856,0.0,-0.5353750302096321
0.01836734693882412,0.09591836734694606,0.0,0.5352679738296955,0.4647320261703045,1745.2289896614166,0.0,-0.5352679738296955
0.01836734693882597,0.09795918367347298,0.0,0.5351358338573681,0.46486416614263193,1745.4256102536135,0.0,-0.5351358338573681
0.02040816326526302,0.002040816326534487,0.0,0.5373767661392154,0.46262323386078463,1742.0971492514982,0.0,-0.5373767661392154
0.02040816326526507,0.004081632653068427,0.0,0.5372830357433243,0.46271696425667574,1742.23611278828,0.0,-0.5372830357433243
0.02040816326526713,0.006122448979603284,0.0,0.5371700855566933,0.4628299144433067,1742.4036008089404,0.0,-0.5371700855566933
0.02040816326526918,0.008163265306136955,0.0,0.5370354497919249,0.46296455020807514,1742.6032873326053,0.0,-0.5370354497919249
0.02040816326527123,0.01020408163267256,0.0,0.5368774346932946,0.46312256530670537,1742.8377075633668,0.0,-0.5368774346932946
0.02040816326527328,0.01224489795920571,0.0,0.5366952131617333,0.4633047868382667,1743.1081170921689,0.0,-0.5366952131617333
0.02040816326527534,0.01428571428574131,0.0,0.5364888885086988,0.4635111114913012,1743.4143960089486,0.0,-0.5364888885086988
0.02040816326527739,0.01632653061227342,0.0,0.5362595238031262,0.46374047619687375,1743.7550031196513,0.0,-0.5362595238031262
0.02040816326527944,0.01836734693880933,0.0,0.5360091349144215,0.4639908650855785,1744.1269831678228,0.0,-0.5360091349144215
0.02040816326528149,0.020408163265341,0.0,0.5357406471631276,0.46425935283687236,1744.526027418302,0.0,-0.5357406471631276
0.02040816326528355,0.0224489795918772,0.0,0.5354578173354374,0.4645421826645626,1744.9465853473762,0.0,-0.5354578173354374
0.0204081632652856,0.0244897959184091,0.0,0.535165124553965,0.46483487544603497,1745.3820226925645,0.0,-0.535165124553965
0.02040816326528765,0.02653061224494323,0.0,0.5348676349850413,0.4651323650149587,1745.8248189382307,0.0,-0.5348676349850413
0.0204081632652897,0.02857142857147718,0.0,0.5345708464824444,0.46542915351755565,1746.266795620963,0.0,-0.5345708464824444
0.02040816326529175,0.03061224489801082,0.0,0.5342805199335284,0.46571948006647157,1746.6993657602604,0.0,-0.5342805199335284
0.02040816326529381,0.03265306122454528,0.0,0.534002504247467,0.465997495752533,1747.113794324589,0.0,-0.534002504247467
0.02040816326529586,0.03469387755107844,0.0,0.533742561620739,0.46625743837926104,1747.5014599281808,0.0,-0.533742561620739
0.02040816326529791,0.03673469387761333,0.0,0.5335061989987685,0.4664938010012315,1747.8541088431573,0.0,-0.5335061989987685
0.02040816326529996,0.03877551020414617,0.0,0.5332985106363538,0.4667014893636462,1748.1640937607353,0.0,-0.5332985106363538
0.02040816326530202,0.04081632653068062,0.0,0.5331240354852929,0.46687596451470714,1748.4245913514455,0.0,-0.5331240354852929
0.02040816326530407,0.04285714285721401,0.0,0.5329866319588953,0.4670133680411047,1748.62979434158,0.0,-0.5329866319588953
0.02040816326530612,0.04489795918374848,0.0,0.532889371583424,0.467110628416576,1748.7750753335376,0.0,-0.532889371583424
0.02040816326530817,0.04693877551028186,0.0,0.5328344522598781,0.46716554774012187,1748.8571207813363,0.0,-0.5328344522598781
0.02040816326531023,0.0489795918368163,0.0,0.53282313139448,0.46717686860552,1748.874034282288,0.0,-0.53282313139448
0.02040816326531228,0.05102040816334656,0.0,0.5328556790269661,0.46714432097303393,1748.8254086329664,0.0,-0.5328556790269661
0.02040816326531433,0.05306122448987391,0.0,0.5329313512505256,0.4670686487494744,1748.7123659758854,0.0,-0.5329313512505256
0.02040816326531638,0.05510204081640102,0.0,0.5330483845844579,0.4669516154155421,1748.5375649605,0.0,-0.5330483845844579
0.02040816326531843,0.05714285714292837,0.0,0.5332040124019561,0.46679598759804386,1748.3051733409363,0.0,-0.5332040124019561
0.02040816326532049,0.05918367346945547,0.0,0.5333945048838281,0.4666054951161719,1748.020804042966,0.0,-0.5333945048838281
0.02040816326532254,0.06122448979598283,0.0,0.5336152341198888,0.46638476588011124,1747.6914126585475,0.0,-0.5336152341198888
0.02040816326532459,0.06326530612250993,0.0,0.5338607657928759,0.4661392342071241,1747.3251547337477,0.0,-0.5338607657928759
0.02040816326532665,0.06530612244903738,0.0,0.5341249782784321,0.4658750217215679,1746.9312022039962,0.0,-0.5341249782784321
0.0204081632653287,0.06734693877556441,0.0,0.5344012089604632,0.46559879103953683,1746.5195199113557,0.0,-0.5344012089604632
0.02040816326533075,0.0693877551020918,0.0,0.5346824261405653,0.46531757385943473,1746.1006052292707,0.0,-0.5346824261405653
0.0204081632653328,0.07142857142861896,0.0,0.5349614232226194,0.4650385767773806,1745.6851962507687,0.0,-0.5349614232226194
0.02040816326533485,0.07346938775514616,0.0,0.5352310300397307,0.4647689699602693,1745.2839565288596,0.0,-0.5352310300397307
0.02040816326533691,0.07551020408167347,0.0,0.5354843344527268,0.4645156655472732,1744.907146719737,0.0,-0.5354843344527268
0.02040816326533896,0.07755102040820017,0.0,0.5357149058865475,0.46428509411345253,1744.5642953984545,0.0,-0.5357149058865475
0.02040816326534101,0.07959183673472797,0.0,0.5359170114630841,0.4640829885369159,1744.2638825585566,0.0,-0.5359170114630841
0.02040816326534306,0.08163265306125468,0.0,0.5360858149743211,0.46391418502567894,1744.0130497040943,0.0,-0.5360858149743211
0.02040816326534511,0.08367346938778245,0.0,0.5362175491973257,0.46378245080267433,1743.8173499117947,0.0,-0.5362175491973257
0.02040816326534717,0.0857142857143092,0.0,0.5363096529952421,0.46369034700475786,1743.680549790583,0.0,-0.5363096529952421
0.02040816326534921,0.08775510204083684,0.0,0.5363608662221007,0.46363913377789934,1743.604492987014,0.0,-0.5363608662221007
0.02040816326535127,0.0897959183673637,0.0,0.5363712775413683,0.46362872245863174,1743.589031940087,0.0,-0.5363712775413683
0.02040816326535333,0.09183673469389123,0.0,0.536342322720399,0.46365767727960105,1743.6320311897227,0.0,-0.536342322720399
0.02040816326535538,0.09387755102041823,0.0,0.5362767335869214,0.4637232664130786,1743.7294419332468,0.0,-0.5362767335869214
0.02040816326535743,0.0959183673469456,0.0,0.5361784404280819,0.46382155957191806,1743.8754439587522,0.0,-0.5361784404280819
0.02040816326535948,0.09795918367347276,0.0,0.5360524329799867,0.4639475670200133,1744.0626478128195,0.0,-0.5360524329799867
0.02244897959178806,0.002040816326534293,0.0,0.5371513982249065,0.46284860177509346,1742.4313143965214,0.0,-0.5371513982249065
0.02244897959179042,0.004081632653068048,0.0,0.5370766318498079,0.4629233681501921,1742.5422028492908,0.0,-0.5370766318498079
0.02244897959179276,0.006122448979602684,0.0,0.536986334270962,0.463013665729038,1742.6761449552648,0.0,-0.536986334270962
0.0224489795917951,0.008163265306136204,0.0,0.5368778855576326,0.4631221144423674,1742.837038602613,0.0,-0.5368778855576326
0.02244897959179745,0.0102040816326716,0.0,0.5367493401852188,0.4632506598147812,1743.027785974976,0.0,-0.5367493401852188
0.02244897959179979,0.01224489795920461,0.0,0.536599530253509,0.46340046974649096,1743.2501403357496,0.0,-0.536599530253509
0.02244897959180214,0.01428571428573995,0.0,0.5364281415604453,0.46357185843955473,1743.5045924111507,0.0,-0.5364281415604453
0.02244897959180449,0.01632653061227186,0.0,0.536235758489885,0.46376424151011497,1743.7903022733828,0.0,-0.536235758489885
0.02244897959180684,0.01836734693880748,0.0,0.5360238751015262,0.46397612489847384,1744.1050806132816,0.0,-0.5360238751015262
0.02244897959180918,0.02040816326533896,0.0,0.5357948714524373,0.4642051285475627,1744.4454209795856,0.0,-0.5357948714524373
0.02244897959181152,0.02244897959187486,0.0,0.5355519559149441,0.4644480440850559,1744.8065821046225,0.0,-0.5355519559149441
0.02244897959181387,0.02448979591840657,0.0,0.535299075952442,0.46470092404755803,1745.1827170106938,0.0,-0.535299075952442
0.02244897959181622,0.02653061224494047,0.0,0.5350408013384731,0.4649591986615269,1745.5670433809023,0.0,-0.5350408013384731
0.02244897959181857,0.02857142857147418,0.0,0.5347821850334707,0.46521781496652925,1745.952047852717,0.0,-0.5347821850334707
0.02244897959182091,0.03061224489800759,0.0,0.534528607773206,0.465471392226794,1746.3297155906046,0.0,-0.534528607773206
0.02244897959182326,0.03265306122454179,0.0,0.534285612817952,0.46571438718204805,1746.6917758038028,0.0,-0.534285612817952
0.0224489795918256,0.03469387755107473,0.0,0.5340587372537587,0.46594126274624126,1747.0299538222034,0.0,-0.5340587372537587
0.02244897959182794,0.03673469387760937,0.0,0.5338533457688444,0.46614665423115564,1747.3362208835892,0.0,-0.5338533457688444
0.02244897959183029,0.03877551020414195,0.0,0.5336744720359665,0.4663255279640335,1747.6030338097257,0.0,-0.5336744720359665
0.02244897959183264,0.04081632653067614,0.0,0.5335266718369464,0.46647332816305365,1747.8235580951416,0.0,-0.5335266718369464
0.02244897959183498,0.04285714285720929,0.0,0.5334138910073979,0.4665861089926021,1747.9918694079893,0.0,-0.5334138910073979
0.02244897959183733,0.04489795918374353,0.0,0.5333393502958346,0.46666064970416543,1748.1031299109254,0.0,-0.5333393502958346
0.02244897959183968,0.04693877551027668,0.0,0.5333054484387206,0.46669455156127937,1748.153736980309,0.0,-0.5333054484387206
0.02244897959184202,0.04897959183681089,0.0,0.5333136842314421,0.4666863157685579,1748.1414427137452,0.0,-0.5333136842314421
0.02244897959184437,0.05102040816334111,0.0,0.5333645981558915,0.46663540184410846,1748.0654430176198,0.0,-0.5333645981558915
0.02244897959184671,0.05306122448986873,0.0,0.5334577341867442,0.46654226581325575,1747.9264350832825,0.0,-0.5334577341867442
0.02244897959184906,0.05510204081639604,0.0,0.5335916226689177,0.4664083773310823,1747.726641792016,0.0,-0.5335916226689177
0.0224489795918514,0.05714285714292364,0.0,0.533763785526508,0.46623621447349195,1747.4698011929174,0.0,-0.533763785526508
0.02244897959185375,0.05918367346945094,0.0,0.533970765392753,0.466029234607247,1747.1611188673237,0.0,-0.533970765392753
0.02244897959185609,0.06122448979597854,0.0,0.5342081804008725,0.4657918195991275,1746.8071809262324,0.0,-0.5342081804008725
0.02244897959185844,0.06326530612250585,0.0,0.5344708062233405,0.46552919377665947,1746.4158257536933,0.0,-0.5344708062233405
0.02244897959186078,0.06530612244903355,0.0,0.5347526864056286,0.46524731359437144,1745.9959735222922,0.0,-0.5347526864056286
0.02244897959186313,0.06734693877556082,0.0,0.5350472710761611,0.4649527289238389,1745.5574139999026,0.0,-0.5350472710761611
0.02244897959186547,0.06938775510208842,0.0,0.5353475827560825,0.4646524172439175,1745.1105551816672,0.0,-0.5353475827560825
0.02244897959186782,0.07142857142861578,0.0,0.5356464063324959,0.46435359366750406,1744.666137671024,0.0,-0.5356464063324959
0.02244897959187016,0.07346938775514322,0.0,0.5359364984435343,0.4640635015564657,1744.2349222795829,0.0,-0.5359364984435343
0.02244897959187251,0.07551020408167075,0.0,0.5362108097364484,0.4637891902635516,1743.8273607551157,0.0,-0.5362108097364484
0.02244897959187486,0.07755102040819765,0.0,0.5364627118980391,0.46353728810196093,1743.4532616089432,0.0,-0.5364627118980391
0.0224489795918772,0.07959183673472575,0.0,0.5366862202054337,0.46331377979456634,1743.121464455571,0.0,-0.5366862202054337
0.02244897959187955,0.08163265306125261,0.0,0.5368762017539127,0.4631237982460873,1742.839536914619,0.0,-0.5368762017539127
0.02244897959188189,0.08367346938778064,0.0,0.5370285595827081,0.4629714404172919,1742.6135078537309,0.0,-0.5370285595827081
0.02244897959188424,0.08571428571430759,0.0,0.5371403836706246,0.46285961632937545,1742.4476495552894,0.0,-0.5371403836706246
0.02244897959188658,0.0877551020408355,0.0,0.5372100611760343,0.4627899388239657,1742.3443193380806,0.0,-0.5372100611760343
0.02244897959188893,0.08979591836736256,0.0,0.5372373402550018,0.4627626597449982,1742.303868398513,0.0,-0.5372373402550018
0.02244897959189127,0.09183673469389034,0.0,0.5372233441627271,0.4627766558372729,1742.3246223500357,0.0,-0.5372233441627271
0.02244897959189363,0.09387755102041753,0.0,0.5371705349485123,0.4628294650514877,1742.4029343651257,0.0,-0.5371705349485123
0.02244897959189597,0.09591836734694514,0.0,0.5370826286961158,0.4629173713038842,1742.5333082100553,0.0,-0.5370826286961158
0.02244897959189831,0.09795918367347253,0.0,0.5369644667408197,0.46303553325918034,1742.7085850576864,0.0,-0.5369644667408197
0.02448979591831301,0.002040816326534099,0.0,0.536759978518622,0.463240021481378,1743.0119982588155,0.0,-0.536759978518622
0.02448979591831553,0.004081632653067665,0.0,0.5367072242037058,0.46329277579629424,1743.0902905988967,0.0,-0.5367072242037058
0.02448979591831806,0.006122448979602086,0.0,0.536642683389619,0.46335731661038104,1743.1860847733901,0.0,-0.536642683389619
0.02448979591832059,0.008163265306135451,0.0,0.5365636176665913,0.46343638233340867,1743.303451775935,0.0,-0.5365636176665913
0.02448979591832312,0.01020408163267064,0.0,0.5364678608525526,0.4635321391474474,1743.4456165859583,0.0,-0.5364678608525526
0.02448979591832565,0.01224489795920351,0.0,0.5363539289992082,0.4636460710007918,1743.6147950736893,0.0,-0.5363539289992082
0.02448979591832818,0.01428571428573858,0.0,0.5362211071856553,0.4637788928143447,1743.812064896876,0.0,-0.5362211071856553
0.02448979591833071,0.01632653061227031,0.0,0.5360695086530096,0.4639304913469904,1744.0372768645243,0.0,-0.5360695086530096
0.02448979591833323,0.01836734693880564,0.0,0.535900103041869,0.46409989695813103,1744.289011530259,0.0,-0.535900103041869
0.02448979591833576,0.02040816326533691,0.0,0.5357147119478936,0.46428528805210645,1744.5645837215518,0.0,-0.5357147119478936
0.02448979591833829,0.02244897959187251,0.0,0.5355159716096397,0.4644840283903603,1744.8600954436604,0.0,-0.5355159716096397
0.02448979591834082,0.02448979591840404,0.0,0.5353072641682718,0.4646927358317282,1745.170535277513,0.0,-0.5353072641682718
0.02448979591834335,0.0265306122449377,0.0,0.5350926204645217,0.46490737953547834,1745.4899201901321,0.0,-0.5350926204645217
0.02448979591834588,0.02857142857147116,0.0,0.5348765986438799,0.46512340135612007,1745.811473760832,0.0,-0.5348765986438799
0.02448979591834841,0.03061224489800436,0.0,0.5346641438256147,0.46533585617438533,1746.1278333401299,0.0,-0.5346641438256147
0.02448979591835093,0.03265306122453832,0.0,0.5344604346861329,0.4655395653138671,1746.4312777044215,0.0,-0.5344604346861329
0.02448979591835346,0.03469387755107102,0.0,0.5342707229849512,0.46572927701504885,1746.7139663974656,0.0,-0.5342707229849512
0.02448979591835599,0.03673469387760541,0.0,0.5341001718403933,0.46589982815960673,1746.9681821464787,0.0,-0.5341001718403933
0.02448979591835852,0.0387755102041377,0.0,0.5339536980044969,0.4660463019955031,1747.1865684305262,0.0,-0.5339536980044969
0.02448979591836105,0.04081632653067167,0.0,0.5338358225912144,0.4661641774087856,1747.362355332341,0.0,-0.5338358225912144
0.02448979591836358,0.0428571428572046,0.0,0.5337505338007273,0.46624946619927266,1747.489568055242,0.0,-0.5337505338007273
0.02448979591836611,0.04489795918373857,0.0,0.533701164283542,0.466298835716458,1747.563213754822,0.0,-0.533701164283542
0.02448979591836864,0.04693877551027149,0.0,0.5336902850170286,0.46630971498297136,1747.5794434537577,0.0,-0.5336902850170286
0.02448979591837117,0.04897959183680547,0.0,0.5337196170113973,0.46628038298860275,1747.5356866491418,0.0,-0.5337196170113973
0.0244897959183737,0.0510204081633357,0.0,0.5337899618674652,0.4662100381325348,1747.4307567150418,0.0,-0.5337899618674652
0.02448979591837622,0.05306122448986354,0.0,0.5339011521721393,0.4660988478278607,1747.2649253480881,0.0,-0.5339011521721393
0.02448979591837875,0.05510204081639106,0.0,0.5340520228878337,0.4659479771121663,1747.0399641712982,0.0,-0.5340520228878337
0.02448979591838128,0.05714285714291889,0.0,0.5342404051758913,0.46575959482410867,1746.759151332211,0.0,-0.5342404051758913
0.02448979591838381,0.05918367346944641,0.0,0.534463144369548,0.465536855630452,1746.4272406781397,0.0,-0.534463144369548
0.02448979591838633,0.06122448979597425,0.0,0.5347161439462879,0.46528385605371214,1746.050391050304,0.0,-0.5347161439462879
0.02448979591838887,0.0632653061225018,0.0,0.5349944372192212,0.46500556278077876,1745.6360535794586,0.0,-0.5349944372192212
0.02448979591839139,0.06530612244902974,0.0,0.5352922879787946,0.4647077120212054,1745.1928157112184,0.0,-0.5352922879787946
0.02448979591839392,0.0673469387755572,0.0,0.5356033204231501,0.46439667957684994,1744.7302020912448,0.0,-0.5356033204231501
0.02448979591839645,0.06938775510208504,0.0,0.5359206774298099,0.46407932257019013,1744.258434364544,0.0,-0.5359206774298099
0.02448979591839899,0.07142857142861266,0.0,0.5362372046170225,0.4637627953829775,1743.788154267417,0.0,-0.5362372046170225
0.02448979591840151,0.07346938775514032,0.0,0.5365456558502001,0.4634543441497999,1743.330116917982,0.0,-0.5365456558502001
0.02448979591840404,0.07551020408166809,0.0,0.5368389140390241,0.46316108596097594,1742.8948636937948,0.0,-0.5368389140390241
0.02448979591840656,0.07755102040819511,0.0,0.5371102194356956,0.4628897805643044,1742.4923862576943,0.0,-0.5371102194356956
0.02448979591840909,0.07959183673472348,0.0,0.5373533963714251,0.4626466036285749,1742.1317949083896,0.0,-0.5373533963714251
0.02448979591841162,0.08163265306125059,0.0,0.5375630686147015,0.4624369313852985,1741.8210052935924,0.0,-0.5375630686147015
0.02448979591841415,0.08367346938777886,0.0,0.5377348534108733,0.46226514658912665,1741.5664575069657,0.0,-0.5377348534108733
0.02448979591841668,0.08571428571430599,0.0,0.537865524817057,0.46213447518294304,1741.3728806567765,0.0,-0.537865524817057
0.0244897959184192,0.08775510204083414,0.0,0.5379531381635545,0.4620468618364455,1741.243114188909,0.0,-0.5379531381635545
0.02448979591842174,0.08979591836736142,0.0,0.5379971092758752,0.4620028907241248,1741.1779946885458,0.0,-0.5379971092758752
0.02448979591842427,0.09183673469388945,0.0,0.5379982443516841,0.4620017556483159,1741.176313750085,0.0,-0.5379982443516841
0.02448979591842679,0.09387755102041687,0.0,0.5379587189379058,0.4620412810620942,1741.2348490101404,0.0,-0.5379587189379058
0.02448979591842932,0.09591836734694471,0.0,0.5378820071050276,0.46211799289497235,1741.3484668227288,0.0,-0.5378820071050276
0.02448979591843185,0.0979591836734723,0.0,0.537772764471076,0.462227235528924,1741.5102915642449,0.0,-0.537772764471076
0.026530612244838,0.002040816326533905,0.0,0.5362373792596975,0.4637626207403025,1743.7878948621549,0.0,-0.5362373792596975
0.02653061224484077,0.004081632653067283,0.0,0.5362069935329794,0.4637930064670206,1743.8330294219734,0.0,-0.5362069935329794
0.02653061224484353,0.006122448979601488,0.0,0.536168519181341,0.463831480818659,1743.8901820713959,0.0,-0.536168519181341
0.0265306122448463,0.008163265306134699,0.0,0.5361191415516374,0.4638808584483626,1743.9635367464166,0.0,-0.5361191415516374
0.02653061224484908,0.01020408163266968,0.0,0.5360565137611739,0.4639434862388261,1744.0565845417234,0.0,-0.5360565137611739
0.02653061224485184,0.0122448979592024,0.0,0.5359788714798774,0.46402112852012256,1744.1719535563284,0.0,-0.5359788714798774
0.02653061224485462,0.01428571428573722,0.0,0.5358851285341099,0.46411487146589014,1744.311266961401,0.0,-0.5358851285341099
0.02653061224485738,0.01632653061226876,0.0,0.5357749485922682,0.46422505140773185,1744.475036192401,0.0,-0.5357749485922682
0.02653061224486015,0.01836734693880379,0.0,0.5356487891732172,0.46435121082678277,1744.6625947634632,0.0,-0.5356487891732172
0.02653061224486292,0.02040816326533485,0.0,0.5355079154691434,0.46449208453085655,1744.8720764213824,0.0,-0.5355079154691434
0.0265306122448657,0.02244897959187016,0.0,0.535354382913792,0.464645617086208,1745.1004393082999,0.0,-0.535354382913792
0.02653061224486846,0.02448979591840151,0.0,0.5351909889520696,0.4648090110479304,1745.3435356249777,0.0,-0.5351909889520696
0.02653061224487124,0.02653061224493493,0.0,0.5350211959617952,0.4649788040382048,1745.5962241372495,0.0,-0.5350211959617952
0.026530612244874,0.02857142857146817,0.0,0.5348490286267089,0.4651509713732911,1745.8525209062839,0.0,-0.5348490286267089
0.02653061224487677,0.03061224489800112,0.0,0.5346789501577354,0.46532104984226463,1746.1057819944044,0.0,-0.5346789501577354
0.02653061224487954,0.03265306122453483,0.0,0.5345157225278785,0.4654842774721215,1746.3489107171372,0.0,-0.5345157225278785
0.02653061224488231,0.03469387755106734,0.0,0.5343642562806152,0.46563574371938476,1746.5745813487504,0.0,-0.5343642562806152
0.02653061224488507,0.03673469387760146,0.0,0.534229455488882,0.465770544511118,1746.775471057471,0.0,-0.534229455488882
0.02653061224488784,0.03877551020413347,0.0,0.5341160631201862,0.4658839368798138,1746.9444922042755,0.0,-0.5341160631201862
0.02653061224489062,0.04081632653066717,0.0,0.5340285114786599,0.46597148852134007,1747.0750178885257,0.0,-0.5340285114786599
0.02653061224489339,0.04285714285719989,0.0,0.5339707816496423,0.4660292183503577,1747.1610946266671,0.0,-0.5339707816496423
0.02653061224489615,0.04489795918373361,0.0,0.5339462750818468,0.4660537249181532,1747.1976371473563,0.0,-0.5339462750818468
0.02653061224489892,0.04693877551026633,0.0,0.5339576997176468,0.46604230028235316,1747.180601320279,0.0,-0.5339576997176468
0.02653061224490169,0.04897959183680003,0.0,0.5340069725145055,0.46599302748549454,1747.107132075358,0.0,-0.5340069725145055
0.02653061224490446,0.05102040816333027,0.0,0.5340951398471175,0.46590486015288246,1746.9756837297277,0.0,-0.5340951398471175
0.02653061224490723,0.05306122448985835,0.0,0.534222317154526,0.46577768284547405,1746.7861103984287,0.0,-0.534222317154526
0.02653061224491,0.0551020408163861,0.0,0.5343876492676053,0.4656123507323947,1746.539724163981,0.0,-0.5343876492676053
0.02653061224491277,0.05714285714291416,0.0,0.5345892930461454,0.46541070695385456,1746.2393185230899,0.0,-0.5345892930461454
0.02653061224491553,0.0591836734694419,0.0,0.5348244241657348,0.46517557583426516,1745.8891544643982,0.0,-0.5348244241657348
0.02653061224491831,0.06122448979596998,0.0,0.5350892700007133,0.46491072999928673,1745.4949065301314,0.0,-0.5350892700007133
0.02653061224492108,0.06326530612249771,0.0,0.5353791704310165,0.46462082956898354,1745.0635665408656,0.0,-0.5353791704310165
0.02653061224492385,0.0653061224490259,0.0,0.53568866796037,0.46431133203963004,1744.6033034449965,0.0,-0.53568866796037
0.02653061224492663,0.0673469387755536,0.0,0.5360116277137695,0.46398837228623047,1744.123279059931,0.0,-0.5360116277137695
0.02653061224492938,0.06938775510208166,0.0,0.5363413866796286,0.4636586133203714,1743.6334212889906,0.0,-0.5363413866796286
0.02653061224493216,0.07142857142860948,0.0,0.5366709300318571,0.46332906996814294,1743.144158630452,0.0,-0.5366709300318571
0.02653061224493493,0.07346938775513741,0.0,0.5369930906214124,0.46300690937858757,1742.6661222705475,0.0,-0.5369930906214124
0.0265306122449377,0.07551020408166537,0.0,0.5373007659223785,0.4626992340776215,1742.2098245418429,0.0,-0.5373007659223785
0.02653061224494046,0.07755102040819259,0.0,0.5375871450370255,0.46241285496297446,1741.785324777351,0.0,-0.5375871450370255
0.02653061224494323,0.07959183673472126,0.0,0.5378459369927003,0.46215406300729966,1741.4018953522327,0.0,-0.5378459369927003
0.026530612244946,0.0816326530612485,0.0,0.5380715906645055,0.4619284093354945,1741.0677017723349,0.0,-0.5380715906645055
0.02653061224494877,0.08367346938777709,0.0,0.5382594963533275,0.4617405036466725,1740.7895109010367,0.0,-0.5382594963533275
0.02653061224495155,0.08571428571430438,0.0,0.5384061594045922,0.46159384059540776,1740.5724407511789,0.0,-0.5384061594045922
0.02653061224495431,0.08775510204083282,0.0,0.5385093372725375,0.46149066272746253,1740.4197637276811,0.0,-0.5385093372725375
0.02653061224495708,0.08979591836736027,0.0,0.5385681330601456,0.4614318669398544,1740.3327728839029,0.0,-0.5385681330601456
0.02653061224495985,0.09183673469388856,0.0,0.538583040685238,0.461416959314762,1740.3107178067344,0.0,-0.538583040685238
0.02653061224496262,0.09387755102041614,0.0,0.5385559392859803,0.46144406071401967,1740.3508133715459,0.0,-0.5385559392859803
0.02653061224496539,0.09591836734694427,0.0,0.5384900371039872,0.46150996289601276,1740.448321035737,0.0,-0.5384900371039872
0.02653061224496816,0.09795918367347206,0.0,0.5383897676772171,0.46161023232278287,1740.5966988078692,0.0,-0.5383897676772171
0.02857142857136299,0.002040816326533712,0.0,0.535641640954824,0.464358359045176,1744.6732230776497,0.0,-0.535641640954824
0.02857142857136599,0.004081632653066902,0.0,0.5356314072274969,0.4643685927725031,1744.6884393000103,0.0,-0.5356314072274969
0.028571428571369,0.006122448979600886,0.0,0.5356166330500449,0.4643833669499551,1744.7104070497262,0.0,-0.5356166330500449
0.02857142857137201,0.008163265306133951,0.0,0.535594472933842,0.464405527066158,1744.7433580015872,0.0,-0.535594472933842
0.02857142857137501,0.01020408163266873,0.0,0.5355624447156146,0.46443755528438535,1744.790984512565,0.0,-0.5355624447156146
0.02857142857137801,0.0122448979592013,0.0,0.5355185470566006,0.4644814529433994,1744.856265310227,0.0,-0.5355185470566006
0.02857142857138102,0.01428571428573585,0.0,0.5354613617896494,0.4645386382103506,1744.9413136149508,0.0,-0.5354613617896494
0.02857142857138402,0.0163265306122672,0.0,0.5353901361974325,0.4646098638025675,1745.0472548696182,0.0,-0.5353901361974325
0.02857142857138703,0.01836734693880193,0.0,0.5353048410589591,0.46469515894104085,1745.174140156361,0.0,-0.5353048410589591
0.02857142857139003,0.0204081632653328,0.0,0.5352062013401488,0.46479379865985115,1745.3208998883008,0.0,-0.5352062013401488
0.02857142857139304,0.02244897959186782,0.0,0.535095697666051,0.46490430233394897,1745.4853405588156,0.0,-0.535095697666051
0.02857142857139604,0.02448979591839898,0.0,0.5349755381112808,0.46502446188871915,1745.664185328619,0.0,-0.5349755381112808
0.02857142857139905,0.02653061224493216,0.0,0.5348486012781909,0.4651513987218091,1745.8531571719595,0.0,-0.5348486012781909
0.02857142857140205,0.02857142857146516,0.0,0.5347183529897236,0.4652816470102764,1746.0471013373146,0.0,-0.5347183529897236
0.02857142857140507,0.0306122448979979,0.0,0.5345887401017423,0.4654112598982577,1746.2401421494214,0.0,-0.5345887401017423
0.02857142857140806,0.03265306122453135,0.0,0.5344640658515037,0.46553593414849626,1746.4258678109888,0.0,-0.5344640658515037
0.02857142857141107,0.03469387755106364,0.0,0.534348851746377,0.46565114825362297,1746.5975359406627,0.0,-0.534348851746377
0.02857142857141408,0.0367346938775975,0.0,0.5342476912371077,0.4657523087628923,1746.7482921481035,0.0,-0.5342476912371077
0.02857142857141708,0.03877551020412923,0.0,0.5341651003287113,0.46583489967128866,1746.8713939837885,0.0,-0.5341651003287113
0.02857142857142008,0.0408163265306627,0.0,0.5341053699120542,0.46589463008794585,1746.960433044928,0.0,-0.5341053699120542
0.02857142857142309,0.04285714285719519,0.0,0.5340724240324701,0.4659275759675299,1747.0095487610079,0.0,-0.5340724240324701
0.02857142857142609,0.04489795918372867,0.0,0.534069687648416,0.465930312351584,1747.0136282864744,0.0,-0.534069687648416
0.0285714285714291,0.04693877551026115,0.0,0.5340999667765756,0.46590003322342444,1746.9684878497812,0.0,-0.5340999667765756
0.02857142857143211,0.04897959183679462,0.0,0.534165343361289,0.46583465663871104,1746.8710317180228,0.0,-0.534165343361289
0.02857142857143511,0.05102040816332484,0.0,0.5342670868109632,0.46573291318903676,1746.719385540507,0.0,-0.5342670868109632
0.02857142857143811,0.05306122448985316,0.0,0.5344055839409453,0.4655944160590547,1746.5130011900724,0.0,-0.5344055839409453
0.02857142857144112,0.05510204081638111,0.0,0.5345802890382042,0.4654197109617958,1746.2527303443242,0.0,-0.5345802890382042
0.02857142857144413,0.05714285714290943,0.0,0.5347896958642202,0.4652103041357798,1745.9408640153476,0.0,-0.5347896958642202
0.02857142857144713,0.05918367346943738,0.0,0.5350313335511437,0.46496866644885626,1745.5811351686602,0.0,-0.5350313335511437
0.02857142857145014,0.06122448979596569,0.0,0.5353017884140758,0.46469821158592417,1745.1786816214449,0.0,-0.5353017884140758
0.02857142857145314,0.06326530612249363,0.0,0.5355967535865701,0.4644032464134299,1744.7399667309464,0.0,-0.5355967535865701
0.02857142857145614,0.06530612244902209,0.0,0.5359111079891908,0.46408889201080916,1744.2726561061002,0.0,-0.5359111079891908
0.02857142857145915,0.06734693877554995,0.0,0.5362390253967876,0.4637609746032124,1743.7854497784324,0.0,-0.5362390253967876
0.02857142857146216,0.0693877551020783,0.0,0.536574113260805,0.46342588673919505,1743.287870961473,0.0,-0.536574113260805
0.02857142857146516,0.07142857142860631,0.0,0.5369095795053779,0.4630904204946221,1742.7900146417346,0.0,-0.5369095795053779
0.02857142857146817,0.07346938775513445,0.0,0.5372384238425794,0.46276157615742064,1742.3022616332105,0.0,-0.5372384238425794
0.02857142857147116,0.07551020408166269,0.0,0.5375536483822932,0.46244635161770675,1741.834966185722,0.0,-0.5375536483822932
0.02857142857147417,0.07755102040819009,0.0,0.5378484806159022,0.4621515193840978,1741.3981275257904,0.0,-0.5378484806159022
0.02857142857147717,0.07959183673471903,0.0,0.5381166004098532,0.4618833995901468,1741.0010575851109,0.0,-0.5381166004098532
0.02857142857148019,0.08163265306124644,0.0,0.5383523616211855,0.4616476383788145,1740.6520584239381,0.0,-0.5383523616211855
0.02857142857148318,0.08367346938777528,0.0,0.5385509984737036,0.4614490015262964,1740.3581233282491,0.0,-0.5385509984737036
0.02857142857148619,0.08571428571430276,0.0,0.5387088069918551,0.4612911930081449,1740.1246751668675,0.0,-0.5387088069918551
0.0285714285714892,0.08775510204083148,0.0,0.5388232926019629,0.46117670739803707,1739.9553543328225,0.0,-0.5388232926019629
0.0285714285714922,0.08979591836735912,0.0,0.5388932764397697,0.4611067235602303,1739.8518665317633,0.0,-0.5388932764397697
0.0285714285714952,0.09183673469388764,0.0,0.5389189548573459,0.46108104514265413,1739.8138979520304,0.0,-0.5389189548573459
0.02857142857149821,0.09387755102041548,0.0,0.5389019089646958,0.4610980910353042,1739.8391021369864,0.0,-0.5389019089646958
0.02857142857150121,0.09591836734694381,0.0,0.5388450636033764,0.46115493639662364,1739.9231593938923,0.0,-0.5388450636033764
0.02857142857150422,0.09795918367347181,0.0,0.5387525977445214,0.46124740225547856,1740.0599060461275,0.0,-0.5387525977445214
0.03061224489788798,0.002040816326533517,0.0,0.5350453020058237,0.4649546979941763,1745.5603446992056,0.0,-0.5350453020058237
0.0306122448978912,0.004081632653066521,0.0,0.5350508921370727,0.4649491078629273,1745.5520245580412,0.0,-0.5350508921370727
0.03061224489789443,0.006122448979600291,0.0,0.5350552509707557,0.4649447490292443,1745.5455370889117,0.0,-0.5350552509707557
0.03061224489789768,0.008163265306133198,0.0,0.5350555473471735,0.46494445265282647,1745.545095978888,0.0,-0.5350555473471735
0.03061224489790091,0.01020408163266777,0.0,0.5350492109947045,0.4649507890052955,1745.554526698792,0.0,-0.5350492109947045
0.03061224489790414,0.0122448979592002,0.0,0.5350340508034476,0.46496594919655243,1745.5770908062532,0.0,-0.5350340508034476
0.03061224489790737,0.01428571428573448,0.0,0.5350083618614544,0.4649916381385456,1745.6153270150119,0.0,-0.5350083618614544
0.0306122448979106,0.01632653061226565,0.0,0.5349710162728685,0.46502898372713153,1745.6709163216829,0.0,-0.5349710162728685
0.03061224489791384,0.01836734693880009,0.0,0.5349215333121664,0.4650784666878336,1745.7445776898273,0.0,-0.5349215333121664
0.03061224489791707,0.02040816326533074,0.0,0.534860125292896,0.46513987470710405,1745.835999593764,0.0,-0.534860125292896
0.0306122448979203,0.02244897959186547,0.0,0.5347877166013224,0.4652122833986776,1745.9438111793393,0.0,-0.5347877166013224
0.03061224489792354,0.02448979591839645,0.0,0.5347059345972586,0.46529406540274143,1746.0655949993547,0.0,-0.5347059345972586
0.03061224489792676,0.02653061224492938,0.0,0.534617072427486,0.465382927572514,1746.197941348676,0.0,-0.534617072427486
0.03061224489793,0.02857142857146215,0.0,0.5345240251314052,0.4654759748685948,1746.3365422954118,0.0,-0.5345240251314052
0.03061224489793323,0.03061224489799465,0.0,0.5344302016426552,0.4655697983573448,1746.4763217197185,0.0,-0.5344302016426552
0.03061224489793647,0.03265306122452787,0.0,0.5343394163137719,0.4656605836862281,1746.611596157719,0.0,-0.5343394163137719
0.03061224489793971,0.03469387755105995,0.0,0.5342557643439665,0.4657442356560335,1746.7362601046962,0.0,-0.5342557643439665
0.03061224489794293,0.03673469387759355,0.0,0.5341834859330308,0.4658165140669692,1746.8439887199154,0.0,-0.5341834859330308
0.03061224489794618,0.03877551020412499,0.0,0.5341268241121139,0.4658731758878861,1746.9284506089925,0.0,-0.5341268241121139
0.03061224489794939,0.0408163265306582,0.0,0.534089881044804,0.46591011895519596,1746.983523503674,0.0,-0.534089881044804
0.03061224489795263,0.04285714285719048,0.0,0.5340764772106334,0.46592352278936655,1747.0035061341666,0.0,-0.5340764772106334
0.03061224489795586,0.0448979591837237,0.0,0.5340900173608165,0.4659099826391835,1746.9833202841326,0.0,-0.5340900173608165
0.03061224489795909,0.04693877551025598,0.0,0.5341333665655027,0.4658666334344973,1746.9186978054897,0.0,-0.5341333665655027
0.03061224489796233,0.0489795918367892,0.0,0.5342087391414336,0.46579126085856637,1746.8063481257739,0.0,-0.5342087391414336
0.03061224489796556,0.05102040816331941,0.0,0.5343176028289292,0.46568239717107085,1746.644102405344,0.0,-0.5343176028289292
0.03061224489796879,0.05306122448984799,0.0,0.5344606003183927,0.4655393996816073,1746.4310309363923,0.0,-0.5344606003183927
0.03061224489797203,0.05510204081637612,0.0,0.534637490113177,0.46536250988682304,1746.1675306134332,0.0,-0.534637490113177
0.03061224489797526,0.05714285714290469,0.0,0.5348471087234765,0.4651528912765235,1745.8553793930473,0.0,-0.5348471087234765
0.03061224489797849,0.05918367346943285,0.0,0.5350873562464834,0.4649126437535166,1745.4977546946375,0.0,-0.5350873562464834
0.03061224489798173,0.06122448979596141,0.0,0.5353552074085977,0.46464479259140234,1745.099212802799,0.0,-0.5353552074085977
0.03061224489798496,0.06326530612248958,0.0,0.5356467500233907,0.4643532499766093,1744.6656266560935,0.0,-0.5356467500233907
0.03061224489798819,0.06530612244901829,0.0,0.5359572524588473,0.4640427475411527,1744.2040800735278,0.0,-0.5359572524588473
0.03061224489799142,0.06734693877554634,0.0,0.5362812610385662,0.4637187389614338,1743.7227175667977,0.0,-0.5362812610385662
0.03061224489799466,0.06938775510207494,0.0,0.5366127272932643,0.46338727270673574,1743.2305504416545,0.0,-0.5366127272932643
0.03061224489799789,0.07142857142860315,0.0,0.5369451636502446,0.4630548363497554,1742.7372218620235,0.0,-0.5369451636502446
0.03061224489800112,0.07346938775513152,0.0,0.5372718245713837,0.46272817542861633,1742.252735818935,0.0,-0.5372718245713837
0.03061224489800436,0.07551020408165998,0.0,0.537585908444207,0.46241409155579305,1741.7871573342047,0.0,-0.537585908444207
0.03061224489800759,0.07755102040818757,0.0,0.5378807738500458,0.46211922614995415,1741.3502935164488,0.0,-0.5378807738500458
0.03061224489801083,0.07959183673471679,0.0,0.5381501623482918,0.4618498376517082,1740.9513670427807,0.0,-0.5381501623482918
0.03061224489801405,0.08163265306124436,0.0,0.5383884187910215,0.4616115812089785,1740.5986950496692,0.0,-0.5383884187910215
0.03061224489801729,0.08367346938777352,0.0,0.538590699555945,0.46140930044405504,1740.299387112342,0.0,-0.538590699555945
0.03061224489802052,0.08571428571430115,0.0,0.5387531590525945,0.46124684094740553,1740.0590758694893,0.0,-0.5387531590525945
0.03061224489802376,0.08775510204083015,0.0,0.5388731054578627,0.4611268945421373,1739.8816928781803,0.0,-0.5388731054578627
0.03061224489802698,0.08979591836735798,0.0,0.5389491178556334,0.4610508821443666,1739.7693005054184,0.0,-0.5389491178556334
0.03061224489803022,0.09183673469388678,0.0,0.5389811187197953,0.46101888128020474,1739.7219881850565,0.0,-0.5389811187197953
0.03061224489803345,0.09387755102041481,0.0,0.538970397871708,0.461029602128292,1739.7378383515995,0.0,-0.538970397871708
0.03061224489803668,0.09591836734694337,0.0,0.5389195865075812,0.4610804134924188,1739.812964003277,0.0,-0.5389195865075812
0.03061224489803992,0.09795918367347159,0.0,0.538832582450382,0.461167417549618,1739.9416163669143,0.0,-0.538832582450382
0.03265306122441299,0.002040816326533324,0.0,0.5345247071591792,0.4654752928408208,1746.3355262836922,0.0,-0.5345247071591792
0.03265306122441645,0.00408163265306614,0.0,0.5345403549166967,0.4654596450833033,1746.3122162600139,0.0,-0.5345403549166967
0.03265306122441993,0.00612244897959969,0.0,0.5345577777248134,0.4654422222751866,1746.2862627256113,0.0,-0.5345577777248134
0.03265306122442342,0.008163265306132443,0.0,0.5345742010583063,0.46542579894169367,1746.261798744722,0.0,-0.5345742010583063
0.0326530612244269,0.01020408163266681,0.0,0.5345870122743986,0.46541298772560136,1746.242715802137,0.0,-0.5345870122743986
0.03265306122443037,0.0122448979591991,0.0,0.5345938779730577,0.4654061220269423,1746.2324891746766,0.0,-0.5345938779730577
0.03265306122443387,0.01428571428573312,0.0,0.5345928538386403,0.4654071461613597,1746.2340146405452,0.0,-0.5345928538386403
0.03265306122443735,0.0163265306122641,0.0,0.5345824820200054,0.46541751797999464,1746.2494637933664,0.0,-0.5345824820200054
0.03265306122444082,0.01836734693879824,0.0,0.5345618714366195,0.4654381285633805,1746.2801647223816,0.0,-0.5345618714366195
0.03265306122444431,0.0204081632653287,0.0,0.5345307570126968,0.4654692429873032,1746.3265139135053,0.0,-0.5345307570126968
0.03265306122444779,0.02244897959186313,0.0,0.5344895347177862,0.46551046528221385,1746.3879239505484,0.0,-0.5344895347177862
0.03265306122445127,0.02448979591839392,0.0,0.5344392703812612,0.46556072961873884,1746.4628100209627,0.0,-0.5344392703812612
0.03265306122445476,0.02653061224492662,0.0,0.534381681477491,0.465618318522509,1746.5486164559443,0.0,-0.534381681477491
0.03265306122445824,0.02857142857145915,0.0,0.5343190923595599,0.4656809076404401,1746.6418826824768,0.0,-0.5343190923595599
0.03265306122446171,0.03061224489799143,0.0,0.5342543646567824,0.46574563534321756,1746.7383461666493,0.0,-0.5342543646567824
0.03265306122446521,0.03265306122452438,0.0,0.5341908056531726,0.46580919434682744,1746.833078310958,0.0,-0.5341908056531726
0.03265306122446868,0.03469387755105626,0.0,0.5341320583529697,0.46586794164703027,1746.9206479428508,0.0,-0.5341320583529697
0.03265306122447216,0.03673469387758958,0.0,0.5340819775613226,0.4659180224386774,1746.9953060762352,0.0,-0.5340819775613226
0.03265306122447564,0.03877551020412077,0.0,0.5340444966392931,0.4659555033607069,1747.0511850805692,0.0,-0.5340444966392931
0.03265306122447913,0.04081632653065374,0.0,0.5340234896412445,0.46597651035875554,1747.082505247277,0.0,-0.5340234896412445
0.03265306122448261,0.04285714285718578,0.0,0.5340226333492236,0.4659773666507764,1747.083781950839,0.0,-0.5340226333492236
0.03265306122448608,0.04489795918371875,0.0,0.5340452733478709,0.4659547266521291,1747.0500270764671,0.0,-0.5340452733478709
0.03265306122448958,0.04693877551025082,0.0,0.5340942978144685,0.4659057021855315,1746.9769390194974,0.0,-0.5340942978144685
0.03265306122449305,0.04897959183678377,0.0,0.5341720222144358,0.4658279777855642,1746.861076239695,0.0,-0.5341720222144358
0.03265306122449653,0.05102040816331398,0.0,0.5342800876650303,0.4657199123349697,1746.7000099756544,0.0,-0.5342800876650303
0.03265306122450001,0.0530612244898428,0.0,0.5344193754092903,0.4655806245907097,1746.4924522195618,0.0,-0.5344193754092903
0.0326530612245035,0.05510204081637116,0.0,0.5345899396476839,0.46541006035231614,1746.2383553927918,0.0,-0.5345899396476839
0.03265306122450698,0.05714285714289995,0.0,0.5347909608911235,0.46520903910887645,1745.9389803689523,0.0,-0.5347909608911235
0.03265306122451046,0.05918367346942832,0.0,0.535020721977142,0.464979278022858,1745.5969296308347,0.0,-0.535020721977142
0.03265306122451395,0.06122448979595713,0.0,0.535276608855841,0.46472339114415895,1745.216142525388,0.0,-0.535276608855841
0.03265306122451742,0.0632653061224855,0.0,0.5355551381136935,0.4644448618863065,1744.801849919448,0.0,-0.5355551381136935
0.0326530612245209,0.06530612244901446,0.0,0.5358520128717768,0.46414798712822325,1744.3604861781105,0.0,-0.5358520128717768
0.03265306122452438,0.06734693877554272,0.0,0.5361622080977347,0.46383779190226526,1743.8995573797283,0.0,-0.5361622080977347
0.03265306122452787,0.06938775510207155,0.0,0.5364800854669273,0.46351991453307273,1743.4274660905785,0.0,-0.5364800854669273
0.03265306122453135,0.07142857142860003,0.0,0.5367995367004325,0.46320046329956754,1742.9532948292342,0.0,-0.5367995367004325
0.03265306122453482,0.07346938775512861,0.0,0.5371141528472637,0.4628858471527363,1742.4865524683762,0.0,-0.5371141528472637
0.03265306122453832,0.0755102040816573,0.0,0.5374174153635466,0.4625825846364534,1742.0368901007964,0.0,-0.5374174153635466
0.03265306122454179,0.07755102040818504,0.0,0.5377029032080621,0.46229709679193787,1741.6137951415542,0.0,-0.5377029032080621
0.03265306122454528,0.07959183673471454,0.0,0.5379645086786945,0.4620354913213055,1741.226274433059,0.0,-0.5379645086786945
0.03265306122454875,0.08163265306124232,0.0,0.5381966535173146,0.4618033464826854,1740.8825386543006,0.0,-0.5381966535173146
0.03265306122455224,0.08367346938777173,0.0,0.5383944960529667,0.46160550394703326,1740.589701232702,0.0,-0.5383944960529667
0.03265306122455572,0.08571428571429957,0.0,0.5385541199409463,0.46144588005905374,1740.3535050945643,0.0,-0.5385541199409463
0.03265306122455919,0.08775510204082881,0.0,0.5386726954466083,0.46132730455339166,1740.1780899119767,0.0,-0.5386726954466083
0.03265306122456269,0.08979591836735684,0.0,0.5387486052214541,0.46125139477854593,1740.0658110248116,0.0,-0.5387486052214541
0.03265306122456615,0.09183673469388587,0.0,0.538781528075073,0.46121847192492704,1740.0171190159808,0.0,-0.538781528075073
0.03265306122456964,0.09387755102041409,0.0,0.5387724762609061,0.4612275237390939,1740.0305061323554,0.0,-0.5387724762609061
0.03265306122457312,0.09591836734694292,0.0,0.5387237841279074,0.46127621587209255,1740.1025225517085,0.0,-0.5387237841279074
0.03265306122457662,0.09795918367347138,0.0,0.5386390484773081,0.46136095152269185,1740.2278621067314,0.0,-0.5386390484773081
0.03469387755093794,0.002040816326533131,0.0,0.5341493212359595,0.4658506787640405,1746.8949147122744,0.0,-0.5341493212359595
0.03469387755094165,0.00408163265306576,0.0,0.5341685539532611,0.4658314460467389,1746.8662460051632,0.0,-0.5341685539532611
0.03469387755094535,0.006122448979599094,0.0,0.5341922344395132,0.46580776556048675,1746.830948649356,0.0,-0.5341922344395132
0.03469387755094903,0.008163265306131694,0.0,0.5342176830510018,0.4657823169489982,1746.793017374233,0.0,-0.5342176830510018
0.03469387755095274,0.01020408163266586,0.0,0.5342422871315364,0.46575771286846357,1746.7563464426473,0.0,-0.5342422871315364
0.03469387755095642,0.012244897959198,0.0,0.5342636161093349,0.4657363838906651,1746.7245581044958,0.0,-0.5342636161093349
0.03469387755096013,0.01428571428573175,0.0,0.5342795325449232,0.4657204674550768,1746.7008372791042,0.0,-0.5342795325449232
0.03469387755096382,0.01632653061226254,0.0,0.5342882943081781,0.46571170569182185,1746.687779589209,0.0,-0.5342882943081781
0.03469387755096753,0.01836734693879639,0.0,0.5342886432092171,0.4657113567907829,1746.687259624674,0.0,-0.5342886432092171
0.03469387755097122,0.02040816326532664,0.0,0.534279875824045,0.465720124175955,1746.7003256852179,0.0,-0.534279875824045
0.0346938775509749,0.02244897959186078,0.0,0.5342618929374562,0.4657381070625438,1746.7271262469812,0.0,-0.5342618929374562
0.03469387755097861,0.02448979591839139,0.0,0.5342352249421977,0.46576477505780234,1746.7668720619833,0.0,-0.5342352249421977
0.03469387755098231,0.02653061224492385,0.0,0.5342010316297618,0.46579896837023815,1746.8178362096105,0.0,-0.5342010316297618
0.03469387755098601,0.02857142857145614,0.0,0.5341610760095646,0.46583892399043536,1746.8773926790275,0.0,-0.5341610760095646
0.0346938775509897,0.03061224489798819,0.0,0.5341176730127164,0.4658823269872836,1746.9420922911208,0.0,-0.5341176730127164
0.03469387755099339,0.0326530612245209,0.0,0.534073615084459,0.46592638491554095,1747.0077730926296,0.0,-0.534073615084459
0.0346938775509971,0.03469387755105256,0.0,0.5340320776633946,0.46596792233660544,1747.0697008886755,0.0,-0.5340320776633946
0.03469387755100079,0.03673469387758563,0.0,0.5339965083207445,0.4660034916792555,1747.1227344158112,0.0,-0.5339965083207445
0.0346938775510045,0.03877551020411653,0.0,0.5339705038485713,0.46602949615142875,1747.1615088560916,0.0,-0.5339705038485713
0.03469387755100819,0.04081632653064923,0.0,0.5339576798310732,0.46604232016892677,1747.1806309738222,0.0,-0.5339576798310732
0.03469387755101188,0.04285714285718108,0.0,0.5339615372266869,0.46603846277331307,1747.1748790994557,0.0,-0.5339615372266869
0.03469387755101558,0.04489795918371381,0.0,0.5339853302763847,0.46601466972361527,1747.1394014308676,0.0,-0.5339853302763847
0.03469387755101928,0.04693877551024564,0.0,0.5340319397001078,0.46596806029989224,1747.0699065843091,0.0,-0.5340319397001078
0.03469387755102298,0.04897959183677834,0.0,0.5341037547225107,0.4658962452774893,1746.9628409050624,0.0,-0.5341037547225107
0.03469387755102667,0.05102040816330856,0.0,0.5342025670519758,0.4657974329480242,1746.8155476432396,0.0,-0.5342025670519758
0.03469387755103037,0.05306122448983761,0.0,0.5343294795794544,0.4656705204205456,1746.6264036346358,0.0,-0.5343294795794544
0.03469387755103407,0.05510204081636619,0.0,0.5344848322982392,0.4655151677017608,1746.3949295544946,0.0,-0.5344848322982392
0.03469387755103776,0.05714285714289523,0.0,0.5346681477742276,0.46533185222577245,1746.1218701300716,0.0,-0.5346681477742276
0.03469387755104147,0.0591836734694238,0.0,0.5348780983892857,0.4651219016107143,1745.8092409460555,0.0,-0.5348780983892857
0.03469387755104516,0.06122448979595285,0.0,0.5351124974812416,0.46488750251875843,1745.460338733246,0.0,-0.5351124974812416
0.03469387755104885,0.06326530612248141,0.0,0.5353683163376892,0.4646316836623108,1745.0797123977436,0.0,-0.5353683163376892
0.03469387755105256,0.06530612244901063,0.0,0.5356417286863142,0.4643582713136858,1744.6730926334744,0.0,-0.5356417286863142
0.03469387755105625,0.0673469387755391,0.0,0.5359281837901326,0.46407181620986737,1744.2472788573793,0.0,-0.5359281837901326
0.03469387755105995,0.06938775510206815,0.0,0.5362225084540866,0.4637774915459134,1743.8099834697905,0.0,-0.5362225084540866
0.03469387755106364,0.07142857142859688,0.0,0.5365190371681272,0.4634809628318728,1743.369635075268,0.0,-0.5365190371681272
0.03469387755106734,0.07346938775512568,0.0,0.5368117682830433,0.46318823171695667,1742.9351442430468,0.0,-0.5368117682830433
0.03469387755107104,0.0755102040816546,0.0,0.5370945426151206,0.4629054573848794,1742.5156375227537,0.0,-0.5370945426151206
0.03469387755107473,0.07755102040818251,0.0,0.5373612393190431,0.4626387606809569,1742.1201675929228,0.0,-0.5373612393190431
0.03469387755107844,0.07959183673471232,0.0,0.5376059823961746,0.46239401760382537,1741.7574094106117,0.0,-0.5376059823961746
0.03469387755108213,0.08163265306124023,0.0,0.5378233499677402,0.46217665003225983,1741.4353538492044,0.0,-0.5378233499677402
0.03469387755108583,0.08367346938776996,0.0,0.538008577580334,0.46199142241966595,1741.1610113782885,0.0,-0.538008577580334
0.03469387755108953,0.08571428571429796,0.0,0.5381577464385526,0.46184225356144737,1740.9401387172086,0.0,-0.5381577464385526
0.03469387755109322,0.08775510204082748,0.0,0.5382679476495493,0.4617320523504507,1740.7770010035304,0.0,-0.5382679476495493
0.03469387755109692,0.0897959183673557,0.0,0.5383374143406728,0.46166258565932716,1740.6741808456268,0.0,-0.5383374143406728
0.03469387755110061,0.09183673469388498,0.0,0.5383656148457197,0.46163438515428035,1740.6324437260291,0.0,-0.5383656148457197
0.03469387755110431,0.09387755102041342,0.0,0.5383533019697939,0.4616466980302061,1740.6506666987066,0.0,-0.5383533019697939
0.03469387755110801,0.09591836734694248,0.0,0.5383025155168146,0.46169748448318537,1740.7258343366843,0.0,-0.5383025155168146
0.0346938775511117,0.09795918367347115,0.0,0.5382165376441476,0.46178346235585244,1740.8531026304786,0.0,-0.5382165376441476
0.03673469387746294,0.002040816326532937,0.0,0.5339726088985077,0.46602739110149227,1747.158370019151,0.0,-0.5339726088985077
0.03673469387746688,0.00408163265306538,0.0,0.5339889108318634,0.4660110891681366,1747.1340626115627,0.0,-0.5339889108318634
0.03673469387747084,0.006122448979598493,0.0,0.5340120028513163,0.46598799714868366,1747.0996318329614,0.0,-0.5340120028513163
0.0367346938774748,0.00816326530613094,0.0,0.5340393347934567,0.46596066520654333,1747.0588809772235,0.0,-0.5340393347934567
0.03673469387747876,0.0102040816326649,0.0,0.5340683326175303,0.4659316673824697,1747.015648435034,0.0,-0.5340683326175303
0.03673469387748272,0.01224489795919689,0.0,0.5340965102370002,0.4659034897629998,1746.973640776698,0.0,-0.5340965102370002
0.03673469387748667,0.01428571428573039,0.0,0.5341215805060415,0.4658784194939585,1746.936267305722,0.0,-0.5341215805060415
0.03673469387749065,0.01632653061226098,0.0,0.5341415607208153,0.4658584392791847,1746.9064829715514,0.0,-0.5341415607208153
0.03673469387749458,0.01836734693879453,0.0,0.5341548679830077,0.4658451320169923,1746.8866465138124,0.0,-0.5341548679830077
0.03673469387749855,0.02040816326532459,0.0,0.5341604000079756,0.4658395999920244,1746.8784003386165,0.0,-0.5341604000079756
0.03673469387750251,0.02244897959185844,0.0,0.5341575974536871,0.46584240254631293,1746.8825778866153,0.0,-0.5341575974536871
0.03673469387750648,0.02448979591838887,0.0,0.5341464845870075,0.46585351541299247,1746.899143162586,0.0,-0.5341464845870075
0.03673469387751043,0.02653061224492108,0.0,0.5341276860534404,0.4658723139465596,1746.9271657110137,0.0,-0.5341276860534404
0.03673469387751437,0.02857142857145313,0.0,0.5341024186156874,0.4658975813843126,1746.9648327248276,0.0,-0.5341024186156874
0.03673469387751834,0.03061224489798496,0.0,0.5340724578994015,0.4659275421005985,1747.0094982707699,0.0,-0.5340724578994015
0.0367346938775223,0.03265306122451742,0.0,0.5340400813468063,0.46595991865319375,1747.057767922077,0.0,-0.5340400813468063
0.03673469387752625,0.03469387755104885,0.0,0.5340079896469437,0.46599201035305626,1747.105615523634,0.0,-0.5340079896469437
0.03673469387753023,0.03673469387758167,0.0,0.5339792098121102,0.4660207901878898,1747.1485274794782,0.0,-0.5339792098121102
0.03673469387753418,0.0387755102041123,0.0,0.5339569837494027,0.4660430162505973,1747.1816689254035,0.0,-0.5339569837494027
0.03673469387753814,0.04081632653064478,0.0,0.5339446466051881,0.46605535339481186,1747.2000654747271,0.0,-0.5339446466051881
0.03673469387754209,0.04285714285717637,0.0,0.5339454993376838,0.46605450066231624,1747.198793909047,0.0,-0.5339454993376838
0.03673469387754605,0.04489795918370885,0.0,0.533962679924777,0.466037320075223,1747.173175196495,0.0,-0.533962679924777
0.03673469387755,0.04693877551024046,0.0,0.5339990373891029,0.4660009626108971,1747.1189634943548,0.0,-0.5339990373891029
0.03673469387755397,0.04897959183677292,0.0,0.5340570124828362,0.4659429875171638,1747.0325252467753,0.0,-0.5340570124828362
0.03673469387755793,0.05102040816330314,0.0,0.5341385284870865,0.46586147151291346,1746.9110030308989,0.0,-0.5341385284870865
0.03673469387756188,0.05306122448983241,0.0,0.5342448952045159,0.4657551047954841,1746.7524593538765,0.0,-0.5342448952045159
0.03673469387756584,0.05510204081636121,0.0,0.534376728900833,0.465623271099167,1746.5559961001804,0.0,-0.534376728900833
0.03673469387756979,0.05714285714289048,0.0,0.5345338906985814,0.46546610930141863,1746.3218457482487,0.0,-0.5345338906985814
0.03673469387757376,0.05918367346941929,0.0,0.5347154457343586,0.4652845542656414,1746.0514308318272,0.0,-0.5347154457343586
0.03673469387757772,0.06122448979594856,0.0,0.5349196452206251,0.4650803547793749,1745.747388465431,0.0,-0.5349196452206251
0.03673469387758167,0.06326530612247737,0.0,0.5351439333469729,0.46485606665302714,1745.413557164507,0.0,-0.5351439333469729
0.03673469387758562,0.0653061224490068,0.0,0.5353849806437394,0.4646150193562606,1745.0549237618097,0.0,-0.5353849806437394
0.03673469387758958,0.0673469387755355,0.0,0.5356387449458396,0.46436125505416037,1744.6775290396606,0.0,-0.5356387449458396
0.03673469387759355,0.06938775510206481,0.0,0.5359005603852127,0.4640994396147873,1744.2883318258155,0.0,-0.5359005603852127
0.0367346938775975,0.07142857142859373,0.0,0.5361652538831737,0.4638347461168263,1743.8950327594232,0.0,-0.5361652538831737
0.03673469387760146,0.07346938775512274,0.0,0.5364272874232513,0.4635727125767487,1743.5058606912182,0.0,-0.5364272874232513
0.03673469387760541,0.07551020408165192,0.0,0.5366809230155823,0.46331907698441765,1743.1293266508153,0.0,-0.5366809230155823
0.03673469387760937,0.07755102040817999,0.0,0.536920405808507,0.463079594191493,1742.773952356565,0.0,-0.536920405808507
0.03673469387761333,0.07959183673471007,0.0,0.5371401593837538,0.4628598406162462,1742.4479821876046,0.0,-0.5371401593837538
0.0367346938776173,0.08163265306123821,0.0,0.537334986026004,0.46266501397399595,1742.15908919709,0.0,-0.537334986026004
0.03673469387762125,0.08367346938776818,0.0,0.5375002638218518,0.4624997361781482,1741.9140869425657,0.0,-0.5375002638218518
0.0367346938776252,0.08571428571429637,0.0,0.5376321319351667,0.4623678680648333,1741.7186594974123,0.0,-0.5376321319351667
0.03673469387762916,0.08775510204082612,0.0,0.5377276554106999,0.4622723445893001,1741.577121887693,0.0,-0.5377276554106999
0.03673469387763312,0.08979591836735454,0.0,0.5377849614170509,0.4622150385829491,1741.4922223315566,0.0,-0.5377849614170509
0.03673469387763708,0.09183673469388409,0.0,0.5378033399467347,0.4621966600532653,1741.4649960658442,0.0,-0.5378033399467347
0.03673469387764104,0.09387755102041273,0.0,0.5377833035888921,0.46221669641110785,1741.4946783081803,0.0,-0.5377833035888921
0.036734693877645,0.09591836734694204,0.0,0.5377266029785126,0.4622733970214874,1741.578681156384,0.0,-0.5377266029785126
0.03673469387764895,0.09795918367347092,0.0,0.5376361967676642,0.46236380323233583,1741.7126361461967,0.0,-0.5376361967676642
0.03877551020398529,0.002040816326532743,0.0,0.5340252707077204,0.46597472929227957,1747.0798497410458,0.0,-0.5340252707077204
0.03877551020398953,0.004081632653064997,0.0,0.5340326092349535,0.46596739076504645,1747.06890834532,0.0,-0.5340326092349535
0.03877551020399377,0.006122448979597891,0.0,0.5340487821800478,0.4659512178199522,1747.0447957357692,0.0,-0.5340487821800478
0.03877551020399797,0.008163265306130188,0.0,0.534071401509459,0.465928598490541,1747.0110731824634,0.0,-0.534071401509459
0.03877551020400221,0.01020408163266395,0.0,0.5340979677954409,0.46590203220455906,1746.9714678795647,0.0,-0.5340979677954409
0.03877551020400645,0.01224489795919579,0.0,0.5341259780669797,0.4658740219330203,1746.9297118123184,0.0,-0.5341259780669797
0.03877551020401069,0.01428571428572902,0.0,0.5341530357710594,0.46584696422894056,1746.8893776720688,0.0,-0.5341530357710594
0.03877551020401492,0.01632653061225943,0.0,0.534176958423833,0.46582304157616705,1746.8537184138013,0.0,-0.534176958423833
0.03877551020401915,0.01836734693879269,0.0,0.5341958783869751,0.46580412161302487,1746.8255172274726,0.0,-0.5341958783869751
0.03877551020402339,0.02040816326532254,0.0,0.5342083322788687,0.46579166772113134,1746.806954552639,0.0,-0.5342083322788687
0.03877551020402762,0.02244897959185609,0.0,0.5342133348484993,0.4657866651515007,1746.7994982738292,0.0,-0.5342133348484993
0.03877551020403185,0.02448979591838633,0.0,0.5342104337060516,0.4657895662939484,1746.8038223891872,0.0,-0.5342104337060516
0.03877551020403609,0.02653061224491831,0.0,0.5341997420983811,0.46580025790161894,1746.819758277195,0.0,-0.5341997420983811
0.03877551020404033,0.02857142857145014,0.0,0.534181947896686,0.46581805210331395,1746.8462812573375,0.0,-0.534181947896686
0.03877551020404456,0.03061224489798173,0.0,0.5341582980649316,0.46584170193506835,1746.8815335384777,0.0,-0.5341582980649316
0.0387755102040488,0.03265306122451395,0.0,0.5341305590246148,0.4658694409753852,1746.9228829797223,0.0,-0.5341305590246148
0.03877551020405302,0.03469387755104516,0.0,0.534100954442819,0.465899045557181,1746.9670154660407,0.0,-0.534100954442819
0.03877551020405726,0.0367346938775777,0.0,0.5340720829686781,0.46592791703132186,1747.0100572333397,0.0,-0.5340720829686781
0.03877551020406149,0.03877551020410806,0.0,0.5340468192636211,0.4659531807363789,1747.0477222567667,0.0,-0.5340468192636211
0.03877551020406573,0.04081632653064028,0.0,0.534028202268519,0.465971797731481,1747.075478906626,0.0,-0.534028202268519
0.03877551020406995,0.04285714285717167,0.0,0.5340193150064318,0.46598068499356815,1747.088729509678,0.0,-0.5340193150064318
0.03877551020407419,0.0448979591837039,0.0,0.5340231603397404,0.4659768396602596,1747.0829962248918,0.0,-0.5340231603397404
0.03877551020407843,0.04693877551023529,0.0,0.5340425370158287,0.4659574629841713,1747.0541067134359,0.0,-0.5340425370158287
0.03877551020408265,0.04897959183676751,0.0,0.5340799200953157,0.4659200799046843,1746.998373388091,0.0,-0.5340799200953157
0.0387755102040869,0.05102040816329771,0.0,0.5341373495201387,0.4658626504798613,1746.9127604876778,0.0,-0.5341373495201387
0.03877551020409113,0.05306122448982722,0.0,0.5342163302044822,0.4657836697955178,1746.7950337568757,0.0,-0.5342163302044822
0.03877551020409536,0.05510204081635624,0.0,0.5343177466683542,0.4656822533316458,1746.6438880532385,0.0,-0.5343177466683542
0.03877551020409958,0.05714285714288575,0.0,0.5344417949117872,0.4655582050882128,1746.4590487086032,0.0,-0.5344417949117872
0.03877551020410383,0.05918367346941476,0.0,0.5345879339534534,0.4654120660465466,1746.2413429314959,0.0,-0.5345879339534534
0.03877551020410806,0.06122448979594428,0.0,0.534754859212035,0.465245140787965,1745.9927379751648,0.0,-0.534754859212035
0.0387755102041123,0.06326530612247329,0.0,0.5349404996509718,0.4650595003490282,1745.716343267288,0.0,-0.5349404996509718
0.03877551020411653,0.06530612244900301,0.0,0.5351420402815121,0.46485795971848787,1745.4163742760854,0.0,-0.5351420402815121
0.03877551020412076,0.06734693877553188,0.0,0.5353559711655274,0.46464402883447264,1745.0980766515452,0.0,-0.5353559711655274
0.03877551020412499,0.06938775510206142,0.0,0.5355781634267798,0.4644218365732202,1744.7676101940006,0.0,-0.5355781634267798
0.03877551020412923,0.07142857142859055,0.0,0.5358039719360855,0.46419602806391447,1744.4318934994776,0.0,-0.5358039719360855
0.03877551020413346,0.0734693877551198,0.0,0.5360283632811157,0.4639716367188843,1744.0984117028258,0.0,-0.5360283632811157
0.03877551020413769,0.07551020408164921,0.0,0.5362460664002804,0.4637539335997196,1743.774991526965,0.0,-0.5362460664002804
0.03877551020414195,0.07755102040817746,0.0,0.5364517419232874,0.4635482580767126,1743.4695497428088,0.0,-0.5364517419232874
0.03877551020414617,0.07959183673470784,0.0,0.5366401649202213,0.46335983507977874,1743.1898230044037,0.0,-0.5366401649202213
0.03877551020415041,0.08163265306123615,0.0,0.5368064145381009,0.46319358546189915,1742.9430886802531,0.0,-0.5368064145381009
0.03877551020415464,0.08367346938776637,0.0,0.5369460630264002,0.46305393697359976,1742.735887585401,0.0,-0.5369460630264002
0.03877551020415887,0.08571428571429476,0.0,0.5370553560386928,0.4629446439613072,1742.5737602792685,0.0,-0.5370553560386928
0.0387755102041631,0.08775510204082479,0.0,0.5371313759395375,0.4628686240604625,1742.4610087181998,0.0,-0.5371313759395375
0.03877551020416734,0.0897959183673534,0.0,0.5371721802006044,0.4628278197993956,1742.4004944761923,0.0,-0.5371721802006044
0.03877551020417159,0.09183673469388318,0.0,0.5371769078503421,0.4628230921496579,1742.393483466899,0.0,-0.5371769078503421
0.03877551020417581,0.09387755102041204,0.0,0.5371458483127235,0.4628541516872765,1742.4395451676148,0.0,-0.5371458483127235
0.03877551020418004,0.09591836734694159,0.0,0.5370804687530486,0.4629195312469514,1742.5365118692157,0.0,-0.5370804687530486
0.03877551020418427,0.09795918367347067,0.0,0.5369833981233854,0.46301660187661464,1742.6805006091734,0.0,-0.5369833981233854
0.0408163265305103,0.00204081632653255,0.0,0.5343109948203865,0.46568900517961354,1746.653949835605,0.0,-0.5343109948203865
0.04081632653051476,0.004081632653064616,0.0,0.5343041980360225,0.46569580196397753,1746.6640787004624,0.0,-0.5343041980360225
0.04081632653051926,0.006122448979597296,0.0,0.534308034979481,0.465691965020519,1746.658360705331,0.0,-0.534308034979481
0.04081632653052373,0.008163265306129437,0.0,0.5343203126939177,0.46567968730608233,1746.6400641244957,0.0,-0.5343203126939177
0.04081632653052823,0.01020408163266299,0.0,0.5343386416740338,0.4656613583259662,1746.612750497768,0.0,-0.5343386416740338
0.04081632653053271,0.01224489795919469,0.0,0.5343605391938667,0.4656394608061333,1746.5801201957747,0.0,-0.5343605391938667
0.0408163265305372,0.01428571428572766,0.0,0.5343835374926054,0.46561646250739464,1746.5458508951815,0.0,-0.5343835374926054
0.04081632653054166,0.01632653061225788,0.0,0.5344052926363715,0.4655947073636285,1746.5134352323992,0.0,-0.5344052926363715
0.04081632653054614,0.01836734693879084,0.0,0.534423689624762,0.46557631037523795,1746.4860242370628,0.0,-0.534423689624762
0.04081632653055062,0.02040816326532049,0.0,0.5344369392477774,0.46556306075222265,1746.4662832043584,0.0,-0.5344369392477774
0.04081632653055511,0.02244897959185375,0.0,0.5344436623571102,0.46555633764288984,1746.4562664016419,0.0,-0.5344436623571102
0.04081632653055961,0.02448979591838381,0.0,0.5344429576140161,0.46555704238598394,1746.457316397402,0.0,-0.5344429576140161
0.04081632653056409,0.02653061224491554,0.0,0.534434449410972,0.46556555058902804,1746.469992856971,0.0,-0.534434449410972
0.04081632653056855,0.02857142857144713,0.0,0.5344183135096523,0.4655816864903477,1746.494034408407,0.0,-0.5344183135096523
0.04081632653057305,0.03061224489797849,0.0,0.5343952789452552,0.4656047210547448,1746.5283557121898,0.0,-0.5343952789452552
0.04081632653057752,0.03265306122451045,0.0,0.5343666058513198,0.4656333941486802,1746.5710802614128,0.0,-0.5343666058513198
0.04081632653058201,0.03469387755104147,0.0,0.5343340399837359,0.46566596001626415,1746.6196078012445,0.0,-0.5343340399837359
0.04081632653058651,0.03673469387757376,0.0,0.5342997457892104,0.46570025421078964,1746.6707136967602,0.0,-0.5342997457892104
0.04081632653059097,0.03877551020410384,0.0,0.5342662208001173,0.4657337791998827,1746.7206761978555,0.0,-0.5342662208001173
0.04081632653059547,0.04081632653063581,0.0,0.5342361948870903,0.4657638051129097,1746.765426430424,0.0,-0.5342361948870903
0.04081632653059994,0.04285714285716697,0.0,0.5342125184265308,0.46578748157346916,1746.8007151380668,0.0,-0.5342125184265308
0.04081632653060442,0.04489795918369895,0.0,0.5341980437303414,0.4658019562696586,1746.8222897289506,0.0,-0.5341980437303414
0.0408163265306089,0.04693877551023011,0.0,0.5341955041522355,0.4658044958477645,1746.8260750349339,0.0,-0.5341955041522355
0.04081632653061339,0.04897959183676209,0.0,0.5342073951627437,0.46579260483725626,1746.8083513217061,0.0,-0.5342073951627437
0.04081632653061788,0.05102040816329227,0.0,0.5342358614222736,0.46576413857772636,1746.7659234349494,0.0,-0.5342358614222736
0.04081632653062234,0.05306122448982203,0.0,0.5342825935333593,0.4657174064666407,1746.6962754539306,0.0,-0.5342825935333593
0.04081632653062683,0.05510204081635126,0.0,0.534348737771497,0.46565126222850295,1746.597705779066,0.0,-0.534348737771497
0.04081632653063132,0.05714285714288102,0.0,0.5344348217186361,0.4655651782813639,1746.4694381480874,0.0,-0.5344348217186361
0.04081632653063581,0.05918367346941024,0.0,0.5345406983755979,0.4654593016244021,1746.311704625941,0.0,-0.5345406983755979
0.04081632653064028,0.06122448979594001,0.0,0.5346655110082436,0.46533448899175645,1746.1257971462803,0.0,-0.5346655110082436
0.04081632653064476,0.06326530612246922,0.0,0.5348076806640006,0.46519231933599936,1745.9140847269964,0.0,-0.5348076806640006
0.04081632653064925,0.06530612244899921,0.0,0.5349649179400625,0.4650350820599375,1745.6799940913431,0.0,-0.5349649179400625
0.04081632653065372,0.06734693877552828,0.0,0.5351342601426681,0.4648657398573319,1745.4279521641374,0.0,-0.5351342601426681
0.0408163265306582,0.06938775510205807,0.0,0.5353121344002686,0.4646878655997314,1745.1632898399826,0.0,-0.5353121344002686
0.04081632653066269,0.0714285714285874,0.0,0.5354944465466438,0.4645055534533562,1744.8921075791166,0.0,-0.5354944465466438
0.04081632653066717,0.0734693877551169,0.0,0.5356766946605609,0.4643233053394391,1744.6211047850136,0.0,-0.5356766946605609
0.04081632653067167,0.0755102040816465,0.0,0.5358541050538022,0.46414589494619785,1744.357376523182,0.0,-0.5358541050538022
0.04081632653067613,0.07755102040817494,0.0,0.5360217872896126,0.4639782127103874,1744.1081828752183,0.0,-0.5360217872896126
0.04081632653068064,0.07959183673470561,0.0,0.5361749035696254,0.4638250964303746,1743.8806979692822,0.0,-0.5361749035696254
0.0408163265306851,0.08163265306123405,0.0,0.5363088466530184,0.46369115334698163,1743.6817473431129,0.0,-0.5363088466530184
0.0408163265306896,0.0836734693877646,0.0,0.5364194194826435,0.4635805805173565,1743.517543622767,0.0,-0.5364194194826435
0.04081632653069407,0.08571428571429315,0.0,0.5365030090025192,0.46349699099748076,1743.3934313913967,0.0,-0.5365030090025192
0.04081632653069857,0.08775510204082344,0.0,0.5365567463564402,0.46344325364355976,1743.3136524553552,0.0,-0.5365567463564402
0.04081632653070304,0.08979591836735223,0.0,0.5365786458265159,0.46342135417348407,1743.2811424085016,0.0,-0.5365786458265159
0.04081632653070753,0.09183673469388229,0.0,0.5365677155328911,0.46343228446710893,1743.2973684193328,0.0,-0.5365677155328911
0.040816326530712,0.09387755102041134,0.0,0.5365240340577029,0.4634759659422971,1743.3622165447941,0.0,-0.5365240340577029
0.04081632653071649,0.09591836734694116,0.0,0.5364487887191367,0.4635512112808633,1743.4739346895387,0.0,-0.5364487887191367
0.04081632653072096,0.09795918367347045,0.0,0.5363442731059491,0.4636557268940509,1743.6291347102674,0.0,-0.5363442731059491
0.04285714285703525,0.002040816326532355,0.0,0.5348046959083772,0.4651953040916228,1745.9185289582342,0.0,-0.5348046959083772
0.04285714285703997,0.004081632653064235,0.0,0.534779702303674,0.465220297696326,1745.9557447384354,0.0,-0.534779702303674
0.04285714285704467,0.006122448979596696,0.0,0.5347669606972063,0.4652330393027937,1745.9747177554189,0.0,-0.5347669606972063
0.04285714285704938,0.008163265306128684,0.0,0.5347645083333752,0.4652354916666248,1745.9783695197134,0.0,-0.5347645083333752
0.04285714285705408,0.01020408163266203,0.0,0.5347701021934422,0.46522989780655777,1745.9700398406208,0.0,-0.5347701021934422
0.04285714285705877,0.01224489795919359,0.0,0.5347813172969839,0.46521868270301614,1745.9533399458844,0.0,-0.5347813172969839
0.04285714285706349,0.01428571428572629,0.0,0.5347956524505799,0.4652043475494201,1745.9319945932814,0.0,-0.5347956524505799
0.0428571428570682,0.01632653061225632,0.0,0.5348106395050028,0.46518936049499715,1745.9096791043544,0.0,-0.5348106395050028
0.04285714285707289,0.01836734693878899,0.0,0.5348239518538139,0.46517604814618607,1745.8898577041991,0.0,-0.5348239518538139
0.0428571428570776,0.02040816326531843,0.0,0.5348335077290454,0.46516649227095463,1745.8756297767666,0.0,-0.5348335077290454
0.04285714285708229,0.0224489795918514,0.0,0.53483756386601,0.46516243613399,1745.869590586105,0.0,-0.53483756386601
0.04285714285708701,0.02448979591838128,0.0,0.5348347953494292,0.46516520465057076,1745.8737126316046,0.0,-0.5348347953494292
0.04285714285709171,0.02653061224491277,0.0,0.5348243579289178,0.4651756420710822,1745.8892530864061,0.0,-0.5348243579289178
0.04285714285709641,0.02857142857144412,0.0,0.5348059297935225,0.4651940702064775,1745.9166917294,0.0,-0.5348059297935225
0.04285714285710112,0.03061224489797526,0.0,0.5347797306899971,0.46522026931000293,1745.9557024699563,0.0,-0.5347797306899971
0.04285714285710582,0.03265306122450698,0.0,0.5347465173051248,0.4652534826948752,1746.0051600551396,0.0,-0.5347465173051248
0.04285714285711053,0.03469387755103776,0.0,0.5347075549408127,0.4652924450591873,1746.0631819364608,0.0,-0.5347075549408127
0.04285714285711523,0.03673469387756979,0.0,0.5346645666160124,0.46533543338398764,1746.127203662805,0.0,-0.5346645666160124
0.04285714285711992,0.0387755102040996,0.0,0.5346196617562374,0.46538033824376257,1746.194084663361,0.0,-0.5346196617562374
0.04285714285712464,0.04081632653063132,0.0,0.5345752475127118,0.4654247524872882,1746.260239983275,0.0,-0.5345752475127118
0.04285714285712935,0.04285714285716227,0.0,0.5345339264382354,0.4654660735617646,1746.3217925080178,0.0,-0.5345339264382354
0.04285714285713404,0.044897959183694,0.0,0.5344983847062419,0.4655016152937581,1746.3747395044015,0.0,-0.5344983847062419
0.04285714285713874,0.04693877551022493,0.0,0.5344712752875449,0.4655287247124551,1746.4151269286492,0.0,-0.5344712752875449
0.04285714285714345,0.04897959183675666,0.0,0.5344551005130398,0.4655448994869602,1746.4392248854906,0.0,-0.5344551005130398
0.04285714285714816,0.05102040816328685,0.0,0.5344520982860501,0.4655479017139499,1746.4436978208003,0.0,-0.5344520982860501
0.04285714285715286,0.05306122448981686,0.0,0.5344641359129207,0.46553586408707925,1746.4257634302835,0.0,-0.5344641359129207
0.04285714285715755,0.05510204081634629,0.0,0.5344926151462499,0.4655073848537501,1746.3833347984512,0.0,-0.5344926151462499
0.04285714285716226,0.05714285714287627,0.0,0.5345383916278911,0.4654616083721089,1746.3151408819144,0.0,-0.5345383916278911
0.04285714285716696,0.05918367346940571,0.0,0.5346017115116143,0.4653982884883857,1746.2208210721208,0.0,-0.5346017115116143
0.04285714285717167,0.0612244897959357,0.0,0.5346821676528053,0.4653178323471947,1746.1009901928385,0.0,-0.5346821676528053
0.04285714285717637,0.06326530612246516,0.0,0.5347786773692027,0.4652213226307973,1745.9572709121455,0.0,-0.5347786773692027
0.04285714285718108,0.06530612244899538,0.0,0.5348894833783874,0.4651105166216126,1745.7922912074657,0.0,-0.5348894833783874
0.04285714285718579,0.06734693877552468,0.0,0.5350121790676021,0.4649878209323979,1745.609645262404,0.0,-0.5350121790676021
0.04285714285719048,0.0693877551020547,0.0,0.5351437587080732,0.4648562412919268,1745.413817048043,0.0,-0.5351437587080732
0.04285714285719518,0.07142857142858422,0.0,0.5352806925534299,0.4647193074465701,1745.2100668924138,0.0,-0.5352806925534299
0.04285714285719988,0.07346938775511397,0.0,0.5354190259396785,0.4645809740603215,1745.004282591081,0.0,-0.5354190259396785
0.0428571428572046,0.07551020408164381,0.0,0.5355545005356648,0.4644454994643352,1744.8027980471384,0.0,-0.5355545005356648
0.04285714285720929,0.07755102040817244,0.0,0.5356826948097085,0.46431730519029146,1744.612183999555,0.0,-0.5356826948097085
0.04285714285721401,0.07959183673470337,0.0,0.5357991796405673,0.46420082035943266,1744.4390170158547,0.0,-0.5357991796405673
0.04285714285721871,0.08163265306123199,0.0,0.5358996838941431,0.4641003161058569,1744.2896344687765,0.0,-0.5358996838941431
0.0428571428572234,0.0836734693877628,0.0,0.5359802638124043,0.46401973618759573,1744.1698845487704,0.0,-0.5359802638124043
0.04285714285722811,0.08571428571429154,0.0,0.5360374693232693,0.46396253067673066,1744.0848813448692,0.0,-0.5360374693232693
0.04285714285723281,0.08775510204082211,0.0,0.5360684999764138,0.4639315000235862,1744.0387755305762,0.0,-0.5360684999764138
0.04285714285723752,0.0897959183673511,0.0,0.5360713432155247,0.46392865678447526,1744.0345511247642,0.0,-0.5360713432155247
0.04285714285724222,0.0918367346938814,0.0,0.5360448881560286,0.4639551118439714,1744.0738581090875,0.0,-0.5360448881560286
0.04285714285724693,0.09387755102041065,0.0,0.5359890089533318,0.4640109910466682,1744.1568893726505,0.0,-0.5359890089533318
0.04285714285725163,0.0959183673469407,0.0,0.5359046131825536,0.46409538681744644,1744.2823085747648,0.0,-0.5359046131825536
0.04285714285725634,0.0979591836734702,0.0,0.5357936523280441,0.4642063476719559,1744.4472331718423,0.0,-0.5357936523280441
0.04489795918356027,0.002040816326532161,0.0,0.5354534456090926,0.4645465543909074,1744.9530875408461,0.0,-0.5354534456090926
0.04489795918356522,0.004081632653063854,0.0,0.5354074466987876,0.4645925533012124,1745.0215059715626,0.0,-0.5354074466987876
0.04489795918357018,0.006122448979596098,0.0,0.5353752038194798,0.4646247961805202,1745.0694669845254,0.0,-0.5353752038194798
0.04489795918357513,0.008163265306127935,0.0,0.5353550224433373,0.4646449775566627,1745.0994879540604,0.0,-0.5353550224433373
0.04489795918358007,0.01020408163266107,0.0,0.5353448449886066,0.46465515501139343,1745.1146279010736,0.0,-0.5353448449886066
0.04489795918358503,0.01224489795919249,0.0,0.5353423435139959,0.4646576564860041,1745.118349126408,0.0,-0.5353423435139959
0.04489795918358999,0.01428571428572493,0.0,0.5353450223324947,0.4646549776675053,1745.1143640826604,0.0,-0.5353450223324947
0.04489795918359493,0.01632653061225477,0.0,0.5353503268469105,0.46464967315308947,1745.1064730746796,0.0,-0.5353503268469105
0.0448979591835999,0.01836734693878714,0.0,0.5353557545252369,0.46464424547476313,1745.0983989216463,0.0,-0.5353557545252369
0.04489795918360484,0.02040816326531638,0.0,0.5353589636656061,0.4646410363343939,1745.0936250757911,0.0,-0.5353589636656061
0.0448979591836098,0.02244897959184906,0.0,0.5353578754939902,0.46464212450600983,1745.095243812764,0.0,-0.5353578754939902
0.04489795918361476,0.02448979591837875,0.0,0.5353507652319862,0.4646492347680138,1745.1058209352143,0.0,-0.5353507652319862
0.04489795918361969,0.02653061224491,0.0,0.5353363380919904,0.46466366190800956,1745.1272829330815,0.0,-0.5353363380919904
0.04489795918362467,0.02857142857144112,0.0,0.5353137867085237,0.4646862132914763,1745.160831716902,0.0,-0.5353137867085237
0.04489795918362961,0.03061224489797203,0.0,0.5352828272810938,0.4647171727189062,1745.2068909096806,0.0,-0.5352828272810938
0.04489795918363457,0.0326530612245035,0.0,0.5352437126475683,0.4647562873524317,1745.2650863034946,0.0,-0.5352437126475683
0.04489795918363951,0.03469387755103406,0.0,0.5351972215706664,0.4648027784293336,1745.3342615391016,0.0,-0.5351972215706664
0.04489795918364445,0.03673469387756584,0.0,0.5351446246339189,0.4648553753660811,1745.4125284477466,0.0,-0.5351446246339189
0.04489795918364942,0.03877551020409537,0.0,0.5350876282317557,0.4649123717682443,1745.4973499091789,0.0,-0.5350876282317557
0.04489795918365438,0.04081632653062685,0.0,0.535028299128378,0.464971700871622,1745.5856516302085,0.0,-0.535028299128378
0.04489795918365933,0.04285714285715756,0.0,0.5349689728895559,0.4650310271104441,1745.6739580216836,0.0,-0.5349689728895559
0.04489795918366427,0.04489795918368904,0.0,0.5349121501154783,0.4650878498845217,1745.7585464134438,0.0,-0.5349121501154783
0.04489795918366922,0.04693877551021976,0.0,0.5348603847979152,0.4651396152020848,1745.8356132324977,0.0,-0.5348603847979152
0.04489795918367417,0.04897959183675124,0.0,0.5348161692909098,0.4651838307090902,1745.9014454839557,0.0,-0.5348161692909098
0.04489795918367914,0.05102040816328142,0.0,0.5347818203419002,0.46521817965809975,1745.9525908923279,0.0,-0.5347818203419002
0.04489795918368408,0.05306122448981167,0.0,0.534759370417084,0.465240629582916,1745.9860203341975,0.0,-0.534759370417084
0.04489795918368905,0.05510204081634131,0.0,0.5347504682179601,0.46524953178203987,1745.9992766594678,0.0,-0.5347504682179601
0.04489795918369399,0.05714285714287154,0.0,0.5347562918736672,0.46524370812633276,1745.9906045913713,0.0,-0.5347562918736672
0.04489795918369895,0.05918367346940119,0.0,0.5347774778475017,0.46522252215249826,1745.9590570575126,0.0,-0.5347774778475017
0.0448979591837039,0.06122448979593142,0.0,0.5348140681439539,0.46518593185604606,1745.904573994922,0.0,-0.5348140681439539
0.04489795918370884,0.06326530612246109,0.0,0.5348654779553539,0.4651345220446461,1745.8280303742463,0.0,-0.5348654779553539
0.0448979591837138,0.06530612244899155,0.0,0.5349304854372327,0.46506951456276735,1745.7312509090088,0.0,-0.5349304854372327
0.04489795918371875,0.06734693877552106,0.0,0.5350072448260039,0.4649927551739961,1745.6169896828221,0.0,-0.5350072448260039
0.0448979591837237,0.0693877551020513,0.0,0.5350933235796208,0.4649066764203792,1745.4888737801343,0.0,-0.5350933235796208
0.04489795918372866,0.0714285714285811,0.0,0.5351857635987458,0.4648142364012542,1745.3513109842584,0.0,-0.5351857635987458
0.04489795918373362,0.07346938775511104,0.0,0.5352811658483924,0.46471883415160764,1745.2093627376016,0.0,-0.5352811658483924
0.04489795918373857,0.07551020408164112,0.0,0.5353757968405816,0.46462420315941844,1745.0685848468042,0.0,-0.5353757968405816
0.04489795918374352,0.07755102040816989,0.0,0.5354657144731007,0.46453428552689935,1744.9348398317786,0.0,-0.5354657144731007
0.04489795918374848,0.07959183673470112,0.0,0.5355469096896343,0.46445309031036575,1744.814086299661,0.0,-0.5355469096896343
0.04489795918375342,0.08163265306122994,0.0,0.5356154593984599,0.4643845406015401,1744.7121521779936,0.0,-0.5356154593984599
0.04489795918375839,0.08367346938776102,0.0,0.5356676851454367,0.4643323148545633,1744.6344999486337,0.0,-0.5356676851454367
0.04489795918376333,0.08571428571428993,0.0,0.5357003112765859,0.4642996887234141,1744.5859930574838,0.0,-0.5357003112765859
0.04489795918376828,0.08775510204082076,0.0,0.5357106158388315,0.4642893841611685,1744.5706733130005,0.0,-0.5357106158388315
0.04489795918377323,0.08979591836734993,0.0,0.535696567333196,0.46430343266680396,1744.5915592272438,0.0,-0.535696567333196
0.04489795918377819,0.09183673469388051,0.0,0.535656940706897,0.46434305929310304,1744.650474829985,0.0,-0.535656940706897
0.04489795918378315,0.09387755102040998,0.0,0.5355914066698431,0.46440859333015694,1744.7479174763087,0.0,-0.5355914066698431
0.04489795918378808,0.09591836734694026,0.0,0.5355005895289359,0.46449941047106413,1744.882971598447,0.0,-0.5355005895289359
0.04489795918379306,0.09795918367346998,0.0,0.5353860901926041,0.4646139098073959,1745.0532733008743,0.0,-0.5353860901926041
0.04693877551008525,0.002040816326531968,0.0,0.536180618185699,0.46381938181430105,1743.8722089110695,0.0,-0.536180618185699
0.04693877551009042,0.004081632653063474,0.0,0.5361120960629804,0.4638879039370196,1743.9740039230585,0.0,-0.5361120960629804
0.04693877551009559,0.006122448979595498,0.0,0.536058783257201,0.463941216742799,1744.0532125169589,0.0,-0.536058783257201
0.04693877551010077,0.008163265306127184,0.0,0.5360192935381791,0.4639807064618209,1744.1118883336926,0.0,-0.5360192935381791
0.04693877551010595,0.01020408163266012,0.0,0.5359917958888967,0.46400820411110333,1744.1527480600098,0.0,-0.5359917958888967
0.04693877551011111,0.01224489795919138,0.0,0.5359741008648753,0.4640258991351247,1744.179042732322,0.0,-0.5359741008648753
0.04693877551011628,0.01428571428572356,0.0,0.535963759248595,0.46403624075140504,1744.1944106632454,0.0,-0.535963759248595
0.04693877551012145,0.01632653061225322,0.0,0.535958169538317,0.464041830461683,1744.2027172417434,0.0,-0.535958169538317
0.04693877551012664,0.01836734693878529,0.0,0.5359546903916773,0.4640453096083227,1744.2078874610443,0.0,-0.5359546903916773
0.04693877551013181,0.02040816326531433,0.0,0.5359507538069254,0.46404924619307464,1744.2137374976098,0.0,-0.5359507538069254
0.04693877551013698,0.02244897959184671,0.0,0.5359439746146718,0.4640560253853282,1744.2238119370406,0.0,-0.5359439746146718
0.04693877551014215,0.02448979591837622,0.0,0.5359322518151439,0.4640677481848561,1744.2412332596882,0.0,-0.5359322518151439
0.04693877551014733,0.02653061224490723,0.0,0.5359138574659021,0.46408614253409786,1744.268569913816,0.0,-0.5359138574659021
0.04693877551015251,0.02857142857143811,0.0,0.535887509222711,0.464112490777289,1744.3077286935245,0.0,-0.535887509222711
0.04693877551015768,0.03061224489796879,0.0,0.5358524232614154,0.46414757673858464,1744.3598762063316,0.0,-0.5358524232614154
0.04693877551016284,0.03265306122450001,0.0,0.5358083451386565,0.4641916548613435,1744.4253929953422,0.0,-0.5358083451386565
0.04693877551016802,0.03469387755103037,0.0,0.5357555571402858,0.4642444428597142,1744.503862435805,0.0,-0.5357555571402858
0.0469387755101732,0.03673469387756188,0.0,0.5356948617574447,0.46430513824255526,1744.594094940867,0.0,-0.5356948617574447
0.04693877551017837,0.03877551020409113,0.0,0.535627542049487,0.46437245795051296,1744.6941863863708,0.0,-0.535627542049487
0.04693877551018355,0.04081632653062234,0.0,0.5355553007249602,0.46444469927503984,1744.801608104121,0.0,-0.5355553007249602
0.04693877551018873,0.04285714285715286,0.0,0.535480180726347,0.46451981927365305,1744.913324395223,0.0,-0.535480180726347
0.04693877551019389,0.04489795918368408,0.0,0.5354044708831666,0.46459552911683344,1745.02593236195,0.0,-0.5354044708831666
0.04693877551019908,0.04693877551021459,0.0,0.5353306007616991,0.46466939923830086,1745.135818005667,0.0,-0.5353306007616991
0.04693877551020424,0.04897959183674581,0.0,0.5352610291701612,0.46473897082983884,1745.2393220181675,0.0,-0.5352610291701612
0.04693877551020942,0.05102040816327599,0.0,0.5351981308801306,0.4648018691198694,1745.3329085022392,0.0,-0.5351981308801306
0.04693877551021459,0.05306122448980648,0.0,0.5351440860227636,0.46485591397723636,1745.4133299647635,0.0,-0.5351440860227636
0.04693877551021976,0.05510204081633634,0.0,0.5351007763508615,0.4648992236491385,1745.4777822815802,0.0,-0.5351007763508615
0.04693877551022495,0.05714285714286681,0.0,0.5350696921716527,0.4649303078283473,1745.524043875347,0.0,-0.5350696921716527
0.04693877551023011,0.05918367346939666,0.0,0.5350518532963513,0.4649481467036487,1745.5505940127011,0.0,-0.5350518532963513
0.04693877551023529,0.06122448979592716,0.0,0.5350477468594061,0.46495225314059385,1745.5567058613,0.0,-0.5350477468594061
0.04693877551024046,0.063265306122457,0.0,0.5350572843576109,0.4649427156423891,1745.542510714539,0.0,-0.5350572843576109
0.04693877551024564,0.06530612244898773,0.0,0.5350797797552134,0.46492022024478663,1745.5090305772917,0.0,-0.5350797797552134
0.04693877551025082,0.06734693877551745,0.0,0.535113949988045,0.46488605001195504,1745.4581771168127,0.0,-0.535113949988045
0.04693877551025598,0.06938775510204796,0.0,0.5351579386572785,0.46484206134272155,1745.3927158424044,0.0,-0.5351579386572785
0.04693877551026115,0.07142857142857795,0.0,0.5352093631053909,0.4647906368946091,1745.3161953170018,0.0,-0.5352093631053909
0.04693877551026633,0.07346938775510811,0.0,0.5352653843889451,0.4647346156110549,1745.2328422514752,0.0,-0.5352653843889451
0.04693877551027149,0.07551020408163842,0.0,0.5353227988908141,0.46467720110918587,1745.147424501977,0.0,-0.5353227988908141
0.04693877551027668,0.07755102040816739,0.0,0.535378149451759,0.464621850548241,1745.0650852717533,0.0,-0.535378149451759
0.04693877551028185,0.07959183673469888,0.0,0.5354278529729711,0.46457214702702887,1744.9911531718099,0.0,-0.5354278529729711
0.04693877551028702,0.08163265306122787,0.0,0.5354683404953585,0.4645316595046415,1744.9309341497392,0.0,-0.5354683404953585
0.0469387755102922,0.08367346938775924,0.0,0.5354962048659545,0.4645037951340455,1744.8894925575353,0.0,-0.5354962048659545
0.04693877551029736,0.08571428571428832,0.0,0.5355083503382285,0.4644916496617715,1744.8714296860549,0.0,-0.5355083503382285
0.04693877551030255,0.08775510204081943,0.0,0.5355021379066068,0.46449786209339317,1744.8806688316372,0.0,-0.5355021379066068
0.04693877551030771,0.08979591836734882,0.0,0.5354755199245756,0.46452448007542435,1744.9202562762712,0.0,-0.5354755199245756
0.04693877551031291,0.09183673469387962,0.0,0.5354271576609487,0.4645728423390513,1744.992187378829,0.0,-0.5354271576609487
0.04693877551031806,0.09387755102040932,0.0,0.5353565159436299,0.4646434840563701,1745.0972662502124,0.0,-0.5353565159436299
0.04693877551032323,0.09591836734693981,0.0,0.5352639299239645,0.46473607007603546,1745.2350062232292,0.0,-0.5352639299239645
0.04693877551032842,0.09795918367346976,0.0,0.5351506402300106,0.4648493597699894,1745.403576580255,0.0,-0.5351506402300106
0.04897959183661024,0.002040816326531774,0.0,0.5368937450103886,0.46310625498961144,1742.8135077901966,0.0,-0.5368937450103886
0.04897959183661566,0.004081632653063092,0.0,0.536802391531379,0.463197608468621,1742.949058478922,0.0,-0.536802391531379
0.04897959183662108,0.006122448979594898,0.0,0.5367277053665592,0.4632722946334408,1743.0598938013577,0.0,-0.5367277053665592
0.04897959183662651,0.00816326530612643,0.0,0.5366686483066662,0.46333135169333384,1743.1475452921547,0.0,-0.5366686483066662
0.04897959183663193,0.01020408163265916,0.0,0.53662365754771,0.46337634245229,1743.2143257327875,0.0,-0.53662365754771
0.04897959183663737,0.01224489795919028,0.0,0.5365907248353208,0.4634092751646792,1743.2632114823753,0.0,-0.5365907248353208
0.04897959183664279,0.0142857142857222,0.0,0.5365674901750206,0.4634325098249794,1743.2977029660624,0.0,-0.5365674901750206
0.04897959183664821,0.01632653061225166,0.0,0.5365513468828987,0.46344865311710126,1743.3216682300701,0.0,-0.5365513468828987
0.04897959183665362,0.01836734693878345,0.0,0.5365395543163329,0.46346044568366707,1743.3391751110787,0.0,-0.5365395543163329
0.04897959183665904,0.02040816326531227,0.0,0.5365293542389495,0.46347064576105046,1743.3543181153113,0.0,-0.5365293542389495
0.04897959183666448,0.02244897959184437,0.0,0.5365180864805595,0.46348191351944046,1743.3710465013774,0.0,-0.5365180864805595
0.0489795918366699,0.02448979591837369,0.0,0.53650329939844,0.46349670060156,1743.3930002475017,0.0,-0.53650329939844
0.04897959183667533,0.02653061224490446,0.0,0.536482850674618,0.463517149325382,1743.4233605010543,0.0,-0.536482850674618
0.04897959183668073,0.02857142857143511,0.0,0.5364549942271967,0.46354500577280333,1743.46472071532,0.0,-0.5364549942271967
0.04897959183668615,0.03061224489796556,0.0,0.5364184494871606,0.46358155051283945,1743.518983958516,0.0,-0.5364184494871606
0.04897959183669158,0.03265306122449653,0.0,0.536372449989088,0.46362755001091205,1743.5872908456197,0.0,-0.536372449989088
0.04897959183669702,0.03469387755102667,0.0,0.5363167691158709,0.4636832308841291,1743.6699812372983,0.0,-0.5363167691158709
0.04897959183670245,0.03673469387755793,0.0,0.5362517218746087,0.4637482781253913,1743.766591341806,0.0,-0.5362517218746087
0.04897959183670784,0.0387755102040869,0.0,0.5361781426982509,0.4638218573017491,1743.8758862358093,0.0,-0.5361781426982509
0.04897959183671328,0.04081632653061788,0.0,0.5360973403913171,0.46390265960868293,1743.9959261910208,0.0,-0.5360973403913171
0.0489795918367187,0.04285714285714814,0.0,0.5360110323930645,0.46398896760693553,1744.1241636592306,0.0,-0.5360110323930645
0.04897959183672412,0.04489795918367913,0.0,0.5359212614497235,0.4640787385502765,1744.2575664236945,0.0,-0.5359212614497235
0.04897959183672955,0.04693877551020942,0.0,0.5358302985148866,0.4641697014851134,1744.392761346261,0.0,-0.5358302985148866
0.04897959183673498,0.04897959183674039,0.0,0.5357405361991789,0.46425946380082106,1744.526192378009,0.0,-0.5357405361991789
0.04897959183674039,0.05102040816327057,0.0,0.5356543773543347,0.46434562264566526,1744.6542860777577,0.0,-0.5356543773543347
0.04897959183674581,0.0530612244898013,0.0,0.5355741234119181,0.4644258765880819,1744.7736177892452,0.0,-0.5355741234119181
0.04897959183675123,0.05510204081633135,0.0,0.5355018669309228,0.46449813306907717,1744.881071829655,0.0,-0.5355018669309228
0.04897959183675666,0.05714285714286207,0.0,0.5354393924820916,0.4645606075179084,1744.973989486316,0.0,-0.5354393924820916
0.04897959183676208,0.05918367346939214,0.0,0.5353880895565393,0.46461191044346073,1745.0502992422898,0.0,-0.5353880895565393
0.04897959183676751,0.06122448979592286,0.0,0.5353488806768189,0.46465111932318115,1745.1086243935956,0.0,-0.5353488806768189
0.04897959183677293,0.06326530612245294,0.0,0.5353221673459875,0.4646778326540125,1745.1483640298807,0.0,-0.5353221673459875
0.04897959183677835,0.06530612244898391,0.0,0.5353077959171334,0.4646922040828666,1745.1697441925276,0.0,-0.5353077959171334
0.04897959183678378,0.06734693877551384,0.0,0.5353050449093867,0.4646949550906133,1745.1738368858976,0.0,-0.5353050449093867
0.0489795918367892,0.06938775510204458,0.0,0.5353126347295901,0.4646873652704099,1745.1625455041378,0.0,-0.5353126347295901
0.04897959183679462,0.07142857142857478,0.0,0.5353287601643678,0.4646712398356322,1745.1385561665375,0.0,-0.5353287601643678
0.04897959183680003,0.0734693877551052,0.0,0.5353511453644726,0.4646488546355274,1745.1052554524063,0.0,-0.5353511453644726
0.04897959183680546,0.07551020408163572,0.0,0.5353771203351236,0.46462287966487636,1745.0666161098593,0.0,-0.5353771203351236
0.04897959183681089,0.07755102040816486,0.0,0.5354037171669453,0.46459628283305465,1745.0270534841118,0.0,-0.5354037171669453
0.0489795918368163,0.07959183673469666,0.0,0.5354277834035853,0.4645722165964147,1744.9912566492508,0.0,-0.5354277834035853
0.04897959183682174,0.08163265306122582,0.0,0.5354461090756759,0.4645538909243241,1744.9639994854604,0.0,-0.5354461090756759
0.04897959183682716,0.08367346938775747,0.0,0.5354555630878165,0.4645444369121835,1744.9499381482033,0.0,-0.5354555630878165
0.04897959183683258,0.08571428571428671,0.0,0.535453233892649,0.464546766107351,1744.9534024339905,0.0,-0.535453233892649
0.048979591836838,0.0877551020408181,0.0,0.5354365687994048,0.4645634312005952,1744.978189356606,0.0,-0.5354365687994048
0.04897959183684342,0.08979591836734765,0.0,0.5354035059182274,0.4645964940817726,1745.0273677082291,0.0,-0.5354035059182274
0.04897959183684884,0.09183673469387874,0.0,0.535352592699847,0.46464740730015297,1745.103102408334,0.0,-0.535352592699847
0.04897959183685427,0.0938775510204086,0.0,0.5352830853358268,0.4647169146641732,1745.2065069844996,0.0,-0.5352830853358268
0.04897959183685969,0.09591836734693937,0.0,0.5351950239522071,0.4648049760477929,1745.3375315662797,0.0,-0.5351950239522071
0.04897959183686511,0.09795918367346954,0.0,0.5350892795402185,0.46491072045978155,1745.4948923328875,0.0,-0.5350892795402185
0.05102040816314031,0.002040816326531581,0.0,0.5374959410606072,0.46250405893939284,1741.920493981088,0.0,-0.5374959410606072
0.05102040816314574,0.004081632653062712,0.0,0.5373824513103895,0.46261754868961047,1742.0887211994225,0.0,-0.5373824513103895
0.05102040816315116,0.006122448979594301,0.0,0.5372871344953718,0.4627128655046282,1742.2300355651703,0.0,-0.5372871344953718
0.0510204081631566,0.00816326530612568,0.0,0.5372093363738851,0.4627906636261149,1742.3453941407436,0.0,-0.5372093363738851
0.05102040816316201,0.0102040816326582,0.0,0.537147801736614,0.46285219826338597,1742.436648142657,0.0,-0.537147801736614
0.05102040816316744,0.01224489795918919,0.0,0.5371007453639086,0.4628992546360914,1742.5064377670708,0.0,-0.5371007453639086
0.05102040816317288,0.01428571428572083,0.0,0.5370659396784815,0.4629340603215185,1742.5580619113223,0.0,-0.5370659396784815
0.0510204081631783,0.0163265306122501,0.0,0.5370408161039986,0.46295918389600144,1742.5953273517134,0.0,-0.5370408161039986
0.05102040816318373,0.0183673469387816,0.0,0.5370225767071598,0.4629774232928402,1742.6223825880188,0.0,-0.5370225767071598
0.05102040816318916,0.02040816326531023,0.0,0.5370083122882942,0.46299168771170585,1742.6435421638844,0.0,-0.5370083122882942
0.05102040816319458,0.02244897959184202,0.0,0.5369951227293448,0.4630048772706552,1742.6631077696127,0.0,-0.5369951227293448
0.05102040816320001,0.02448979591837117,0.0,0.5369802351545601,0.46301976484543994,1742.6851927674165,0.0,-0.5369802351545601
0.05102040816320544,0.0265306122449017,0.0,0.5369611153568048,0.4630388846431952,1742.7135568845908,0.0,-0.5369611153568048
0.05102040816321087,0.02857142857143211,0.0,0.5369355680338508,0.4630644319661492,1742.751457641946,0.0,-0.5369355680338508
0.0510204081632163,0.03061224489796233,0.0,0.5369018216934207,0.4630981783065793,1742.8015245872693,0.0,-0.5369018216934207
0.05102040816322172,0.03265306122449305,0.0,0.5368585946329412,0.46314140536705883,1742.8656615772609,0.0,-0.5368585946329412
0.05102040816322714,0.03469387755102298,0.0,0.5368051391671392,0.46319486083286077,1742.9449812174985,0.0,-0.5368051391671392
0.05102040816323258,0.03673469387755397,0.0,0.5367412622284646,0.46325873777153537,1743.0397741798824,0.0,-0.5367412622284646
0.051020408163238,0.03877551020408265,0.0,0.5366673215468218,0.46333267845317816,1743.1495145479516,0.0,-0.5366673215468218
0.05102040816324342,0.04081632653061338,0.0,0.5365841977570552,0.46341580224294476,1743.2729006884001,0.0,-0.5365841977570552
0.05102040816324885,0.04285714285714344,0.0,0.5364932439089858,0.4635067560910142,1743.407929516927,0.0,-0.5364932439089858
0.05102040816325427,0.04489795918367417,0.0,0.5363962148906647,0.4636037851093353,1743.5520005216558,0.0,-0.5363962148906647
0.05102040816325971,0.04693877551020424,0.0,0.5362951801551392,0.4637048198448608,1743.7020446193567,0.0,-0.5362951801551392
0.05102040816326514,0.04897959183673498,0.0,0.5361924238144283,0.46380757618557167,1743.854671919512,0.0,-0.5361924238144283
0.05102040816327057,0.05102040816326514,0.0,0.5360903366019547,0.4639096633980453,1744.006331802964,0.0,-0.5360903366019547
0.05102040816327598,0.05306122448979611,0.0,0.5359913043990335,0.46400869560096647,1744.1534783995369,0.0,-0.5359913043990335
0.05102040816328143,0.05510204081632639,0.0,0.5358975979860745,0.4641024020139255,1744.292734557774,0.0,-0.5358975979860745
0.05102040816328685,0.05714285714285734,0.0,0.5358112684462804,0.46418873155371965,1744.421047700369,0.0,-0.5358112684462804
0.05102040816329229,0.05918367346938761,0.0,0.5357340522616248,0.46426594773837515,1744.535831494699,0.0,-0.5357340522616248
0.05102040816329771,0.06122448979591857,0.0,0.5356672896448107,0.4643327103551893,1744.6350879756237,0.0,-0.5356672896448107
0.05102040816330312,0.06326530612244886,0.0,0.535611859090658,0.464388140909342,1744.7175055763607,0.0,-0.535611859090658
0.05102040816330856,0.0653061224489801,0.0,0.5355681305405408,0.46443186945945925,1744.7825294033541,0.0,-0.5355681305405408
0.05102040816331399,0.06734693877551023,0.0,0.5355359389553345,0.46446406104466553,1744.830400999999,0.0,-0.5355359389553345
0.05102040816331942,0.06938775510204119,0.0,0.5355145794925102,0.46448542050748975,1744.8621657687233,0.0,-0.5355145794925102
0.05102040816332484,0.07142857142857162,0.0,0.535502824875484,0.46449717512451605,1744.8796471648013,0.0,-0.535502824875484
0.05102040816333027,0.07346938775510226,0.0,0.5354989649138419,0.46450103508615814,1744.885387753049,0.0,-0.5354989649138419
0.0510204081633357,0.07551020408163303,0.0,0.5355008674655728,0.4644991325344272,1744.8825582471259,0.0,-0.5355008674655728
0.05102040816334112,0.07755102040816234,0.0,0.5355060594161807,0.4644939405838193,1744.8748367403068,0.0,-0.5355060594161807
0.05102040816334655,0.07959183673469442,0.0,0.5355118254855283,0.46448817451447166,1744.866261480001,0.0,-0.5355118254855283
0.05102040816335197,0.08163265306122375,0.0,0.5355153218788449,0.4644846781211551,1744.86106170797,0.0,-0.5355153218788449
0.05102040816335741,0.08367346938775569,0.0,0.535513701009005,0.46448629899099503,1744.8634722320228,0.0,-0.535513701009005
0.05102040816336283,0.08571428571428513,0.0,0.5355042427850739,0.4644957572149261,1744.8775384395683,0.0,-0.5355042427850739
0.05102040816336827,0.08775510204081677,0.0,0.5354844873510938,0.4645155126489062,1744.906919320785,0.0,-0.5354844873510938
0.05102040816337368,0.08979591836734652,0.0,0.5354523637374344,0.46454763626256557,1744.9546966469466,0.0,-0.5354523637374344
0.05102040816337912,0.09183673469387785,0.0,0.5354063087182577,0.4645936912817423,1745.0231986631907,0.0,-0.5354063087182577
0.05102040816338453,0.09387755102040793,0.0,0.5353453703021654,0.46465462969783455,1745.113846439982,0.0,-0.5353453703021654
0.05102040816338997,0.09591836734693893,0.0,0.5352692907457994,0.46473070925420057,1745.2270303499342,0.0,-0.5352692907457994
0.0510204081633954,0.09795918367346931,0.0,0.5351785647702716,0.4648214352297284,1745.3620230006923,0.0,-0.5351785647702716
0.0530612244896768,0.002040816326531387,0.0,0.537899665180599,0.46210033481940105,1741.3223121524288,0.0,-0.537899665180599
0.05306122448968198,0.00408163265306233,0.0,0.5377654264462819,0.4622345735537181,1741.5211627020847,0.0,-0.5377654264462819
0.05306122448968718,0.006122448979593701,0.0,0.5376509393279093,0.4623490606720907,1741.6907906710462,0.0,-0.5376509393279093
0.05306122448969236,0.008163265306124927,0.0,0.5375559620138546,0.4624440379861454,1741.8315373365642,0.0,-0.5375559620138546
0.05306122448969755,0.01020408163265725,0.0,0.5374795807038854,0.46252041929611465,1741.9447431298588,0.0,-0.5374795807038854
0.05306122448970274,0.01224489795918808,0.0,0.5374202714235707,0.46257972857642926,1742.0326563821236,0.0,-0.5374202714235707
0.05306122448970792,0.01428571428571946,0.0,0.5373759804642365,0.4626240195357635,1742.0983139914672,0.0,-0.5373759804642365
0.0530612244897131,0.01632653061224855,0.0,0.5373442206970056,0.4626557793029944,1742.1453982130945,0.0,-0.5373442206970056
0.05306122448971829,0.01836734693877974,0.0,0.5373221805958116,0.4626778194041884,1742.1780744135783,0.0,-0.5373221805958116
0.05306122448972347,0.02040816326530817,0.0,0.5373068423857451,0.4626931576142549,1742.2008152515443,0.0,-0.5373068423857451
0.05306122448972867,0.02244897959183968,0.0,0.5372951053362633,0.46270489466373665,1742.2182173140668,0.0,-0.5372951053362633
0.05306122448973385,0.02448979591836863,0.0,0.5372839098856143,0.46271609011438575,1742.2348166932145,0.0,-0.5372839098856143
0.05306122448973906,0.02653061224489892,0.0,0.5372703580637161,0.46272964193628385,1742.2549102628789,0.0,-0.5372703580637161
0.05306122448974424,0.0285714285714291,0.0,0.5372518256261578,0.4627481743738422,1742.2823894458313,0.0,-0.5372518256261578
0.05306122448974943,0.03061224489795909,0.0,0.5372260614637289,0.46277393853627113,1742.3205929914477,0.0,-0.5372260614637289
0.05306122448975462,0.03265306122448958,0.0,0.5371912702355786,0.46280872976442144,1742.3721846850706,0.0,-0.5371912702355786
0.05306122448975981,0.03469387755101928,0.0,0.5371461747939222,0.46285382520607776,1742.43906097906,0.0,-0.5371461747939222
0.05306122448976498,0.03673469387755,0.0,0.5370900558047096,0.4629099441952904,1742.5222923038127,0.0,-0.5370900558047096
0.05306122448977016,0.03877551020407842,0.0,0.5370227669796058,0.4629772330203942,1742.6221003448545,0.0,-0.5370227669796058
0.05306122448977536,0.04081632653060891,0.0,0.5369447254590262,0.46305527454097384,1742.7378719448182,0.0,-0.5369447254590262
0.05306122448978054,0.04285714285713874,0.0,0.5368568780502904,0.46314312194970964,1742.8682086081171,0.0,-0.5368568780502904
0.05306122448978573,0.04489795918366923,0.0,0.5367606451510345,0.4632393548489655,1743.0110089589307,0.0,-0.5367606451510345
0.05306122448979091,0.04693877551019907,0.0,0.5366578452012364,0.4633421547987636,1743.1635800325378,0.0,-0.5366578452012364
0.05306122448979611,0.04897959183672954,0.0,0.5365506033442822,0.4634493966557178,1743.3227720542068,0.0,-0.5365506033442822
0.0530612244898013,0.05102040816325971,0.0,0.5364412485926724,0.4635587514073276,1743.485130443935,0.0,-0.5364412485926724
0.05306122448980648,0.05306122448979092,0.0,0.5363322041628791,0.4636677958371209,1743.6470582161694,0.0,-0.5363322041628791
0.05306122448981166,0.0551020408163214,0.0,0.5362258757647411,0.4637741242352589,1743.8049817278134,0.0,-0.5362258757647411
0.05306122448981686,0.05714285714285261,0.0,0.5361245425225758,0.4638754574774242,1743.9555128434356,0.0,-0.5361245425225758
0.05306122448982206,0.05918367346938309,0.0,0.5360302549032052,0.4639697450967948,1744.095600988701,0.0,-0.5360302549032052
0.05306122448982723,0.0612244897959143,0.0,0.5359447435756355,0.4640552564243645,1744.2226691917058,0.0,-0.5359447435756355
0.05306122448983241,0.06326530612244478,0.0,0.5358693425761587,0.4641306574238413,1744.3347290019544,0.0,-0.5358693425761587
0.05306122448983761,0.06530612244897627,0.0,0.5358049295447728,0.46419507045522723,1744.4304700672794,0.0,-0.5358049295447728
0.0530612244898428,0.06734693877550663,0.0,0.5357518851675874,0.4642481148324126,1744.509321091463,0.0,-0.5357518851675874
0.05306122448984798,0.0693877551020378,0.0,0.5357100733254618,0.46428992667453817,1744.5714798583792,0.0,-0.5357100733254618
0.05306122448985318,0.07142857142856845,0.0,0.5356788428177873,0.4643211571822127,1744.6179109789628,0.0,-0.5356788428177873
0.05306122448985837,0.07346938775509931,0.0,0.5356570508968664,0.46434294910313356,1744.6503109975395,0.0,-0.5356570508968664
0.05306122448986352,0.07551020408163034,0.0,0.5356431082008537,0.4643568917991463,1744.6710414952702,0.0,-0.5356431082008537
0.05306122448986873,0.07755102040815981,0.0,0.5356350439994465,0.4643649560005535,1744.6830318624259,0.0,-0.5356350439994465
0.05306122448987391,0.07959183673469217,0.0,0.535630589960373,0.46436941003962695,1744.6896544814401,0.0,-0.535630589960373
0.0530612244898791,0.08163265306122167,0.0,0.535627279912065,0.46437272008793495,1744.6945761566992,0.0,-0.535627279912065
0.05306122448988429,0.08367346938775388,0.0,0.5356225623399862,0.4643774376600138,1744.7015907119173,0.0,-0.5356225623399862
0.05306122448988948,0.08571428571428352,0.0,0.5356139216483525,0.46438607835164747,1744.714438697618,0.0,-0.5356139216483525
0.05306122448989466,0.08775510204081541,0.0,0.5355990035966246,0.4644009964033754,1744.7366210380744,0.0,-0.5355990035966246
0.05306122448989986,0.08979591836734538,0.0,0.535575739840709,0.46442426015929095,1744.7712141174002,0.0,-0.535575739840709
0.05306122448990505,0.09183673469387696,0.0,0.5355424662327026,0.46445753376729737,1744.8206941768576,0.0,-0.5355424662327026
0.05306122448991022,0.09387755102040723,0.0,0.535498029512772,0.46450197048722797,1744.886778900121,0.0,-0.535498029512772
0.05306122448991541,0.09591836734693848,0.0,0.5354418772986475,0.46455812270135255,1744.9702936531908,0.0,-0.5354418772986475
0.05306122448992059,0.09795918367346906,0.0,0.5353741268550233,0.4646258731449767,1745.0710690056362,0.0,-0.5353741268550233
0.05510204081621196,0.002040816326531193,0.0,0.5380404765748559,0.4619595234251441,1741.1137741828325,0.0,-0.5380404765748559
0.05510204081621693,0.00408163265306195,0.0,0.5378872097980464,0.4621127902019536,1741.3407606510295,0.0,-0.5378872097980464
0.05510204081622191,0.006122448979593104,0.0,0.5377553496461334,0.46224465035386664,1741.5360915023225,0.0,-0.5377553496461334
0.05510204081622688,0.008163265306124174,0.0,0.5376450845406447,0.46235491545935525,1741.699466209111,0.0,-0.5376450845406447
0.05510204081623186,0.01020408163265629,0.0,0.5375558672480616,0.4624441327519384,1741.8316777811367,0.0,-0.5375558672480616
0.05510204081623684,0.01224489795918698,0.0,0.5374864667386786,0.4625135332613214,1741.9345366391867,0.0,-0.5374864667386786
0.05510204081624182,0.0142857142857181,0.0,0.5374350403359385,0.4625649596640615,1742.0107638162178,0.0,-0.5374350403359385
0.05510204081624678,0.016326530612247,0.0,0.5373992236421157,0.4626007763578843,1742.0638573247045,0.0,-0.5373992236421157
0.05510204081625177,0.0183673469387779,0.0,0.5373762353492064,0.4626237646507936,1742.097936131851,0.0,-0.5373762353492064
0.05510204081625673,0.02040816326530612,0.0,0.5373629936413544,0.4626370063586456,1742.1175667987638,0.0,-0.5373629936413544
0.05510204081626172,0.02244897959183733,0.0,0.5373562404813955,0.4626437595186045,1742.1275784446143,0.0,-0.5373562404813955
0.05510204081626668,0.02448979591836611,0.0,0.5373526696835901,0.4626473303164099,1742.1328722444541,0.0,-0.5373526696835901
0.05510204081627166,0.02653061224489615,0.0,0.5373490543563473,0.4626509456436527,1742.1382320931104,0.0,-0.5373490543563473
0.05510204081627663,0.02857142857142609,0.0,0.5373423691081439,0.4626576308918561,1742.1481432934763,0.0,-0.5373423691081439
0.05510204081628162,0.03061224489795586,0.0,0.5373299023994165,0.46267009760058353,1742.1666260869597,0.0,-0.5373299023994165
0.05510204081628657,0.03265306122448608,0.0,0.5373093546335745,0.46269064536642546,1742.197090485476,0.0,-0.5373093546335745
0.05510204081629155,0.03469387755101559,0.0,0.5372789180329832,0.4627210819670168,1742.2422181635588,0.0,-0.5372789180329832
0.05510204081629655,0.03673469387754606,0.0,0.5372373350386871,0.4627626649613129,1742.303876133376,0.0,-0.5372373350386871
0.05510204081630149,0.03877551020407419,0.0,0.5371839328788708,0.4628160671211292,1742.3830655953623,0.0,-0.5371839328788708
0.05510204081630649,0.04081632653060442,0.0,0.5371186330208695,0.4628813669791305,1742.4799078034832,0.0,-0.5371186330208695
0.05510204081631146,0.04285714285713403,0.0,0.5370419353875506,0.46295806461244937,1742.593667100431,0.0,-0.5370419353875506
0.05510204081631644,0.04489795918366427,0.0,0.5369548784030418,0.4630451215969582,1742.7228095716857,0.0,-0.5369548784030418
0.05510204081632142,0.04693877551019389,0.0,0.536858977054805,0.463141022945195,1742.865094148395,0.0,-0.536858977054805
0.05510204081632639,0.04897959183672412,0.0,0.5367561421448385,0.46324385785516153,1743.017691559384,0.0,-0.5367561421448385
0.05510204081633137,0.05102040816325429,0.0,0.5366485846918586,0.4633514153081414,1743.1773253765468,0.0,-0.5366485846918586
0.05510204081633632,0.05306122448978572,0.0,0.5365387099976253,0.4634612900023747,1743.3404285741083,0.0,-0.5365387099976253
0.05510204081634131,0.05510204081631644,0.0,0.5364290061855432,0.46357099381445677,1743.5033085598207,0.0,-0.5364290061855432
0.05510204081634629,0.05714285714284788,0.0,0.536321932062588,0.46367806793741195,1743.6623135332688,0.0,-0.536321932062588
0.05510204081635126,0.05918367346937856,0.0,0.5362198089709794,0.46378019102902057,1743.813993253601,0.0,-0.5362198089709794
0.05510204081635622,0.06122448979591002,0.0,0.5361247209235376,0.4638752790764624,1743.9552478049413,0.0,-0.5361247209235376
0.05510204081636121,0.06326530612244073,0.0,0.5360384268044588,0.4639615731955412,1744.0834586683716,0.0,-0.5360384268044588
0.05510204081636619,0.06530612244897244,0.0,0.5359622878145192,0.46403771218548084,1744.196597277428,0.0,-0.5359622878145192
0.05510204081637116,0.067346938775503,0.0,0.5358972126899635,0.4641027873100365,1744.2933071883551,0.0,-0.5358972126899635
0.05510204081637612,0.06938775510203445,0.0,0.5358436225600915,0.46415637743990845,1744.3729569893542,0.0,-0.5358436225600915
0.05510204081638113,0.07142857142856532,0.0,0.5358014366488539,0.46419856335114607,1744.43566207454,0.0,-0.5358014366488539
0.05510204081638609,0.07346938775509643,0.0,0.535770079376136,0.46422992062386403,1744.4822744060527,0.0,-0.535770079376136
0.05510204081639106,0.07551020408162765,0.0,0.5357485087699352,0.4642514912300648,1744.5143403833692,0.0,-0.5357485087699352
0.05510204081639603,0.07755102040815728,0.0,0.5357352654508988,0.4642647345491012,1744.534027941626,0.0,-0.5357352654508988
0.055102040816401,0.07959183673468995,0.0,0.5357285407860496,0.4642714592139504,1744.5440250188988,0.0,-0.5357285407860496
0.05510204081640599,0.08163265306121961,0.0,0.5357262621262293,0.4642737378737707,1744.5474125651315,0.0,-0.5357262621262293
0.05510204081641096,0.08367346938775211,0.0,0.5357261923509355,0.46427380764906445,1744.5475162960633,0.0,-0.5357261923509355
0.05510204081641595,0.08571428571428191,0.0,0.5357260402684221,0.4642739597315779,1744.5477423884663,0.0,-0.5357260402684221
0.05510204081642091,0.08775510204081408,0.0,0.5357235777961434,0.46427642220385656,1744.5514032137785,0.0,-0.5357235777961434
0.0551020408164259,0.08979591836734421,0.0,0.535716759326037,0.464283240673963,1744.5615399473324,0.0,-0.535716759326037
0.05510204081643086,0.09183673469387607,0.0,0.5357038383154286,0.46429616168457144,1744.5807493950513,0.0,-0.5357038383154286
0.05510204081643583,0.09387755102040654,0.0,0.5356834759901591,0.4643165240098409,1744.6110225779369,0.0,-0.5356834759901591
0.05510204081644082,0.09591836734693804,0.0,0.5356548371443619,0.4643451628556381,1744.6536024508212,0.0,-0.5356548371443619
0.05510204081644579,0.09795918367346884,0.0,0.5356176683959084,0.4643823316040916,1744.7088675741666,0.0,-0.5356176683959084
0.05714285714274843,0.002040816326530999,0.0,0.5378879079084826,0.4621120920915174,1741.339726622717,0.0,-0.5378879079084826
0.05714285714275316,0.004081632653061567,0.0,0.5377173398454016,0.4622826601545984,1741.5924054042453,0.0,-0.5377173398454016
0.05714285714275791,0.006122448979592505,0.0,0.5375698881804961,0.4624301118195039,1741.8108987587648,0.0,-0.5375698881804961
0.05714285714276263,0.008163265306123425,0.0,0.5374461767434164,0.46255382325658356,1741.9942562255208,0.0,-0.5374461767434164
0.05714285714276738,0.01020408163265533,0.0,0.5373460391455797,0.46265396085442034,1742.142702273397,0.0,-0.5373460391455797
0.0571428571427721,0.01224489795918588,0.0,0.5372685601269952,0.4627314398730048,1742.2575761360706,0.0,-0.5372685601269952
0.05714285714277683,0.01428571428571673,0.0,0.5372121385353043,0.46278786146469575,1742.3412388478355,0.0,-0.5372121385353043
0.05714285714278157,0.01632653061224544,0.0,0.5371745696523279,0.4628254303476721,1742.3969509603849,0.0,-0.5371745696523279
0.05714285714278632,0.01836734693877605,0.0,0.5371531442602786,0.4628468557397214,1742.4287249630759,0.0,-0.5371531442602786
0.05714285714279105,0.02040816326530407,0.0,0.5371447614759269,0.46285523852407306,1742.4411570049062,0.0,-0.5371447614759269
0.05714285714279578,0.02244897959183498,0.0,0.5371460519758975,0.4628539480241025,1742.4392431245308,0.0,-0.5371460519758975
0.05714285714280051,0.02448979591836358,0.0,0.5371535078136943,0.4628464921863057,1742.4281858012132,0.0,-0.5371535078136943
0.05714285714280525,0.02653061224489339,0.0,0.5371636146331863,0.4628363853668137,1742.4131971837865,0.0,-0.5371636146331863
0.05714285714280999,0.02857142857142309,0.0,0.5371729817713873,0.4628270182286127,1742.3993057589016,0.0,-0.5371729817713873
0.05714285714281472,0.03061224489795263,0.0,0.5371784655762504,0.4628215344237496,1742.3911734031244,0.0,-0.5371784655762504
0.05714285714281947,0.03265306122448261,0.0,0.537177281297199,0.462822718702801,1742.39292965514,0.0,-0.537177281297199
0.0571428571428242,0.03469387755101188,0.0,0.5371670991759819,0.46283290082401807,1742.4080295962244,0.0,-0.5371670991759819
0.05714285714282893,0.03673469387754209,0.0,0.5371461208895832,0.46285387911041675,1742.4391409219727,0.0,-0.5371461208895832
0.05714285714283367,0.03877551020406995,0.0,0.5371131332658237,0.46288686673417634,1742.4880646438653,0.0,-0.5371131332658237
0.05714285714283839,0.04081632653059995,0.0,0.5370675371705472,0.4629324628294528,1742.5556924279765,0.0,-0.5370675371705472
0.05714285714284313,0.04285714285712933,0.0,0.5370093505949313,0.46299064940506873,1742.6420019416282,0.0,-0.5370093505949313
0.05714285714284786,0.04489795918365933,0.0,0.536939186178137,0.46306081382186304,1742.7460898400489,0.0,-0.536939186178137
0.0571428571428526,0.04693877551018873,0.0,0.5368582046015503,0.4631417953984497,1742.8662402973505,0.0,-0.5368582046015503
0.05714285714285734,0.0489795918367187,0.0,0.5367680464040162,0.4632319535959838,1743.000025381941,0.0,-0.5367680464040162
0.05714285714286207,0.05102040816324886,0.0,0.5366707457195368,0.46332925428046323,1743.1444321964207,0.0,-0.5366707457195368
0.05714285714286681,0.05306122448978054,0.0,0.5365686301729041,0.4634313698270959,1743.2960106254945,0.0,-0.5365686301729041
0.05714285714287154,0.05510204081631145,0.0,0.5364642116489954,0.4635357883510046,1743.4510348139431,0.0,-0.5364642116489954
0.05714285714287627,0.05714285714284313,0.0,0.5363600728659677,0.46363992713403235,1743.6056711502365,0.0,-0.5363600728659677
0.05714285714288102,0.05918367346937405,0.0,0.5362587546424075,0.46374124535759254,1743.756145548971,0.0,-0.5362587546424075
0.05714285714288576,0.06122448979590572,0.0,0.5361626484842554,0.46383735151574457,1743.8989031687684,0.0,-0.5361626484842554
0.05714285714289048,0.06326530612243665,0.0,0.5360738986735976,0.46392610132640244,1744.0307543134993,0.0,-0.5360738986735976
0.05714285714289523,0.06530612244896862,0.0,0.535994317469424,0.46400568253057595,1744.149001074892,0.0,-0.535994317469424
0.05714285714289995,0.06734693877549938,0.0,0.5359253163807569,0.4640746836192431,1744.2515402141528,0.0,-0.5359253163807569
0.05714285714290469,0.06938775510203109,0.0,0.5358678557884083,0.46413214421159166,1744.3369387878913,0.0,-0.5358678557884083
0.05714285714290944,0.07142857142856218,0.0,0.5358224145043791,0.46417758549562094,1744.404480053092,0.0,-0.5358224145043791
0.05714285714291416,0.07346938775509348,0.0,0.5357889801849245,0.4642110198150755,1744.4541782088984,0.0,-0.5357889801849245
0.0571428571429189,0.07551020408162495,0.0,0.5357670608588374,0.4642329391411626,1744.4867615389664,0.0,-0.5357670608588374
0.05714285714292362,0.07755102040815479,0.0,0.5357557171910269,0.4642442828089731,1744.5036245094636,0.0,-0.5357557171910269
0.05714285714292837,0.0795918367346877,0.0,0.5357536144631238,0.46424638553687625,1744.5067503630653,0.0,-0.5357536144631238
0.05714285714293312,0.08163265306121756,0.0,0.5357590926094311,0.4642409073905689,1744.49860673493,0.0,-0.5357590926094311
0.05714285714293783,0.0836734693877503,0.0,0.5357702519973953,0.46422974800260475,1744.4820177991323,0.0,-0.5357702519973953
0.05714285714294258,0.0857142857142803,0.0,0.5357850519980163,0.4642149480019837,1744.4600174143495,0.0,-0.5357850519980163
0.0571428571429473,0.08775510204081274,0.0,0.5358014187780759,0.46419858122192414,1744.4356886385974,0.0,-0.5358014187780759
0.05714285714295204,0.08979591836734307,0.0,0.535817358200361,0.464182641799639,1744.4119957708515,0.0,-0.535817358200361
0.05714285714295678,0.09183673469387515,0.0,0.5358310692869429,0.4641689307130571,1744.391615687571,0.0,-0.5358310692869429
0.05714285714296151,0.09387755102040585,0.0,0.5358410534338769,0.4641589465661231,1744.376775606407,0.0,-0.5358410534338769
0.05714285714296626,0.0959183673469376,0.0,0.5358462145090243,0.46415378549097575,1744.3691044667296,0.0,-0.5358462145090243
0.05714285714297099,0.09795918367346862,0.0,0.535845945151823,0.46415405484817696,1744.3695048228653,0.0,-0.535845945151823
0.05918367346928358,0.002040816326530806,0.0,0.5374509191470958,0.46254908085290425,1741.987226615545,0.0,-0.5374509191470958
0.05918367346928811,0.004081632653061188,0.0,0.5372645565749907,0.4627354434250093,1742.2635123931877,0.0,-0.5372645565749907
0.05918367346929265,0.006122448979591905,0.0,0.5371030298409623,0.46289697015903775,1742.503049514596,0.0,-0.5371030298409623
0.05918367346929716,0.008163265306122667,0.0,0.5369673904073095,0.46303260959269055,1742.704247779117,0.0,-0.5369673904073095
0.05918367346930168,0.01020408163265438,0.0,0.5368578552542723,0.4631421447457277,1742.866758651565,0.0,-0.5368578552542723
0.05918367346930622,0.01224489795918478,0.0,0.5367738374839084,0.4632261625160916,1742.9914314239213,0.0,-0.5367738374839084
0.05918367346931072,0.01428571428571537,0.0,0.5367139995403513,0.46328600045964874,1743.0802349716296,0.0,-0.5367139995403513
0.05918367346931525,0.01632653061224389,0.0,0.536676326972386,0.463323673027614,1743.1361482476188,0.0,-0.536676326972386
0.05918367346931978,0.01836734693877421,0.0,0.5366582204111097,0.46334177958889033,1743.1630231143104,0.0,-0.5366582204111097
0.0591836734693243,0.02040816326530202,0.0,0.5366566031326706,0.4633433968673294,1743.1654236182906,0.0,-0.5366566031326706
0.05918367346932882,0.02244897959183264,0.0,0.5366680412062812,0.4633319587937188,1743.1484463860677,0.0,-0.5366680412062812
0.05918367346933334,0.02448979591836105,0.0,0.5366888728009394,0.46331112719906065,1743.1175274468574,0.0,-0.5366888728009394
0.05918367346933786,0.02653061224489062,0.0,0.5367153427764435,0.4632846572235565,1743.078241419307,0.0,-0.5367153427764435
0.0591836734693424,0.02857142857142009,0.0,0.5367437382709604,0.46325626172903955,1743.0360995567967,0.0,-0.5367437382709604
0.05918367346934691,0.0306122448979494,0.0,0.5367705206848695,0.4632294793151305,1742.9963535407255,0.0,-0.5367705206848695
0.05918367346935141,0.03265306122447913,0.0,0.5367924493149807,0.4632075506850193,1742.9638120550467,0.0,-0.5367924493149807
0.05918367346935595,0.03469387755100819,0.0,0.5368066919698248,0.4631933080301752,1742.942676996757,0.0,-0.5368066919698248
0.05918367346936047,0.03673469387753813,0.0,0.5368109182310787,0.46318908176892126,1742.9364056327156,0.0,-0.5368109182310787
0.05918367346936501,0.03877551020406572,0.0,0.5368033716280612,0.46319662837193876,1742.947604095315,0.0,-0.5368033716280612
0.05918367346936952,0.04081632653059546,0.0,0.5367829178431778,0.4632170821568222,1742.977956348502,0.0,-0.5367829178431778
0.05918367346937406,0.04285714285712464,0.0,0.5367490671209969,0.4632509328790031,1743.028191217068,0.0,-0.5367490671209969
0.05918367346937857,0.04489795918365437,0.0,0.5367019702451576,0.46329802975484236,1743.0980883501716,0.0,-0.5367019702451576
0.0591836734693831,0.04693877551018355,0.0,0.5366423886938119,0.46335761130618813,1743.186522197375,0.0,-0.5366423886938119
0.05918367346938761,0.04897959183671327,0.0,0.5365716407984076,0.4634283592015924,1743.2915413315254,0.0,-0.5365716407984076
0.05918367346939214,0.05102040816324342,0.0,0.5364915268285709,0.46350847317142907,1743.4104788720088,0.0,-0.5364915268285709
0.05918367346939667,0.05306122448977536,0.0,0.536404236836043,0.463595763163957,1743.5400884425626,0.0,-0.536404236836043
0.05918367346940118,0.05510204081630649,0.0,0.5363122457604832,0.4636877542395168,1743.6766991134223,0.0,-0.5363122457604832
0.05918367346940571,0.05714285714283841,0.0,0.5362182007002002,0.4637817992997998,1743.8163821708645,0.0,-0.5362182007002002
0.05918367346941023,0.05918367346936953,0.0,0.5361248053770633,0.4638751946229367,1743.9551223379592,0.0,-0.5361248053770633
0.05918367346941476,0.06122448979590145,0.0,0.5360347066956401,0.46396529330435987,1744.0889862170065,0.0,-0.5360347066956401
0.05918367346941928,0.06326530612243257,0.0,0.535950387949497,0.464049612050503,1744.2142811889855,0.0,-0.535950387949497
0.0591836734694238,0.0653061224489648,0.0,0.5358740727123437,0.46412592728765634,1744.3276987227164,0.0,-0.5358740727123437
0.05918367346942832,0.06734693877549575,0.0,0.5358076428228521,0.4641923571771479,1744.4264369425266,0.0,-0.5358076428228521
0.05918367346943286,0.0693877551020277,0.0,0.5357525731812767,0.46424742681872333,1744.5082983062528,0.0,-0.5357525731812767
0.05918367346943736,0.07142857142855902,0.0,0.5357098853661725,0.4642901146338275,1744.5717592944247,0.0,-0.5357098853661725
0.05918367346944187,0.07346938775509054,0.0,0.5356801213800825,0.4643198786199175,1744.6160100622049,0.0,-0.5356801213800825
0.05918367346944642,0.07551020408162225,0.0,0.5356633381591165,0.4643366618408835,1744.6409630329397,0.0,-0.5356633381591165
0.05918367346945095,0.07755102040815226,0.0,0.5356591228348967,0.4643408771651033,1744.6472304082197,0.0,-0.5356591228348967
0.05918367346945547,0.07959183673468545,0.0,0.5356666281114476,0.4643333718885524,1744.6360715387257,0.0,-0.5356666281114476
0.05918367346945998,0.0816326530612155,0.0,0.5356846265038367,0.46431537349616325,1744.609312052211,0.0,-0.5356846265038367
0.0591836734694645,0.08367346938774853,0.0,0.5357115815720033,0.46428841842799673,1744.569237575801,0.0,-0.5357115815720033
0.05918367346946902,0.08571428571427869,0.0,0.5357457336726564,0.46425426632734357,1744.5184658146018,0.0,-0.5357457336726564
0.05918367346947354,0.08775510204081138,0.0,0.5357851971566476,0.46421480284335237,1744.4598016369887,0.0,-0.5357851971566476
0.05918367346947807,0.08979591836734194,0.0,0.5358280653842017,0.4641719346157983,1744.3960806312593,0.0,-0.5358280653842017
0.05918367346948259,0.09183673469387427,0.0,0.5358725194527714,0.46412748054722863,1744.330007286051,0.0,-0.5358725194527714
0.05918367346948712,0.09387755102040515,0.0,0.5359169361763945,0.46408306382360553,1744.2639944465877,0.0,-0.5359169361763945
0.05918367346949164,0.09591836734693715,0.0,0.5359599906668491,0.4640400093331509,1744.2000109484068,0.0,-0.5359599906668491
0.05918367346949617,0.09795918367346837,0.0,0.5360007488852387,0.46399925111476126,1744.1394442769777,0.0,-0.5360007488852387
0.06122448979582007,0.002040816326530612,0.0,0.5367765771863771,0.46322342281362294,1742.9873657371359,0.0,-0.5367765771863771
0.06122448979582435,0.004081632653060806,0.0,0.5365756216576796,0.4634243783423204,1743.2856317541327,0.0,-0.5365756216576796
0.06122448979582865,0.006122448979591307,0.0,0.536401168525962,0.463598831474038,1743.5446446688202,0.0,-0.536401168525962
0.06122448979583292,0.008163265306121917,0.0,0.5362546776567622,0.46374532234323784,1743.762201093735,0.0,-0.5362546776567622
0.06122448979583719,0.01020408163265342,0.0,0.5361367409011157,0.46386325909888426,1743.937390705838,0.0,-0.5361367409011157
0.0612244897958415,0.01224489795918368,0.0,0.5360471020571131,0.46395289794288685,1744.0705686221597,0.0,-0.5360471020571131
0.06122448979584577,0.014285714285714,0.0,0.5359847000754325,0.46401529992456747,1744.1632922901115,0.0,-0.5359847000754325
0.06122448979585005,0.01632653061224234,0.0,0.5359477336145144,0.4640522663854856,1744.2182257385284,0.0,-0.5359477336145144
0.06122448979585434,0.01836734693877235,0.0,0.5359337448809663,0.46406625511903365,1744.2390143862808,0.0,-0.5359337448809663
0.06122448979585862,0.02040816326529996,0.0,0.5359397204695459,0.46406027953045415,1744.2301340073827,0.0,-0.5359397204695459
0.0612244897958629,0.02244897959183029,0.0,0.5359622066087624,0.46403779339123763,1744.196717952827,0.0,-0.5359622066087624
0.06122448979586718,0.02448979591835852,0.0,0.535997435816501,0.46400256418349894,1744.14436733672,0.0,-0.535997435816501
0.06122448979587147,0.02653061224488785,0.0,0.5360414614991645,0.46395853850083546,1744.078949572841,0.0,-0.5360414614991645
0.06122448979587575,0.02857142857141708,0.0,0.5360902965379853,0.46390970346201466,1744.00639132683,0.0,-0.5360902965379853
0.06122448979588004,0.03061224489794616,0.0,0.5361400514656854,0.46385994853431456,1743.9324725346366,0.0,-0.5361400514656854
0.06122448979588431,0.03265306122447564,0.0,0.5361870675208957,0.46381293247910427,1743.8626285273783,0.0,-0.5361870675208957
0.06122448979588859,0.0346938775510045,0.0,0.5362280397472146,0.46377196025278544,1743.801767402766,0.0,-0.5362280397472146
0.06122448979589287,0.03673469387753418,0.0,0.536260125433125,0.46373987456687504,1743.7541095236438,0.0,-0.536260125433125
0.06122448979589717,0.03877551020406149,0.0,0.5362810335985273,0.4637189664014727,1743.7230553693155,0.0,-0.5362810335985273
0.06122448979590146,0.04081632653059099,0.0,0.5362890919242896,0.46371090807571036,1743.7110869200085,0.0,-0.5362890919242896
0.06122448979590572,0.04285714285711993,0.0,0.5362832884637312,0.4637167115362688,1743.719706364313,0.0,-0.5362832884637312
0.06122448979591001,0.04489795918364942,0.0,0.536263286612856,0.46373671338714395,1743.749414264864,0.0,-0.536263286612856
0.06122448979591431,0.04693877551017837,0.0,0.5362294130722075,0.4637705869277925,1743.7997275065673,0.0,-0.5362294130722075
0.06122448979591857,0.04897959183670786,0.0,0.5361826198180073,0.4638173801819927,1743.8692355072085,0.0,-0.5361826198180073
0.06122448979592288,0.05102040816323801,0.0,0.5361244223219817,0.46387557767801835,1743.9556914175434,0.0,-0.5361244223219817
0.06122448979592715,0.05306122448977017,0.0,0.5360568173334042,0.46394318266659584,1744.056133492336,0.0,-0.5360568173334042
0.06122448979593143,0.05510204081630152,0.0,0.5359821843945153,0.4640178156054847,1744.1670305698453,0.0,-0.5359821843945153
0.0612244897959357,0.05714285714283367,0.0,0.5359031758546656,0.4640968241453344,1744.28444472091,0.0,-0.5359031758546656
0.06122448979594,0.059183673469365,0.0,0.5358226004577485,0.46417739954225146,1744.4042036522278,0.0,-0.5358226004577485
0.06122448979594428,0.06122448979589718,0.0,0.5357433056059907,0.4642566943940093,1744.5220753696783,0.0,-0.5357433056059907
0.06122448979594856,0.0632653061224285,0.0,0.5356680631782464,0.46433193682175355,1744.6339378930159,0.0,-0.5356680631782464
0.06122448979595284,0.065306122448961,0.0,0.5355994633475247,0.46440053665247527,1744.7359374047926,0.0,-0.5355994633475247
0.06122448979595713,0.06734693877549214,0.0,0.5355398202559085,0.4644601797440915,1744.824629040104,0.0,-0.5355398202559085
0.0612244897959614,0.06938775510202431,0.0,0.535491092723055,0.46450890727694505,1744.8970955009497,0.0,-0.535491092723055
0.0612244897959657,0.07142857142855585,0.0,0.5354548224397072,0.4645451775602928,1744.9510397361166,0.0,-0.5354548224397072
0.06122448979596998,0.07346938775508763,0.0,0.5354320913716355,0.4645679086283645,1744.9848490046531,0.0,-0.5354320913716355
0.06122448979597425,0.07551020408161954,0.0,0.5354234993991118,0.4645765006008882,1744.997628697241,0.0,-0.5354234993991118
0.06122448979597854,0.07755102040814973,0.0,0.5354291625541961,0.46457083744580385,1744.9892053041808,0.0,-0.5354291625541961
0.06122448979598283,0.07959183673468323,0.0,0.5354487315916707,0.4645512684083293,1744.9600988879104,0.0,-0.5354487315916707
0.0612244897959871,0.08163265306121345,0.0,0.535481430029956,0.46451856997004404,1744.9114663500175,0.0,-0.535481430029956
0.06122448979599139,0.08367346938774675,0.0,0.5355261102139337,0.4644738897860663,1744.8450176891786,0.0,-0.5355261102139337
0.06122448979599569,0.08571428571427711,0.0,0.535581325374169,0.464418674625831,1744.762908334192,0.0,-0.535581325374169
0.06122448979599995,0.08775510204081005,0.0,0.5356454150873575,0.4643545849126425,1744.667611500123,0.0,-0.5356454150873575
0.06122448979600424,0.08979591836734077,0.0,0.5357166009938497,0.46428339900615034,1744.5617753345548,0.0,-0.5357166009938497
0.06122448979600854,0.09183673469387338,0.0,0.5357930891255037,0.4642069108744963,1744.4480703569877,0.0,-0.5357930891255037
0.06122448979601282,0.09387755102040449,0.0,0.5358731747772226,0.4641268252227774,1744.3290332961367,0.0,-0.5358731747772226
0.06122448979601708,0.09591836734693668,0.0,0.5359553455607313,0.4640446544392687,1744.2069138384322,0.0,-0.5359553455607313
0.06122448979602139,0.09795918367346815,0.0,0.5360383781515612,0.4639616218484388,1744.0835309593797,0.0,-0.5360383781515612
0.06326530612235524,0.002040816326530418,0.0,0.535942251102191,0.46405774889780904,1744.2263732374483,0.0,-0.535942251102191
0.0632653061223593,0.004081632653060424,0.0,0.5357276494372357,0.4642723505627643,1744.5453501318973,0.0,-0.5357276494372357
0.06326530612236336,0.006122448979590707,0.0,0.5355410935906877,0.4644589064093123,1744.8227354467451,0.0,-0.5355410935906877
0.06326530612236743,0.00816326530612117,0.0,0.5353844243409838,0.46461557565901623,1745.0557512668427,0.0,-0.5353844243409838
0.06326530612237151,0.01020408163265247,0.0,0.5352585912350832,0.46474140876491676,1745.2429492393903,0.0,-0.5352585912350832
0.06326530612237559,0.01224489795918257,0.0,0.5351636622759259,0.46483633772407407,1745.3841986606528,0.0,-0.5351636622759259
0.06326530612237967,0.01428571428571264,0.0,0.535098857166235,0.46490114283376505,1745.4806384719006,0.0,-0.535098857166235
0.06326530612238372,0.01632653061224078,0.0,0.5350626023530629,0.4649373976469371,1745.534595769958,0.0,-0.5350626023530629
0.06326530612238779,0.0183673469387705,0.0,0.53505260603846,0.46494739396153995,1745.5494736675448,0.0,-0.53505260603846
0.06326530612239188,0.02040816326529791,0.0,0.5350659511979715,0.4649340488020285,1745.5296116126328,0.0,-0.5350659511979715
0.06326530612239596,0.02244897959182794,0.0,0.5350992044252123,0.4649007955747877,1745.480121669585,0.0,-0.5350992044252123
0.06326530612240001,0.02448979591835599,0.0,0.5351485380727766,0.4648514619272234,1745.406704810597,0.0,-0.5351485380727766
0.06326530612240407,0.02653061224488508,0.0,0.5352098626963748,0.4647901373036252,1745.3154519493298,0.0,-0.5352098626963748
0.06326530612240815,0.02857142857141407,0.0,0.5352789662716129,0.46472103372838713,1745.212635210323,0.0,-0.5352789662716129
0.06326530612241223,0.03061224489794293,0.0,0.5353516561078192,0.4646483438921808,1745.1044956742428,0.0,-0.5353516561078192
0.0632653061224163,0.03265306122447216,0.0,0.5354238989121074,0.4645761010878926,1744.9970344578035,0.0,-0.5354238989121074
0.06326530612242035,0.03469387755100079,0.0,0.5354919541429514,0.46450804585704863,1744.8958143649202,0.0,-0.5354919541429514
0.06326530612242444,0.03673469387753021,0.0,0.5355524957088956,0.4644475042911044,1744.8057793858457,0.0,-0.5355524957088956
0.06326530612242852,0.03877551020405726,0.0,0.5356027172660782,0.4643972827339218,1744.7310989586306,0.0,-0.5356027172660782
0.06326530612243259,0.04081632653058648,0.0,0.5356404168702458,0.4643595831297542,1744.6750431183366,0.0,-0.5356404168702458
0.06326530612243665,0.04285714285711523,0.0,0.535664057534432,0.464335942465568,1744.6398934648887,0.0,-0.535664057534432
0.06326530612244075,0.04489795918364446,0.0,0.5356728012901595,0.4643271987098405,1744.6268933436052,0.0,-0.5356728012901595
0.06326530612244478,0.0469387755101732,0.0,0.5356665155787487,0.46433348442125133,1744.636238851653,0.0,-0.5356665155787487
0.06326530612244886,0.04897959183670243,0.0,0.535645752122007,0.46435424787799295,1744.6671103811452,0.0,-0.535645752122007
0.06326530612245294,0.05102040816323257,0.0,0.5356116997412007,0.4643883002587993,1744.717742518285,0.0,-0.5356116997412007
0.063265306122457,0.05306122448976498,0.0,0.5355661138142781,0.4644338861857219,1744.7855283679194,0.0,-0.5355661138142781
0.06326530612246108,0.05510204081629652,0.0,0.535511226099689,0.46448877390031096,1744.8671528787427,0.0,-0.535511226099689
0.06326530612246516,0.05714285714282893,0.0,0.5354496394461653,0.4645503605538347,1744.9587485951504,0.0,-0.5354496394461653
0.06326530612246921,0.05918367346936048,0.0,0.5353842124118687,0.46461578758813127,1745.0560665133926,0.0,-0.5353842124118687
0.06326530612247327,0.06122448979589289,0.0,0.5353179390211394,0.46468206097886056,1745.1546543919749,0.0,-0.5353179390211394
0.06326530612247737,0.06326530612242444,0.0,0.5352538288070284,0.46474617119297157,1745.250034943314,0.0,-0.5352538288070284
0.06326530612248142,0.06530612244895717,0.0,0.5351947919597598,0.46480520804024017,1745.3378767686856,0.0,-0.5351947919597598
0.06326530612248549,0.06734693877548853,0.0,0.5351435338782122,0.46485646612178777,1745.4141516218365,0.0,-0.5351435338782122
0.06326530612248958,0.06938775510202093,0.0,0.5351024627644477,0.46489753723555227,1745.4752725160854,0.0,-0.5351024627644477
0.06326530612249363,0.07142857142855269,0.0,0.5350736131709299,0.46492638682907006,1745.518208241869,0.0,-0.5350736131709299
0.06326530612249771,0.07346938775508473,0.0,0.5350585876591772,0.46494141234082276,1745.5405709620372,0.0,-0.5350585876591772
0.06326530612250178,0.07551020408161685,0.0,0.5350585179966469,0.46494148200335306,1745.5406746432795,0.0,-0.5350585179966469
0.06326530612250585,0.07755102040814721,0.0,0.535074046628955,0.46492595337104503,1745.517563127552,0.0,-0.535074046628955
0.06326530612250993,0.07959183673468101,0.0,0.5351053285245524,0.4648946714754476,1745.4710076323283,0.0,-0.5351053285245524
0.063265306122514,0.08163265306121135,0.0,0.5351520528934058,0.46484794710659416,1745.4014743953276,0.0,-0.5351520528934058
0.06326530612251806,0.08367346938774498,0.0,0.5352134837172285,0.46478651628277146,1745.310064061091,0.0,-0.5352134837172285
0.06326530612252214,0.0857142857142755,0.0,0.5352885174823144,0.46471148251768557,1745.1984252582627,0.0,-0.5352885174823144
0.06326530612252622,0.08775510204080872,0.0,0.5353757559679668,0.4646242440320332,1745.068645646088,0.0,-0.5353757559679668
0.06326530612253026,0.08979591836733963,0.0,0.5354735914146725,0.46452640858532745,1744.923124511606,0.0,-0.5354735914146725
0.06326530612253435,0.09183673469387249,0.0,0.5355803008900053,0.4644196991099947,1744.7644317536376,0.0,-0.5355803008900053
0.06326530612253843,0.0938775510204038,0.0,0.5356941462128678,0.4643058537871322,1744.595158757513,0.0,-0.5356941462128678
0.06326530612254248,0.09591836734693628,0.0,0.5358134754242314,0.4641865245757686,1744.4177671943432,0.0,-0.5358134754242314
0.06326530612254656,0.09795918367346793,0.0,0.5359368215461373,0.4640631784538627,1744.2344421136784,0.0,-0.5359368215461373
0.06530612244889226,0.002040816326530225,0.0,0.5350431804036136,0.46495681959638635,1745.563502432927,0.0,-0.5350431804036136
0.06530612244889607,0.004081632653060043,0.0,0.534815771575,0.46518422842499996,1745.9020376637527,0.0,-0.534815771575
0.0653061224488999,0.006122448979590109,0.0,0.5346177613448146,0.46538223865518535,1746.1969152365416,0.0,-0.5346177613448146
0.06530612244890371,0.008163265306120411,0.0,0.5344513400904708,0.4655486599095292,1746.444827439137,0.0,-0.5344513400904708
0.06530612244890753,0.01020408163265151,0.0,0.5343177928674876,0.4656822071325124,1746.643819206467,0.0,-0.5343177928674876
0.06530612244891135,0.01224489795918147,0.0,0.534217499334269,0.465782500665731,1746.7932911989842,0.0,-0.534217499334269
0.06530612244891515,0.01428571428571128,0.0,0.5341499573082694,0.4658500426917306,1746.8939665539958,0.0,-0.5341499573082694
0.06530612244891898,0.01632653061223922,0.0,0.5341138282909207,0.4658861717090793,1746.9478237395483,0.0,-0.5341138282909207
0.06530612244892278,0.01836734693876865,0.0,0.5341070033115896,0.46589299668841044,1746.9579980448145,0.0,-0.5341070033115896
0.06530612244892661,0.02040816326529586,0.0,0.5341266874240156,0.4658733125759844,1746.9286543704386,0.0,-0.5341266874240156
0.06530612244893041,0.0224489795918256,0.0,0.5341695010678867,0.46583049893211326,1746.8648342397935,0.0,-0.5341695010678867
0.06530612244893426,0.02448979591835346,0.0,0.5342315962389256,0.4657684037610744,1746.7722803986765,0.0,-0.5342315962389256
0.06530612244893808,0.02653061224488231,0.0,0.5343087849847507,0.46569121501524935,1746.6572430162792,0.0,-0.5343087849847507
0.06530612244894188,0.02857142857141107,0.0,0.534396677189507,0.465603322810493,1746.5262723017668,0.0,-0.534396677189507
0.06530612244894571,0.0306122448979397,0.0,0.5344908239886947,0.46550917601130526,1746.386003221207,0.0,-0.5344908239886947
0.06530612244894954,0.03265306122446868,0.0,0.5345868625503257,0.4654131374496743,1746.2429388211704,0.0,-0.5345868625503257
0.06530612244895334,0.03469387755099709,0.0,0.5346806574629901,0.4653193425370099,1746.103239308758,0.0,-0.5346806574629901
0.06530612244895717,0.03673469387752625,0.0,0.5347684336751117,0.46523156632488827,1745.972524381807,0.0,-0.5347684336751117
0.06530612244896102,0.03877551020405302,0.0,0.5348468959049101,0.4651531040950899,1745.855696252851,0.0,-0.5348468959049101
0.06530612244896482,0.04081632653058202,0.0,0.5349133297320801,0.46508667026791994,1745.756790311115,0.0,-0.5349133297320801
0.06530612244896862,0.04285714285711052,0.0,0.534965680200682,0.465034319799318,1745.6788594110906,0.0,-0.534965680200682
0.06530612244897245,0.04489795918363951,0.0,0.535002604683329,0.46499739531667095,1745.6238964051922,0.0,-0.535002604683329
0.06530612244897627,0.04693877551016802,0.0,0.5350234979219808,0.4649765020780192,1745.5927978358077,0.0,-0.5350234979219808
0.06530612244898011,0.04897959183669701,0.0,0.5350284884873571,0.46497151151264293,1745.585369785954,0.0,-0.5350284884873571
0.0653061224489839,0.05102040816322714,0.0,0.5350184072880341,0.46498159271196593,1745.6003748947053,0.0,-0.5350184072880341
0.0653061224489877,0.05306122448975981,0.0,0.5349947301076151,0.4650052698923849,1745.6356176156016,0.0,-0.5349947301076151
0.06530612244899153,0.05510204081629155,0.0,0.5349594973561136,0.4650405026438864,1745.6880630664891,0.0,-0.5349594973561136
0.06530612244899538,0.0571428571428242,0.0,0.5349152152078943,0.4650847847921057,1745.7539833992682,0.0,-0.5349152152078943
0.06530612244899917,0.05918367346935594,0.0,0.5348647430048303,0.46513525699516967,1745.8291245883947,0.0,-0.5348647430048303
0.065306122449003,0.0612244897958886,0.0,0.5348111721994043,0.4651888278005957,1745.9088859412454,0.0,-0.5348111721994043
0.06530612244900683,0.06326530612242036,0.0,0.5347577021972333,0.4652422978027667,1745.9885044763982,0.0,-0.5347577021972333
0.06530612244901063,0.06530612244895334,0.0,0.5347075182577508,0.46529248174224924,1746.063236565873,0.0,-0.5347075182577508
0.06530612244901446,0.06734693877548492,0.0,0.5346636761729744,0.4653363238270256,1746.1285298329763,0.0,-0.5346636761729744
0.06530612244901826,0.06938775510201757,0.0,0.5346289978288017,0.4653710021711983,1746.1801791568914,0.0,-0.5346289978288017
0.0653061224490221,0.07142857142854957,0.0,0.5346059810276583,0.46539401897234167,1746.214461668077,0.0,-0.5346059810276583
0.06530612244902594,0.07346938775508179,0.0,0.5345967261785429,0.4654032738214571,1746.2282467375219,0.0,-0.5345967261785429
0.06530612244902972,0.07551020408161416,0.0,0.5346028816926272,0.46539711830737285,1746.2190780938856,0.0,-0.5346028816926272
0.06530612244903355,0.07755102040814468,0.0,0.534625609195764,0.46537439080423604,1746.185226291997,0.0,-0.534625609195764
0.06530612244903738,0.07959183673467876,0.0,0.5346655690019628,0.4653344309980372,1746.125710774271,0.0,-0.5346655690019628
0.0653061224490412,0.08163265306120927,0.0,0.5347229256860271,0.4652770743139729,1746.040291705972,0.0,-0.5347229256860271
0.06530612244904499,0.0836734693877432,0.0,0.5347973730385985,0.46520262696140147,1745.9294326357272,0.0,-0.5347973730385985
0.06530612244904883,0.08571428571427389,0.0,0.5348881771657675,0.46511182283423247,1745.7942358533462,0.0,-0.5348881771657675
0.06530612244905265,0.08775510204080739,0.0,0.5349942359913833,0.4650057640086167,1745.6363531068664,0.0,-0.5349942359913833
0.0653061224490565,0.0897959183673385,0.0,0.5351141529228594,0.46488584707714065,1745.4578751102338,0.0,-0.5351141529228594
0.06530612244906028,0.09183673469387157,0.0,0.5352463219514271,0.4647536780485729,1745.2612040175645,0.0,-0.5352463219514271
0.06530612244906413,0.0938775510204031,0.0,0.5353890209895794,0.4646109790104206,1745.0489137369002,0.0,-0.5353890209895794
0.06530612244906793,0.0959183673469358,0.0,0.5355405098289068,0.4644594901710932,1744.8236035662687,0.0,-0.5355405098289068
0.06530612244907175,0.0979591836734677,0.0,0.5356991287671913,0.4643008712328087,1744.5877511058784,0.0,-0.5356991287671913
0.06734693877542713,0.002040816326530031,0.0,0.534178234459803,0.46582176554019705,1746.851816387372,0.0,-0.534178234459803
0.06734693877543074,0.004081632653059664,0.0,0.5339389404695637,0.4660610595304363,1747.208574317629,0.0,-0.5339389404695637
0.06734693877543435,0.00612244897958951,0.0,0.5337301501097451,0.4662698498902549,1747.5199741463848,0.0,-0.5337301501097451
0.06734693877543797,0.008163265306119664,0.0,0.5335543731248544,0.46644562687514557,1747.782222338348,0.0,-0.5335543731248544
0.06734693877544158,0.01020408163265055,0.0,0.5334132072510137,0.4665867927489863,1747.9928899279184,0.0,-0.5334132072510137
0.06734693877544522,0.01224489795918037,0.0,0.5333073288731266,0.4666926711268734,1748.150929881091,0.0,-0.5333073288731266
0.06734693877544881,0.01428571428570991,0.0,0.5332365072530796,0.4667634927469204,1748.2566581202675,0.0,-0.5332365072530796
0.06734693877545242,0.01632653061223767,0.0,0.5331996407163981,0.46680035928360186,1748.311700527853,0.0,-0.5331996407163981
0.06734693877545604,0.01836734693876681,0.0,0.5331948132822224,0.4668051867177776,1748.3189082312251,0.0,-0.5331948132822224
0.06734693877545964,0.02040816326529381,0.0,0.533219370312297,0.46678062968770295,1748.2822434524246,0.0,-0.533219370312297
0.06734693877546326,0.02244897959182326,0.0,0.5332700117465552,0.4667299882534448,1748.206638310183,0.0,-0.5332700117465552
0.06734693877546688,0.02448979591835093,0.0,0.5333429013211982,0.4666570986788018,1748.0978292797786,0.0,-0.5333429013211982
0.0673469387754705,0.02653061224487955,0.0,0.5334337898022837,0.46656621019771627,1747.962170584927,0.0,-0.5334337898022837
0.0673469387754741,0.02857142857140806,0.0,0.5335381497267903,0.46646185027320974,1747.8064305942055,0.0,-0.5335381497267903
0.0673469387754777,0.03061224489793647,0.0,0.533651318475265,0.46634868152473496,1747.637576247104,0.0,-0.533651318475265
0.06734693877548133,0.03265306122446519,0.0,0.5337686457871876,0.46623135421281237,1747.4625515244588,0.0,-0.5337686457871876
0.06734693877548492,0.03469387755099339,0.0,0.5338856411719497,0.4661143588280503,1747.2880568640799,0.0,-0.5338856411719497
0.06734693877548857,0.0367346938775223,0.0,0.5339981161681975,0.4660018838318025,1747.120337062175,0.0,-0.5339981161681975
0.06734693877549217,0.03877551020404879,0.0,0.5341023161540855,0.46589768384591446,1746.9649854710683,0.0,-0.5341023161540855
0.06734693877549575,0.04081632653057752,0.0,0.5341950364781356,0.4658049635218644,1746.8267721169052,0.0,-0.5341950364781356
0.0673469387754994,0.04285714285710582,0.0,0.5342737180984728,0.4657262819015272,1746.7095026790578,0.0,-0.5342737180984728
0.06734693877550299,0.04489795918363455,0.0,0.5343365186825073,0.4656634813174927,1746.6159141105811,0.0,-0.5343365186825073
0.0673469387755066,0.04693877551016286,0.0,0.5343823561872653,0.46561764381273474,1746.547611101654,0.0,-0.5343823561872653
0.06734693877551023,0.0489795918366916,0.0,0.5344109232379548,0.4655890767620452,1746.505045703014,0.0,-0.5344109232379548
0.06734693877551381,0.05102040816322172,0.0,0.5344226720511028,0.46557732794889717,1746.487540370719,0.0,-0.5344226720511028
0.06734693877551745,0.05306122448975462,0.0,0.5344187710989321,0.4655812289010679,1746.4933526179614,0.0,-0.5344187710989321
0.06734693877552107,0.05510204081628658,0.0,0.5344010360738632,0.46559896392613676,1746.5197775134036,0.0,-0.5344010360738632
0.06734693877552467,0.05714285714281946,0.0,0.5343718388878643,0.4656281611121357,1746.5632825818516,0.0,-0.5343718388878643
0.06734693877552828,0.05918367346935142,0.0,0.5343339993535723,0.4656660006464277,1746.6196683473586,0.0,-0.5343339993535723
0.06734693877553188,0.06122448979588432,0.0,0.5342906647930302,0.4657093352069698,1746.6842468799582,0.0,-0.5342906647930302
0.06734693877553552,0.06326530612241629,0.0,0.5342451830868883,0.4657548169131117,1746.7520302931941,0.0,-0.5342451830868883
0.06734693877553913,0.06530612244894951,0.0,0.5342009746239634,0.46579902537603657,1746.8179211775948,0.0,-0.5342009746239634
0.06734693877554275,0.06734693877548133,0.0,0.5341614082768891,0.46583859172311093,1746.876897396068,0.0,-0.5341614082768891
0.06734693877554634,0.06938775510201421,0.0,0.5341296859729102,0.4658703140270898,1746.9241844335993,0.0,-0.5341296859729102
0.06734693877554995,0.07142857142854639,0.0,0.5341087397195969,0.46589126028040306,1746.9554094916498,0.0,-0.5341087397195969
0.06734693877555356,0.07346938775507883,0.0,0.5341011441548749,0.46589885584512514,1746.9667326491804,0.0,-0.5341011441548749
0.0673469387755572,0.07551020408161147,0.0,0.5341090468835828,0.46589095311641715,1746.9549515872184,0.0,-0.5341090468835828
0.06734693877556082,0.07755102040814216,0.0,0.5341341180887107,0.4658658819112893,1746.9175775204649,0.0,-0.5341341180887107
0.06734693877556441,0.07959183673467651,0.0,0.5341775201959955,0.4658224798040045,1746.85288105014,0.0,-0.5341775201959955
0.06734693877556802,0.08163265306120722,0.0,0.5342398977377918,0.4657601022622082,1746.759907625663,0.0,-0.5342398977377918
0.06734693877557164,0.08367346938774141,0.0,0.5343213870012308,0.4656786129987692,1746.638463181032,0.0,-0.5343213870012308
0.06734693877557524,0.08571428571427228,0.0,0.5344216445399447,0.4655783554600553,1746.489071313421,0.0,-0.5344216445399447
0.06734693877557885,0.08775510204080605,0.0,0.5345398931562133,0.4654601068437867,1746.3129041226905,0.0,-0.5345398931562133
0.06734693877558247,0.08979591836733733,0.0,0.5346749835014121,0.46532501649858793,1746.1116895548012,0.0,-0.5346749835014121
0.06734693877558609,0.09183673469387069,0.0,0.5348254689855443,0.4651745310144557,1745.8875988019404,0.0,-0.5348254689855443
0.0673469387755897,0.09387755102040243,0.0,0.5349896912324814,0.4650103087675186,1745.6431180026907,0.0,-0.5349896912324814
0.06734693877559333,0.09591836734693535,0.0,0.5351658728817401,0.4648341271182599,1745.3809091325943,0.0,-0.5351658728817401
0.06734693877559696,0.09795918367346748,0.0,0.535352214148746,0.464647785851254,1745.103665537292,0.0,-0.535352214148746
0.06938775510196361,0.002040816326529837,0.0,0.5334367144133733,0.46656328558662674,1747.957805706795,0.0,-0.5334367144133733
0.06938775510196699,0.004081632653059283,0.0,0.5331867311580081,0.4668132688419919,1748.3309755518912,0.0,-0.5331867311580081
0.06938775510197034,0.00612244897958891,0.0,0.5329680645478186,0.46703193545218136,1748.657527224245,0.0,-0.5329680645478186
0.0693877551019737,0.008163265306118913,0.0,0.5327835189329159,0.46721648106708413,1748.9332183230551,0.0,-0.5327835189329159
0.06938775510197707,0.0102040816326496,0.0,0.5326349854819935,0.4673650145180065,1749.1551743094567,0.0,-0.5326349854819935
0.06938775510198049,0.01224489795917927,0.0,0.5325234238918831,0.4674765761081169,1749.321919685255,0.0,-0.5325234238918831
0.06938775510198385,0.01428571428570854,0.0,0.5324488675798013,0.46755113242019875,1749.4333728971408,0.0,-0.5324488675798013
0.06938775510198719,0.01632653061223612,0.0,0.5324104507638027,0.46758954923619733,1749.4908072147273,0.0,-0.5324104507638027
0.06938775510199059,0.01836734693876496,0.0,0.5324064560033931,0.4675935439966069,1749.49677972046,0.0,-0.5324064560033931
0.06938775510199394,0.02040816326529175,0.0,0.532434380962431,0.467565619037569,1749.4550303912956,0.0,-0.532434380962431
0.06938775510199732,0.02244897959182091,0.0,0.532491023261948,0.46750897673805203,1749.3703531993096,0.0,-0.532491023261948
0.0693877551020007,0.02448979591834841,0.0,0.5325725822271681,0.4674274177728319,1749.2484413299148,0.0,-0.5325725822271681
0.06938775510200408,0.02653061224487677,0.0,0.5326747760530355,0.4673252239469645,1749.0957090783224,0.0,-0.5326747760530355
0.06938775510200744,0.02857142857140507,0.0,0.5327929724110991,0.46720702758890087,1748.9190937412595,0.0,-0.5327929724110991
0.06938775510201083,0.03061224489793323,0.0,0.5329223298361033,0.4670776701638967,1748.7258418134895,0.0,-0.5329223298361033
0.06938775510201421,0.03265306122446171,0.0,0.5330579464389396,0.46694205356106044,1748.5232849165823,0.0,-0.5330579464389396
0.06938775510201756,0.0346938775509897,0.0,0.5331950116959627,0.46680498830403727,1748.3186119841946,0.0,-0.5331950116959627
0.06938775510202096,0.03673469387751835,0.0,0.5333289563768819,0.46667104362311806,1748.1186451441167,0.0,-0.5333289563768819
0.06938775510202431,0.03877551020404454,0.0,0.5334555952037126,0.46654440479628745,1747.9296273227267,0.0,-0.5334555952037126
0.0693877551020277,0.04081632653057305,0.0,0.5335712566709159,0.46642874332908413,1747.7570297338818,0.0,-0.5335712566709159
0.06938775510203107,0.04285714285710112,0.0,0.5336728946590031,0.46632710534099686,1747.6053870305589,0.0,-0.5336728946590031
0.06938775510203442,0.0448979591836296,0.0,0.5337581770579949,0.4662418229420051,1747.4781669788906,0.0,-0.5337581770579949
0.06938775510203783,0.04693877551015768,0.0,0.5338255475589507,0.46617445244104927,1747.377680102841,0.0,-0.5338255475589507
0.06938775510204119,0.04897959183668615,0.0,0.5338742580087031,0.46612574199129686,1747.3050329367768,0.0,-0.5338742580087031
0.06938775510204455,0.0510204081632163,0.0,0.5339043701618793,0.4660956298381207,1747.2601264447069,0.0,-0.5339043701618793
0.06938775510204793,0.05306122448974942,0.0,0.5339167271928683,0.4660832728071317,1747.2416989746682,0.0,-0.5339167271928683
0.0693877551020513,0.0551020408162816,0.0,0.5339128968294885,0.4660871031705115,1747.2474109772372,0.0,-0.5339128968294885
0.06938775510205468,0.05714285714281472,0.0,0.5338950893266652,0.4661049106733348,1747.273966781549,0.0,-0.5338950893266652
0.06938775510205807,0.05918367346934691,0.0,0.5338660546166643,0.46613394538333575,1747.3172671202544,0.0,-0.5338660546166643
0.06938775510206142,0.06122448979588004,0.0,0.533828963782749,0.466171036217251,1747.372584921548,0.0,-0.533828963782749
0.06938775510206481,0.06326530612241223,0.0,0.5337872804675889,0.46621271953241106,1747.4347561952866,0.0,-0.5337872804675889
0.06938775510206817,0.06530612244894571,0.0,0.533744627941913,0.466255372058087,1747.4983776404292,0.0,-0.533744627941913
0.06938775510207155,0.0673469387754777,0.0,0.5337046573497228,0.46629534265027717,1747.5580028596873,0.0,-0.5337046573497228
0.06938775510207491,0.06938775510201083,0.0,0.5336709221667167,0.46632907783328326,1747.6083297158623,0.0,-0.5336709221667167
0.0693877551020783,0.07142857142854325,0.0,0.5336467632288167,0.46635323677118334,1747.64437230924,0.0,-0.5336467632288167
0.06938775510208166,0.07346938775507592,0.0,0.5336352078858624,0.4663647921141376,1747.6616121906977,0.0,-0.5336352078858624
0.06938775510208504,0.07551020408160877,0.0,0.5336388859871808,0.4663611140128192,1747.6561246463314,0.0,-0.5336388859871808
0.06938775510208843,0.07755102040813963,0.0,0.5336599645748923,0.4663400354251077,1747.624677105692,0.0,-0.5336599645748923
0.06938775510209179,0.0795918367346743,0.0,0.533700102393635,0.46629989760636503,1747.5647978698028,0.0,-0.533700102393635
0.06938775510209517,0.08163265306120517,0.0,0.5337604246468312,0.46623957535316884,1747.4748143878835,0.0,-0.5337604246468312
0.06938775510209853,0.08367346938773962,0.0,0.5338415178439491,0.46615848215605094,1747.3538612226248,0.0,-0.5338415178439491
0.06938775510210192,0.08571428571427067,0.0,0.5339434440775865,0.46605655592241346,1747.2018586461118,0.0,-0.5339434440775865
0.0693877551021053,0.08775510204080472,0.0,0.5340657736199623,0.4659342263800377,1747.0194635307441,0.0,-0.5340657736199623
0.06938775510210864,0.08979591836733619,0.0,0.5342076343084896,0.4657923656915104,1746.807994875402,0.0,-0.5342076343084896
0.06938775510211201,0.0918367346938698,0.0,0.5343677757767218,0.4656322242232782,1746.569336964774,0.0,-0.5343677757767218
0.06938775510211541,0.09387755102040171,0.0,0.5345446461676526,0.4654553538323474,1746.305823813049,0.0,-0.5345446461676526
0.06938775510211875,0.0959183673469349,0.0,0.5347364785431863,0.4652635214568137,1746.0201091860633,0.0,-0.5347364785431863
0.06938775510212217,0.09795918367346725,0.0,0.5349413837939948,0.4650586162060052,1745.7150271015591,0.0,-0.5349413837939948
0.07142857142849911,0.002040816326529644,0.0,0.5328882146277812,0.46711178537221876,1748.7768036611697,0.0,-0.5328882146277812
0.07142857142850223,0.004081632653058901,0.0,0.5326291766646161,0.46737082333538393,1749.1638556657917,0.0,-0.5326291766646161
0.0714285714285054,0.006122448979588311,0.0,0.5324019422218701,0.4675980577781299,1749.5035282558615,0.0,-0.5324019422218701
0.07142857142850856,0.008163265306118156,0.0,0.5322095938702152,0.46779040612978484,1749.791155840737,0.0,-0.5322095938702152
0.07142857142851167,0.01020408163264864,0.0,0.532054303692797,0.46794569630720295,1750.0234375933915,0.0,-0.532054303692797
0.07142857142851483,0.01224489795917817,0.0,0.5319373060716703,0.46806269392832967,1750.1984823980722,0.0,-0.5319373060716703
0.07142857142851802,0.01428571428570717,0.0,0.5318588939333284,0.4681411060666716,1750.3158175240196,0.0,-0.5318588939333284
0.07142857142852116,0.01632653061223456,0.0,0.5318184368629421,0.46818156313705794,1750.376363225399,0.0,-0.5318184368629421
0.07142857142852432,0.0183673469387631,0.0,0.5318144197097227,0.46818558029027735,1750.3823752921571,0.0,-0.5318144197097227
0.0714285714285275,0.0204081632652897,0.0,0.531844500578596,0.468155499421404,1750.337357302589,0.0,-0.531844500578596
0.07142857142853062,0.02244897959181856,0.0,0.5319055873142191,0.4680944126857809,1750.2459441292049,0.0,-0.5319055873142191
0.07142857142853377,0.02448979591834588,0.0,0.5319939316301,0.4680060683699,1750.113758270438,0.0,-0.5319939316301
0.07142857142853692,0.026530612244874,0.0,0.5321052398503133,0.4678947601496867,1749.9472409173586,0.0,-0.5321052398503133
0.07142857142854009,0.02857142857140205,0.0,0.5322347987898683,0.46776520121013165,1749.7534603482707,0.0,-0.5322347987898683
0.07142857142854325,0.03061224489793,0.0,0.5323776146250251,0.4676223853749749,1749.5399012380954,0.0,-0.5323776146250251
0.0714285714285464,0.03265306122445824,0.0,0.5325285617631534,0.46747143823684656,1749.3142396747487,0.0,-0.5325285617631534
0.07142857142854955,0.03469387755098601,0.0,0.5326825378136999,0.4673174621863001,1749.0841099449638,0.0,-0.5326825378136999
0.0714285714285527,0.03673469387751439,0.0,0.5328346199079926,0.46716538009200737,1748.8568703156154,0.0,-0.5328346199079926
0.07142857142855585,0.03877551020404033,0.0,0.532980216939574,0.467019783060426,1748.6393759214081,0.0,-0.532980216939574
0.07142857142855903,0.04081632653056855,0.0,0.5331152119079619,0.46688478809203815,1748.4377673278157,0.0,-0.5331152119079619
0.07142857142856218,0.04285714285709641,0.0,0.5332360885276187,0.4667639114723813,1748.2572832655126,0.0,-0.5332360885276187
0.07142857142856533,0.04489795918362466,0.0,0.5333400366512183,0.4666599633487817,1748.102105382725,0.0,-0.5333400366512183
0.07142857142856845,0.04693877551015251,0.0,0.5334250318481845,0.46657496815181554,1747.9752416506105,0.0,-0.5334250318481845
0.07142857142857162,0.04897959183668074,0.0,0.5334898856284026,0.4665101143715974,1747.8784533583723,0.0,-0.5334898856284026
0.07142857142857478,0.05102040816321086,0.0,0.533534264222125,0.466465735777875,1747.8122285722588,0.0,-0.533534264222125
0.07142857142857792,0.05306122448974424,0.0,0.5335586754086953,0.4664413245913047,1747.7758026621204,0.0,-0.5335586754086953
0.07142857142858108,0.05510204081627664,0.0,0.5335644245031601,0.4664355754968399,1747.767224193167,0.0,-0.5335644245031601
0.07142857142858422,0.05714285714280999,0.0,0.5335535421352381,0.4664464578647619,1747.7834623094573,0.0,-0.5335535421352381
0.07142857142858738,0.0591836734693424,0.0,0.5335286877762841,0.46647131222371585,1747.820549852138,0.0,-0.5335286877762841
0.07142857142859055,0.06122448979587575,0.0,0.5334930339971281,0.4665069660028719,1747.8737549808986,0.0,-0.5334930339971281
0.07142857142859371,0.06326530612240815,0.0,0.5334501371145659,0.4665498628854341,1747.937773081821,0.0,-0.5334501371145659
0.07142857142859686,0.06530612244894192,0.0,0.5334038001837685,0.46659619981623146,1748.0069302828429,0.0,-0.5334038001837685
0.07142857142860001,0.0673469387754741,0.0,0.5333579342302294,0.46664206576977063,1748.0753899465706,0.0,-0.5333579342302294
0.07142857142860315,0.06938775510200744,0.0,0.5333164232317862,0.4666835767682138,1748.1373540138584,0.0,-0.5333164232317862
0.07142857142860633,0.0714285714285401,0.0,0.5332829977265122,0.4667170022734878,1748.1872519414815,0.0,-0.5332829977265122
0.07142857142860949,0.07346938775507302,0.0,0.5332611211178273,0.4667388788821727,1748.2199111033806,0.0,-0.5332611211178273
0.07142857142861264,0.07551020408160608,0.0,0.5332538918593098,0.4667461081406902,1748.230703790498,0.0,-0.5332538918593098
0.07142857142861578,0.07755102040813713,0.0,0.5332639638062797,0.4667360361937203,1748.2156672403228,0.0,-0.5332639638062797
0.07142857142861894,0.07959183673467204,0.0,0.5332934861811741,0.4667065138188259,1748.1715943650863,0.0,-0.5332934861811741
0.07142857142862209,0.08163265306120313,0.0,0.5333440638552075,0.4666559361447925,1748.0960939671445,0.0,-0.5333440638552075
0.07142857142862524,0.08367346938773781,0.0,0.5334167380163295,0.4665832619836705,1747.9876202036503,0.0,-0.5334167380163295
0.0714285714286284,0.08571428571426906,0.0,0.5335119867677922,0.4664880132322078,1747.8454718926564,0.0,-0.5335119867677922
0.07142857142863156,0.08775510204080338,0.0,0.5336297447607968,0.46637025523920317,1747.669762965386,0.0,-0.5336297447607968
0.0714285714286347,0.08979591836733505,0.0,0.5337694405774607,0.4662305594225393,1747.4613660040638,0.0,-0.5337694405774607
0.07142857142863784,0.09183673469386891,0.0,0.5339300502145433,0.4660699497854567,1747.221831402751,0.0,-0.5339300502145433
0.07142857142864102,0.09387755102040105,0.0,0.5341101646485997,0.46588983535140027,1746.9532852820666,0.0,-0.5341101646485997
0.07142857142864417,0.09591836734693446,0.0,0.5343080690770889,0.46569193092291106,1746.6583098916265,0.0,-0.5343080690770889
0.07142857142864734,0.09795918367346701,0.0,0.5345218310314064,0.4654781689685936,1746.3398108379356,0.0,-0.5345218310314064
0.07346938775503496,0.00204081632652945,0.0,0.532576312034163,0.467423687965837,1749.2428665337554,0.0,-0.532576312034163
0.07346938775503788,0.00408163265305852,0.0,0.5323104167903633,0.4676895832096367,1749.6403787678796,0.0,-0.5323104167903633
0.07346938775504078,0.006122448979587714,0.0,0.5320764565887083,0.4679235434112917,1749.9902977052002,0.0,-0.5320764565887083
0.07346938775504372,0.008163265306117409,0.0,0.5318777849580247,0.46812221504197526,1750.2875477483465,0.0,-0.5318777849580247
0.07346938775504665,0.01020408163264768,0.0,0.5317168504546907,0.46828314954530925,1750.5284100080933,0.0,-0.5317168504546907
0.07346938775504959,0.01224489795917707,0.0,0.5315951602019674,0.4684048397980326,1750.7105814681695,0.0,-0.5315951602019674
0.07346938775505249,0.01428571428570581,0.0,0.5315132669905419,0.4684867330094581,1750.8331977259854,0.0,-0.5315132669905419
0.07346938775505543,0.01632653061223301,0.0,0.5314707783624529,0.46852922163754707,1750.896821446458,0.0,-0.5314707783624529
0.07346938775505837,0.01836734693876126,0.0,0.5314663863320218,0.4685336136679782,1750.9033984656091,0.0,-0.5314663863320218
0.07346938775506126,0.02040816326528765,0.0,0.5314979167290829,0.46850208327091714,1750.8561831251461,0.0,-0.5314979167290829
0.0734693877550642,0.02244897959181621,0.0,0.5315623974495852,0.4684376025504148,1750.759634096988,0.0,-0.5315623974495852
0.07346938775506713,0.02448979591834335,0.0,0.5316561450485018,0.4683438549514982,1750.6192818364937,0.0,-0.5316561450485018
0.07346938775507007,0.02653061224487124,0.0,0.5317748690228363,0.4682251309771637,1750.44156900841,0.0,-0.5317748690228363
0.07346938775507297,0.02857142857139905,0.0,0.5319137927643811,0.4680862072356189,1750.2336658204206,0.0,-0.5319137927643811
0.07346938775507593,0.03061224489792676,0.0,0.5320677895180447,0.4679322104819553,1750.003263163203,0.0,-0.5320677895180447
0.07346938775507884,0.03265306122445474,0.0,0.5322315308159727,0.46776846918402726,1749.7583477106314,0.0,-0.5322315308159727
0.07346938775508177,0.03469387755098231,0.0,0.5323996438655569,0.46760035613444306,1749.5069645385356,0.0,-0.5323996438655569
0.07346938775508469,0.03673469387751042,0.0,0.5325668733741897,0.46743312662581027,1749.2569741972657,0.0,-0.5325668733741897
0.07346938775508763,0.03877551020403608,0.0,0.5327282424298105,0.46727175757018946,1749.0158123325562,0.0,-0.5327282424298105
0.07346938775509056,0.04081632653056409,0.0,0.5328792064510605,0.46712079354893954,1748.790260716356,0.0,-0.5328792064510605
0.07346938775509348,0.0428571428570917,0.0,0.5330157939766852,0.4669842060233148,1748.5862387891282,0.0,-0.5330157939766852
0.07346938775509641,0.0448979591836197,0.0,0.533134728244964,0.466865271755036,1748.4086244487746,0.0,-0.533134728244964
0.07346938775509934,0.04693877551014733,0.0,0.5332335241383762,0.4667664758616238,1748.2611118357227,0.0,-0.5332335241383762
0.07346938775510226,0.04897959183667532,0.0,0.5333105561065017,0.4666894438934983,1748.1461123108836,0.0,-0.5333105561065017
0.0734693877551052,0.05102040816320544,0.0,0.5333650940577506,0.46663490594224943,1748.064702812724,0.0,-0.5333650940577506
0.07346938775510811,0.05306122448973905,0.0,0.5333973058202457,0.4666026941797543,1748.0166234639944,0.0,-0.5333973058202457
0.07346938775511103,0.05510204081627165,0.0,0.5334082264849517,0.4665917735150483,1748.0003238557497,0.0,-0.5334082264849517
0.07346938775511397,0.05714285714280525,0.0,0.5333996966238235,0.46660030337617653,1748.0130550506622,0.0,-0.5333996966238235
0.07346938775511688,0.05918367346933787,0.0,0.5333742728933953,0.46662572710660466,1748.051002192667,0.0,-0.5333742728933953
0.07346938775511982,0.06122448979587147,0.0,0.5333351157806573,0.4666648842193427,1748.109450832339,0.0,-0.5333351157806573
0.07346938775512275,0.0632653061224041,0.0,0.5332858601438333,0.4667141398561667,1748.1829787848353,0.0,-0.5332858601438333
0.0734693877551257,0.06530612244893809,0.0,0.5332304747023553,0.4667695252976447,1748.265664590696,0.0,-0.5332304747023553
0.0734693877551286,0.06734693877547049,0.0,0.5331731167328778,0.4668268832671222,1748.3513034599455,0.0,-0.5331731167328778
0.07346938775513151,0.06938775510200408,0.0,0.5331179879628878,0.4668820120371122,1748.4336219090526,0.0,-0.5331179879628878
0.07346938775513447,0.07142857142853694,0.0,0.5330691970820857,0.46693080291791433,1748.5064830689219,0.0,-0.5330691970820857
0.0734693877551374,0.07346938775507006,0.0,0.5330306334971447,0.46696936650285525,1748.564075740435,0.0,-0.5330306334971447
0.07346938775514032,0.07551020408160337,0.0,0.5330058560305002,0.4669941439694998,1748.6010815764805,0.0,-0.5330058560305002
0.07346938775514324,0.07755102040813458,0.0,0.5329979992992886,0.4670020007007114,1748.6128161503018,0.0,-0.5329979992992886
0.07346938775514618,0.07959183673466981,0.0,0.533009699584514,0.46699030041548595,1748.5953410189436,0.0,-0.533009699584514
0.07346938775514908,0.08163265306120106,0.0,0.5330430411701106,0.4669569588298894,1748.545545124088,0.0,-0.5330430411701106
0.07346938775515202,0.08367346938773604,0.0,0.5330995234285147,0.46690047657148526,1748.4611949416123,0.0,-0.5330995234285147
0.07346938775515495,0.08571428571426745,0.0,0.5331800483595522,0.46681995164044776,1748.3409536822253,0.0,-0.5331800483595522
0.07346938775515789,0.08775510204080204,0.0,0.5332849278365134,0.4667150721634866,1748.1843705765298,0.0,-0.5332849278365134
0.07346938775516083,0.08979591836733389,0.0,0.5334139094452569,0.4665860905547431,1747.9918418891366,0.0,-0.5334139094452569
0.07346938775516372,0.09183673469386804,0.0,0.5335662194801045,0.4664337805198955,1747.7645458487932,0.0,-0.5335662194801045
0.07346938775516666,0.09387755102040038,0.0,0.5337406213471433,0.4662593786528567,1747.5043542033138,0.0,-0.5337406213471433
0.0734693877551696,0.09591836734693403,0.0,0.5339354872944215,0.46606451270557847,1747.2137236439714,0.0,-0.5339354872944215
0.07346938775517255,0.09795918367346676,0.0,0.5341488810281638,0.4658511189718362,1746.8955709066133,0.0,-0.5341488810281638
0.07551020408157107,0.002040816326529255,0.0,0.5325158024043413,0.46748419759565873,1749.333312291161,0.0,-0.5325158024043413
0.07551020408157373,0.004081632653058138,0.0,0.5322458756260315,0.46775412437396846,1749.7368947788598,0.0,-0.5322458756260315
0.07551020408157641,0.006122448979587115,0.0,0.5320076317648841,0.4679923682351159,1750.0932611271433,0.0,-0.5320076317648841
0.07551020408157913,0.008163265306116654,0.0,0.5318046955600885,0.46819530443991153,1750.3969286139875,0.0,-0.5318046955600885
0.07551020408158181,0.01020408163264673,0.0,0.531639794883015,0.46836020511698495,1750.6437585252818,0.0,-0.531639794883015
0.0755102040815845,0.01224489795917596,0.0,0.5315147143863979,0.46848528561360214,1750.8310304343308,0.0,-0.5315147143863979
0.07551020408158722,0.01428571428570444,0.0,0.5314302729610143,0.4685697270389857,1750.9574797305472,0.0,-0.5314302729610143
0.0755102040815899,0.01632653061223145,0.0,0.5313863234668449,0.4686136765331551,1751.0233004207287,0.0,-0.5313863234668449
0.07551020408159259,0.01836734693875941,0.0,0.5313817734254037,0.4686182265745963,1751.0301150450455,0.0,-0.5313817734254037
0.07551020408159528,0.0204081632652856,0.0,0.5314146257220616,0.46858537427793845,1750.9809131546526,0.0,-0.5314146257220616
0.07551020408159798,0.02244897959181387,0.0,0.5314820387330651,0.4685179612669349,1750.8799593862088,0.0,-0.5314820387330651
0.0755102040816007,0.02448979591834082,0.0,0.531580405530546,0.468419594469454,1750.7326719282783,0.0,-0.531580405530546
0.07551020408160336,0.02653061224486846,0.0,0.5317054518254279,0.46829454817457206,1750.545472254694,0.0,-0.5317054518254279
0.0755102040816061,0.02857142857139604,0.0,0.5318523520192443,0.4681476479807557,1750.3256074887283,0.0,-0.5318523520192443
0.07551020408160877,0.03061224489792354,0.0,0.5320158621381367,0.4679841378618633,1750.0809476733073,0.0,-0.5320158621381367
0.07551020408161148,0.03265306122445127,0.0,0.5321904675548388,0.4678095324451612,1749.8197614941616,0.0,-0.5321904675548388
0.07551020408161416,0.0346938775509786,0.0,0.5323705423538775,0.4676294576461225,1749.5504755047343,0.0,-0.5323705423538775
0.07551020408161686,0.03673469387750648,0.0,0.5325505160841442,0.46744948391585583,1749.281423455005,0.0,-0.5325505160841442
0.07551020408161954,0.03877551020403186,0.0,0.5327250426132794,0.46727495738672065,1749.0205937290923,0.0,-0.5327250426132794
0.07551020408162225,0.04081632653055959,0.0,0.5328891649918278,0.4671108350081722,1748.7753839518296,0.0,-0.5328891649918278
0.07551020408162494,0.042857142857087,0.0,0.5330384697743947,0.46696153022560527,1748.5523723682807,0.0,-0.5330384697743947
0.07551020408162763,0.04489795918361476,0.0,0.5331692242171276,0.46683077578287235,1748.3571155221196,0.0,-0.5331692242171276
0.07551020408163034,0.04693877551014215,0.0,0.5332784902161717,0.4667215097838283,1748.1939810158372,0.0,-0.5332784902161717
0.07551020408163303,0.04897959183666989,0.0,0.5333642097597036,0.46663579024029644,1748.066022755267,0.0,-0.5333642097597036
0.07551020408163572,0.05102040816320001,0.0,0.5334252579771512,0.46657474202284877,1747.9749041553373,0.0,-0.5334252579771512
0.07551020408163842,0.05306122448973385,0.0,0.5334614614827216,0.46653853851727844,1747.9208724577416,0.0,-0.5334614614827216
0.07551020408164111,0.05510204081626668,0.0,0.5334735814971217,0.46652641850287835,1747.9027847636453,0.0,-0.5334735814971217
0.07551020408164383,0.05714285714280053,0.0,0.5334632630479297,0.4665367369520703,1747.9181838101556,0.0,-0.5334632630479297
0.07551020408164653,0.05918367346933336,0.0,0.5334329532530339,0.46656704674696614,1747.963419108967,0.0,-0.5334329532530339
0.07551020408164921,0.06122448979586718,0.0,0.5333857931556165,0.4666142068443835,1748.0338069892514,0.0,-0.5333857931556165
0.0755102040816519,0.0632653061224,0.0,0.5333254887029539,0.46667451129704607,1748.123821479116,0.0,-0.5333254887029539
0.0755102040816546,0.06530612244893425,0.0,0.5332561671800481,0.4667438328199519,1748.2273069098014,0.0,-0.5332561671800481
0.07551020408165729,0.06734693877546688,0.0,0.5331822256981503,0.4668177743018497,1748.337702671133,0.0,-0.5331822256981503
0.07551020408165998,0.06938775510200072,0.0,0.5331081782134175,0.4668918217865825,1748.4482706695742,0.0,-0.5331081782134175
0.07551020408166267,0.07142857142853376,0.0,0.5330385070644121,0.46696149293558786,1748.5523166765279,0.0,-0.5330385070644121
0.07551020408166538,0.07346938775506713,0.0,0.5329775242493088,0.4670224757506912,1748.6433977997767,0.0,-0.5329775242493088
0.07551020408166809,0.0755102040816007,0.0,0.5329292467120464,0.46707075328795356,1748.7155096349486,0.0,-0.5329292467120464
0.07551020408167075,0.07755102040813208,0.0,0.5328972888732637,0.4671027111267363,1748.7632481171552,0.0,-0.5328972888732637
0.07551020408167347,0.07959183673466758,0.0,0.5328847746205922,0.46711522537940775,1748.7819425641717,0.0,-0.5328847746205922
0.07551020408167618,0.08163265306119899,0.0,0.532894270039034,0.467105729960966,1748.7677577734871,0.0,-0.532894270039034
0.07551020408167887,0.08367346938773426,0.0,0.5329277373650414,0.4670722626349586,1748.7177642323754,0.0,-0.5329277373650414
0.07551020408168156,0.08571428571426587,0.0,0.532986510008003,0.467013489991997,1748.629976488487,0.0,-0.532986510008003
0.07551020408168424,0.08775510204080067,0.0,0.5330712879931514,0.4669287120068486,1748.5033605124222,0.0,-0.5330712879931514
0.07551020408168696,0.08979591836733275,0.0,0.5331821528115337,0.4668178471884663,1748.337811498843,0.0,-0.5331821528115337
0.07551020408168962,0.09183673469386713,0.0,0.5333186003730649,0.4666813996269351,1748.134104054452,0.0,-0.5333186003730649
0.07551020408169236,0.09387755102039966,0.0,0.5334795905013685,0.4665204094986315,1747.8938171713062,0.0,-0.5334795905013685
0.07551020408169504,0.09591836734693357,0.0,0.533663611143339,0.46633638885666095,1747.6192368366126,0.0,-0.533663611143339
0.07551020408169773,0.09795918367346654,0.0,0.5338687551650266,0.46613124483497337,1747.313239620511,0.0,-0.5338687551650266
0.07755102040810434,0.002040816326529063,0.0,0.5326927752194401,0.46730722478055986,1749.0688114561926,0.0,-0.5326927752194401
0.07755102040810685,0.004081632653057758,0.0,0.5324222444323095,0.46757775556769055,1749.4731749176244,0.0,-0.5324222444323095
0.07755102040810936,0.006122448979586516,0.0,0.532182733795805,0.46781726620419495,1749.83132850565,0.0,-0.532182733795805
0.0775510204081119,0.008163265306115901,0.0,0.531978143415463,0.468021856584537,1750.1373800421215,0.0,-0.531978143415463
0.07755102040811443,0.01020408163264577,0.0,0.5318114878229583,0.4681885121770417,1750.386763176492,0.0,-0.5318114878229583
0.07755102040811697,0.01224489795917487,0.0,0.5316848388835077,0.4683151611164923,1750.5763279582536,0.0,-0.5316848388835077
0.07755102040811948,0.01428571428570308,0.0,0.5315992928745106,0.4684007071254894,1750.704394196302,0.0,-0.5315992928745106
0.077551020408122,0.0163265306122299,0.0,0.5315549603011349,0.4684450396988651,1750.7707694320195,0.0,-0.5315549603011349
0.07755102040812449,0.01836734693875756,0.0,0.531550977192065,0.468449022807935,1750.776733234872,0.0,-0.531550977192065
0.07755102040812703,0.02040816326528355,0.0,0.5315855369804945,0.4684144630195055,1750.724989139551,0.0,-0.5315855369804945
0.07755102040812957,0.02244897959181152,0.0,0.5316559424803848,0.46834405751961516,1750.619585082861,0.0,-0.5316559424803848
0.07755102040813208,0.0244897959183383,0.0,0.5317586777752499,0.4682413222247501,1750.465802868086,0.0,-0.5317586777752499
0.07755102040813458,0.02653061224486569,0.0,0.5318894999262611,0.4681105000737389,1750.2700171557274,0.0,-0.5318894999262611
0.07755102040813713,0.02857142857139304,0.0,0.5320435501962173,0.4679564498037827,1750.039524867056,0.0,-0.5320435501962173
0.07755102040813963,0.03061224489792031,0.0,0.5322154839435558,0.4677845160564442,1749.7823467318913,0.0,-0.5322154839435558
0.07755102040814216,0.03265306122444779,0.0,0.5323996174887524,0.4676003825112476,1749.5070039746909,0.0,-0.5323996174887524
0.07755102040814471,0.03469387755097491,0.0,0.5325900891694667,0.4674099108305333,1749.2222746982593,0.0,-0.5325900891694667
0.07755102040814721,0.03673469387750251,0.0,0.5327810305989883,0.4672189694010117,1748.9369362175676,0.0,-0.5327810305989883
0.07755102040814973,0.03877551020402762,0.0,0.5329667429705249,0.46703325702947507,1748.659501208153,0.0,-0.5329667429705249
0.07755102040815226,0.04081632653055512,0.0,0.5331418722608806,0.4668581277391194,1748.397956850074,0.0,-0.5331418722608806
0.07755102040815479,0.04285714285708229,0.0,0.5333015765211438,0.46669842347885615,1748.1595169799498,0.0,-0.5333015765211438
0.07755102040815728,0.0448979591836098,0.0,0.5334416782075195,0.46655832179248047,1747.9503974703052,0.0,-0.5334416782075195
0.07755102040815981,0.04693877551013699,0.0,0.5335587947650339,0.4664412052349661,1747.775624564583,0.0,-0.5335587947650339
0.07755102040816234,0.04897959183666448,0.0,0.5336504414402743,0.4663495585597257,1747.638884708818,0.0,-0.5336504414402743
0.07755102040816486,0.05102040816319459,0.0,0.5337151015230037,0.4662848984769963,1747.5424226097205,0.0,-0.5337151015230037
0.07755102040816739,0.05306122448972866,0.0,0.5337522608099123,0.46624773919008766,1747.4869919463495,0.0,-0.5337522608099123
0.07755102040816991,0.05510204081626172,0.0,0.5337624049206547,0.46623759507934526,1747.471860545016,0.0,-0.5337624049206547
0.07755102040817244,0.05714285714279578,0.0,0.53374698002921,0.46625301997079005,1747.494869094607,0.0,-0.53374698002921
0.07755102040817494,0.05918367346932882,0.0,0.5337083194494145,0.46629168055058545,1747.5525398366801,0.0,-0.5337083194494145
0.07755102040817746,0.0612244897958629,0.0,0.5336495401889094,0.4663504598110906,1747.6402293013468,0.0,-0.5336495401889094
0.07755102040817999,0.06326530612239593,0.0,0.5335744149404273,0.46642558505957266,1747.7523172361086,0.0,-0.5335744149404273
0.07755102040818251,0.06530612244893041,0.0,0.5334872259268494,0.4665127740731506,1747.8824225071355,0.0,-0.5334872259268494
0.07755102040818504,0.06734693877546329,0.0,0.5333926075109292,0.4666073924890708,1748.0236360062383,0.0,-0.5333926075109292
0.07755102040818757,0.06938775510199734,0.0,0.5332953845196136,0.46670461548038644,1748.1687604810015,0.0,-0.5332953845196136
0.07755102040819006,0.07142857142853062,0.0,0.5332004128555192,0.4667995871444808,1748.3105476746127,0.0,-0.5332004128555192
0.07755102040819259,0.07346938775506422,0.0,0.533112428248465,0.46688757175153495,1748.441924122047,0.0,-0.533112428248465
0.07755102040819511,0.07551020408159798,0.0,0.533035908036882,0.46696409196311806,1748.5561982707407,0.0,-0.533035908036882
0.07755102040819764,0.07755102040812956,0.0,0.5329749497730919,0.4670250502269081,1748.647243127598,0.0,-0.5329749497730919
0.07755102040820017,0.07959183673466534,0.0,0.5329331693265106,0.4670668306734894,1748.7096502299137,0.0,-0.5329331693265106
0.07755102040820269,0.0816326530611969,0.0,0.5329136201084784,0.4670863798915216,1748.7388522625472,0.0,-0.5329136201084784
0.07755102040820519,0.08367346938773249,0.0,0.5329187341304402,0.4670812658695598,1748.731212996494,0.0,-0.5329187341304402
0.07755102040820776,0.08571428571426427,0.0,0.5329502848715756,0.4670497151284244,1748.6840843453122,0.0,-0.5329502848715756
0.07755102040821024,0.08775510204079934,0.0,0.53300937137888,0.46699062862111995,1748.5958312104858,0.0,-0.53300937137888
0.07755102040821277,0.08979591836733161,0.0,0.5330964226302021,0.46690357736979793,1748.4658254395097,0.0,-0.5330964226302021
0.0775510204082153,0.09183673469386625,0.0,0.5332112209162942,0.46678877908370575,1748.2944107061255,0.0,-0.5332112209162942
0.07755102040821782,0.09387755102039896,0.0,0.5333529427883776,0.46664705721162236,1748.0828405116144,0.0,-0.5333529427883776
0.07755102040822034,0.0959183673469331,0.0,0.5335202159200513,0.4664797840799487,1747.8331918707925,0.0,-0.5335202159200513
0.07755102040822286,0.09795918367346632,0.0,0.5337111900036897,0.4662888099963103,1747.5482576439715,0.0,-0.5337111900036897
0.079591836734643,0.002040816326528869,0.0,0.5330670195966024,0.4669329804033976,1748.5097349270936,0.0,-0.5330670195966024
0.07959183673464518,0.004081632653057376,0.0,0.5327997514414697,0.46720024855853026,1748.9089652320172,0.0,-0.5327997514414697
0.07959183673464745,0.006122448979585916,0.0,0.5325624099753246,0.46743759002467544,1749.2636455761976,0.0,-0.5325624099753246
0.07959183673464967,0.008163265306115153,0.0,0.5323591739412672,0.4676408260587328,1749.5674735126183,0.0,-0.5323591739412672
0.07959183673465191,0.01020408163264481,0.0,0.5321933522390165,0.46780664776098346,1749.815447049913,0.0,-0.5321933522390165
0.07959183673465417,0.01224489795917376,0.0,0.5320673152045055,0.46793268479549455,1750.00397271555,0.0,-0.5320673152045055
0.07959183673465639,0.01428571428570171,0.0,0.5319824504759246,0.46801754952407537,1750.1309359064296,0.0,-0.5319824504759246
0.07959183673465861,0.01632653061222834,0.0,0.5319391421805314,0.4680608578194686,1750.195735051953,0.0,-0.5319391421805314
0.07959183673466086,0.0183673469387557,0.0,0.5319367722840116,0.4680632277159884,1750.1992810993115,0.0,-0.5319367722840116
0.07959183673466311,0.02040816326528149,0.0,0.531973743275352,0.46802625672464804,1750.1439634906844,0.0,-0.531973743275352
0.07959183673466533,0.02244897959180918,0.0,0.5320475217753097,0.4679524782246903,1750.0335833344875,0.0,-0.5320475217753097
0.07959183673466758,0.02448979591833576,0.0,0.532154703008855,0.46784529699114497,1749.8732540873968,0.0,-0.532154703008855
0.0795918367346698,0.02653061224486292,0.0,0.5322910962389217,0.4677089037610783,1749.6692699492635,0.0,-0.5322910962389217
0.07959183673467202,0.02857142857139003,0.0,0.5324518311214325,0.46754816887856754,1749.4289424682272,0.0,-0.5324518311214325
0.07959183673467429,0.03061224489791707,0.0,0.5326314844589186,0.4673685155410814,1749.160406625597,0.0,-0.5326314844589186
0.07959183673467651,0.03265306122444431,0.0,0.532824226007267,0.467175773992733,1748.8723989041166,0.0,-0.532824226007267
0.07959183673467876,0.03469387755097122,0.0,0.5330239808890083,0.46697601911099174,1748.5740114420264,0.0,-0.5330239808890083
0.07959183673468101,0.03673469387749855,0.0,0.5332246048981171,0.46677539510188293,1748.2744281731448,0.0,-0.5332246048981171
0.07959183673468324,0.03877551020402339,0.0,0.5334200676913305,0.46657993230866945,1747.9826506390357,0.0,-0.5334200676913305
0.07959183673468546,0.04081632653055063,0.0,0.5336046377105863,0.4663953622894137,1747.7072227064043,0.0,-0.5336046377105863
0.07959183673468768,0.04285714285707759,0.0,0.5337730618249432,0.4662269381750568,1747.455964520542,0.0,-0.5337730618249432
0.07959183673468996,0.04489795918360484,0.0,0.5339207322458699,0.4660792677541301,1747.2357265073645,0.0,-0.5339207322458699
0.07959183673469217,0.04693877551013182,0.0,0.5340438333410478,0.46595616665895223,1747.052174001066,0.0,-0.5340438333410478
0.07959183673469442,0.04897959183665905,0.0,0.5341394615792446,0.46586053842075537,1746.9096120960758,0.0,-0.5341394615792446
0.07959183673469666,0.05102040816318916,0.0,0.5342057129563087,0.4657942870436913,1746.8108586514834,0.0,-0.5342057129563087
0.07959183673469888,0.05306122448972349,0.0,0.5342417338018153,0.4657582661981847,1746.7571711310532,0.0,-0.5342417338018153
0.07959183673470113,0.05510204081625674,0.0,0.5342477327272336,0.4657522672727664,1746.7482303113875,0.0,-0.5342477327272336
0.07959183673470335,0.05714285714279105,0.0,0.5342249535014888,0.4657750464985112,1746.7821810361197,0.0,-0.5342249535014888
0.0795918367347056,0.05918367346932431,0.0,0.5341756106680362,0.4658243893319638,1746.8557273484591,0.0,-0.5341756106680362
0.07959183673470785,0.06122448979585862,0.0,0.5341027915923077,0.46589720840769233,1746.964276704305,0.0,-0.5341027915923077
0.07959183673471007,0.06326530612239188,0.0,0.53401033021125,0.46598966978875,1747.1021257355496,0.0,-0.53401033021125
0.07959183673471232,0.06530612244892661,0.0,0.5339026589399727,0.4660973410600273,1747.2626783416042,0.0,-0.5339026589399727
0.07959183673471454,0.06734693877545964,0.0,0.5337846459064027,0.46621535409359727,1747.438685830446,0.0,-0.5337846459064027
0.0795918367347168,0.06938775510199395,0.0,0.533661424910389,0.46633857508961096,1747.6224984456746,0.0,-0.533661424910389
0.07959183673471901,0.07142857142852749,0.0,0.5335382252615626,0.4664617747384374,1747.806317881055,0.0,-0.5335382252615626
0.07959183673472127,0.0734693877550613,0.0,0.5334202080043416,0.46657979199565836,1747.982441221447,0.0,-0.5334202080043416
0.0795918367347235,0.07551020408159528,0.0,0.5333123140850738,0.46668768591492615,1748.1434880354884,0.0,-0.5333123140850738
0.07959183673472574,0.07755102040812703,0.0,0.5332191288715443,0.4667808711284557,1748.2826039271217,0.0,-0.5332191288715443
0.07959183673472797,0.07959183673466308,0.0,0.5331447662202029,0.4668552337797971,1748.3936355646217,0.0,-0.5331447662202029
0.07959183673473019,0.08163265306119484,0.0,0.5330927741130805,0.46690722588691946,1748.4712738906962,0.0,-0.5330927741130805
0.07959183673473244,0.08367346938773068,0.0,0.533066062843704,0.46693393715629605,1748.5111637462908,0.0,-0.533066062843704
0.07959183673473469,0.08571428571426265,0.0,0.5330668558773202,0.46693314412267983,1748.50997942606,0.0,-0.5330668558773202
0.07959183673473692,0.08775510204079802,0.0,0.5330966628681405,0.4669033371318595,1748.4654666854485,0.0,-0.5330966628681405
0.07959183673473913,0.08979591836733045,0.0,0.5331562738740638,0.46684372612593616,1748.376452446254,0.0,-0.5331562738740638
0.0795918367347414,0.09183673469386536,0.0,0.5332457735287445,0.46675422647125553,1748.242823947753,0.0,-0.5332457735287445
0.07959183673474364,0.09387755102039831,0.0,0.5333645737552939,0.4666354262447061,1748.0654794390398,0.0,-0.5333645737552939
0.07959183673474585,0.09591836734693268,0.0,0.5335114634723247,0.4664885365276753,1747.846252790567,0.0,-0.5335114634723247
0.0795918367347481,0.0979591836734661,0.0,0.533684673593633,0.46631532640636697,1747.587814697742,0.0,-0.533684673593633
0.08163265306117627,0.002040816326528674,0.0,0.5335767158060108,0.46642328419398915,1747.748884098637,0.0,-0.5335767158060108
0.08163265306117837,0.004081632653056997,0.0,0.5333166839316856,0.46668331606831437,1748.136964849643,0.0,-0.5333166839316856
0.0816326530611804,0.006122448979585317,0.0,0.5330850506169029,0.4669149493830971,1748.482807754794,0.0,-0.5330850506169029
0.08163265306118246,0.0081632653061144,0.0,0.5328862707744368,0.46711372922556316,1748.7797075100489,0.0,-0.5328862707744368
0.08163265306118452,0.01020408163264386,0.0,0.5327239511933024,0.4672760488066976,1749.022224613482,0.0,-0.5327239511933024
0.08163265306118658,0.01224489795917266,0.0,0.5326007694760531,0.46739923052394694,1749.2063118354788,0.0,-0.5326007694760531
0.08163265306118865,0.01428571428570035,0.0,0.5325184179374981,0.4674815820625019,1749.3294025733023,0.0,-0.5325184179374981
0.0816326530611907,0.01632653061222679,0.0,0.5324775714449822,0.4675224285550178,1749.3904622001348,0.0,-0.5324775714449822
0.08163265306119279,0.01836734693875386,0.0,0.5324778781949083,0.4675221218050917,1749.3900036372636,0.0,-0.5324778781949083
0.08163265306119484,0.02040816326527944,0.0,0.5325179726930139,0.46748202730698607,1749.33006812674,0.0,-0.5325179726930139
0.08163265306119691,0.02244897959180683,0.0,0.5325955106030276,0.46740448939697243,1749.2141717483885,0.0,-0.5325955106030276
0.08163265306119899,0.02448979591833323,0.0,0.532707225500858,0.46729277449914197,1749.0472178209682,0.0,-0.532707225500858
0.08163265306120104,0.02653061224486016,0.0,0.5328490077777671,0.4671509922222329,1748.8353751536788,0.0,-0.5328490077777671
0.08163265306120311,0.02857142857138703,0.0,0.5330160058623791,0.46698399413762093,1748.5859223306795,0.0,-0.5330160058623791
0.08163265306120517,0.03061224489791384,0.0,0.5332027495092397,0.46679725049076026,1748.307058909974,0.0,-0.5332027495092397
0.08163265306120726,0.03265306122444084,0.0,0.5334032941182065,0.46659670588179347,1748.0076856086062,0.0,-0.5334032941182065
0.08163265306120929,0.03469387755096753,0.0,0.5336113839507793,0.46638861604922066,1747.6971571523247,0.0,-0.5336113839507793
0.08163265306121137,0.0367346938774946,0.0,0.5338206307975004,0.4661793692024996,1747.385013337028,0.0,-0.5338206307975004
0.08163265306121342,0.03877551020401915,0.0,0.5340247032673364,0.4659752967326636,1747.080695773429,0.0,-0.5340247032673364
0.0816326530612155,0.04081632653054616,0.0,0.5342175205808508,0.4657824794191492,1746.7932595315324,0.0,-0.5342175205808508
0.08163265306121756,0.04285714285707289,0.0,0.5343934437198689,0.46560655628013115,1746.5310902403244,0.0,-0.5343934437198689
0.08163265306121961,0.04489795918359989,0.0,0.5345474561615228,0.46545254383847723,1746.3016379408732,0.0,-0.5345474561615228
0.08163265306122168,0.04693877551012664,0.0,0.5346753263079115,0.4653246736920885,1746.1111790098498,0.0,-0.5346753263079115
0.08163265306122376,0.04897959183665362,0.0,0.5347737441649278,0.46522625583507216,1745.9646167134028,0.0,-0.5347737441649278
0.0816326530612258,0.05102040816318372,0.0,0.5348404258175373,0.4651595741824627,1745.8653294457351,0.0,-0.5348404258175373
0.08163265306122788,0.0530612244897183,0.0,0.5348741807302784,0.46512581926972163,1745.8150735526588,0.0,-0.5348741807302784
0.08163265306122994,0.05510204081625175,0.0,0.5348749387598583,0.46512506124014175,1745.8139449959779,0.0,-0.5348749387598583
0.08163265306123202,0.05714285714278632,0.0,0.5348437358559032,0.46515626414409683,1745.8604011778268,0.0,-0.5348437358559032
0.08163265306123407,0.05918367346931978,0.0,0.5347826595818664,0.46521734041813356,1745.9513412326226,0.0,-0.5347826595818664
0.08163265306123613,0.06122448979585433,0.0,0.5346947576438827,0.46530524235611725,1746.082240226087,0.0,-0.5346947576438827
0.0816326530612382,0.0632653061223878,0.0,0.5345839144169732,0.46541608558302683,1746.2473301763819,0.0,-0.5345839144169732
0.08163265306124025,0.06530612244892282,0.0,0.5344547018779735,0.4655452981220265,1746.439818799578,0.0,-0.5344547018779735
0.0816326530612423,0.06734693877545603,0.0,0.5343122123029873,0.4656877876970127,1746.6521355022744,0.0,-0.5343122123029873
0.08163265306124436,0.06938775510199059,0.0,0.5341618805191841,0.4658381194808159,1746.8761934646743,0.0,-0.5341618805191841
0.08163265306124645,0.07142857142852434,0.0,0.534009303419804,0.465990696580196,1747.1036566828202,0.0,-0.534009303419804
0.08163265306124849,0.07346938775505835,0.0,0.5338600639072041,0.4661399360927959,1747.3262015130365,0.0,-0.5338600639072041
0.08163265306125059,0.0755102040815926,0.0,0.5337195655112895,0.4662804344887105,1747.5357634739153,0.0,-0.5337195655112895
0.08163265306125263,0.07755102040812453,0.0,0.5335928827573755,0.4664071172426245,1747.7247616588725,0.0,-0.5335928827573755
0.08163265306125468,0.07959183673466086,0.0,0.5334846310594,0.4665153689406,1747.8862949194822,0.0,-0.5334846310594
0.08163265306125675,0.0816326530611928,0.0,0.5333988586194144,0.4666011413805856,1748.014305819303,0.0,-0.5333988586194144
0.08163265306125882,0.0836734693877289,0.0,0.5333389616321697,0.46666103836783035,1748.1037100728358,0.0,-0.5333389616321697
0.08163265306126087,0.08571428571426104,0.0,0.5333076231039744,0.4666923768960256,1748.1504906561727,0.0,-0.5333076231039744
0.08163265306126295,0.08775510204079667,0.0,0.5333067748399661,0.46669322516003386,1748.1517569369487,0.0,-0.5333067748399661
0.081632653061265,0.08979591836732931,0.0,0.5333375816370809,0.4666624183629191,1748.1057700076028,0.0,-0.5333375816370809
0.08163265306126707,0.09183673469386447,0.0,0.5334004464103355,0.46659955358966454,1748.0119359537046,0.0,-0.5334004464103355
0.08163265306126911,0.0938775510203976,0.0,0.5334950348210244,0.46650496517897555,1747.8707691220573,0.0,-0.5334950348210244
0.0816326530612712,0.09591836734693221,0.0,0.5336203178967702,0.4663796821032298,1747.683827666539,0.0,-0.5336203178967702
0.08163265306127325,0.09795918367346587,0.0,0.533774631063876,0.466225368936124,1747.4536238407834,0.0,-0.533774631063876
0.08367346938771464,0.002040816326528482,0.0,0.53414560482175,0.46585439517825,1746.900454588687,0.0,-0.53414560482175
0.08367346938771644,0.004081632653056615,0.0,0.5338963956910824,0.4661036043089176,1747.272018611345,0.0,-0.5338963956910824
0.08367346938771822,0.006122448979584719,0.0,0.5336736434250132,0.4663263565749868,1747.60426997797,0.0,-0.5336736434250132
0.08367346938772,0.008163265306113646,0.0,0.5334820670987247,0.4665179329012753,1747.8901212254118,0.0,-0.5334820670987247
0.08367346938772176,0.0102040816326429,0.0,0.5333255668152511,0.4666744331847489,1748.1237048774408,0.0,-0.5333255668152511
0.08367346938772355,0.01224489795917155,0.0,0.5332071299529613,0.46679287004703873,1748.3005186813737,0.0,-0.5332071299529613
0.08367346938772535,0.01428571428569899,0.0,0.533128762610574,0.46687123738942604,1748.4175325624935,0.0,-0.533128762610574
0.08367346938772713,0.01632653061222525,0.0,0.5330914455498859,0.46690855445011414,1748.4732578864525,0.0,-0.5330914455498859
0.0836734693877289,0.01836734693875201,0.0,0.5330951138417453,0.46690488615825465,1748.4677798926566,0.0,-0.5330951138417453
0.08367346938773071,0.02040816326527739,0.0,0.5331386596125318,0.4668613403874682,1748.4027540297952,0.0,-0.5331386596125318
0.08367346938773249,0.02244897959180449,0.0,0.5332199576421819,0.4667800423578181,1748.2813665606411,0.0,-0.5332199576421819
0.08367346938773426,0.0244897959183307,0.0,0.5333359139338305,0.4666640860661695,1748.1082594141774,0.0,-0.5333359139338305
0.08367346938773604,0.02653061224485739,0.0,0.5334825376122168,0.46651746238778324,1747.889419057161,0.0,-0.5334825376122168
0.08367346938773781,0.02857142857138403,0.0,0.5336550364875913,0.46634496351240873,1747.6320293102658,0.0,-0.5336550364875913
0.08367346938773963,0.03061224489791061,0.0,0.5338479362591161,0.4661520637408839,1747.3442886607943,0.0,-0.5338479362591161
0.0836734693877414,0.03265306122443734,0.0,0.5340552225961124,0.4659447774038876,1747.0351937591254,0.0,-0.5340552225961124
0.08367346938774317,0.03469387755096383,0.0,0.534270504257024,0.46572949574297595,1746.7142923759452,0.0,-0.534270504257024
0.08367346938774498,0.03673469387749063,0.0,0.534487194072998,0.46551280592700195,1746.391411005917,0.0,-0.534487194072998
0.08367346938774675,0.03877551020401492,0.0,0.5346987031715783,0.4653012968284217,1746.0763643307578,0.0,-0.5346987031715783
0.08367346938774853,0.04081632653054166,0.0,0.5348986424121593,0.46510135758784066,1745.778655664468,0.0,-0.5348986424121593
0.0836734693877503,0.04285714285706818,0.0,0.5350810238222244,0.46491897617777556,1745.5071790567301,0.0,-0.5350810238222244
0.08367346938775208,0.04489795918359494,0.0,0.5352404540201795,0.4647595459798205,1745.2699347179505,0.0,-0.5352404540201795
0.08367346938775388,0.04693877551012146,0.0,0.5353723113086848,0.4646276886913152,1745.073769698974,0.0,-0.5353723113086848
0.08367346938775566,0.04897959183664822,0.0,0.5354728983923559,0.4645271016076441,1744.9241552325445,0.0,-0.5354728983923559
0.08367346938775747,0.05102040816317831,0.0,0.5355395635270446,0.46446043647295543,1744.8250108255647,0.0,-0.5355395635270446
0.08367346938775924,0.05306122448971311,0.0,0.5355707842970802,0.46442921570291984,1744.7785831612225,0.0,-0.5355707842970802
0.08367346938776102,0.05510204081624678,0.0,0.5355662100422877,0.46443378995771234,1744.785385272216,0.0,-0.5355662100422877
0.0836734693877628,0.05714285714278157,0.0,0.5355266610786282,0.46447333892137177,1744.8441984711974,0.0,-0.5355266610786282
0.0836734693877646,0.05918367346931526,0.0,0.5354540851102236,0.46454591488977637,1744.952136389521,0.0,-0.5354540851102236
0.08367346938776637,0.06122448979585005,0.0,0.5353514734427093,0.4646485265572907,1745.1047674054828,0.0,-0.5353514734427093
0.08367346938776815,0.06326530612238372,0.0,0.5352227416116215,0.46477725838837847,1745.2962889532798,0.0,-0.5352227416116215
0.08367346938776996,0.06530612244891898,0.0,0.5350725806897165,0.4649274193102835,1745.519744882574,0.0,-0.5350725806897165
0.08367346938777175,0.0673469387754524,0.0,0.5349062867226664,0.4650937132773336,1745.7672753340091,0.0,-0.5349062867226664
0.08367346938777351,0.06938775510198723,0.0,0.5347295763960611,0.4652704236039389,1746.0303876041094,0.0,-0.5347295763960611
0.08367346938777528,0.07142857142852116,0.0,0.5345483971402023,0.4654516028597977,1746.3002362282527,0.0,-0.5345483971402023
0.08367346938777709,0.0734693877550554,0.0,0.5343687394654077,0.46563126053459225,1746.5679009824576,0.0,-0.5343687394654077
0.08367346938777886,0.07551020408158991,0.0,0.534196458468269,0.465803541531731,1746.8246526006053,0.0,-0.534196458468269
0.08367346938778067,0.07755102040812198,0.0,0.5340371102735613,0.46596288972643873,1747.062197578237,0.0,-0.5340371102735613
0.08367346938778245,0.07959183673465864,0.0,0.5338958078143197,0.46610419218568033,1747.2728953064502,0.0,-0.5338958078143197
0.08367346938778422,0.08163265306119073,0.0,0.5337770989458738,0.4662229010541262,1747.4499427560156,0.0,-0.5337770989458738
0.083673469387786,0.08367346938772713,0.0,0.5336848685676938,0.4663151314323062,1747.5875238298345,0.0,-0.5336848685676938
0.08367346938778777,0.08571428571425946,0.0,0.5336222652916609,0.4663777347083391,1747.6809221719889,0.0,-0.5336222652916609
0.08367346938778958,0.08775510204079534,0.0,0.5335916523105841,0.46640834768941586,1747.726597564694,0.0,-0.5335916523105841
0.08367346938779135,0.08979591836732817,0.0,0.5335945815077893,0.46640541849221073,1747.7222270202383,0.0,-0.5335945815077893
0.08367346938779316,0.09183673469386355,0.0,0.5336317894878959,0.4663682105121041,1747.6667123014677,0.0,-0.5336317894878959
0.08367346938779494,0.09387755102039691,0.0,0.5337032140477401,0.4662967859522599,1747.5601559486158,0.0,-0.5337032140477401
0.08367346938779671,0.09591836734693177,0.0,0.5338080295703154,0.46619197042968463,1747.4038080523437,0.0,-0.5338080295703154
0.08367346938779849,0.09795918367346562,0.0,0.5339446998312449,0.46605530016875507,1747.1999861057886,0.0,-0.5339446998312449
0.08571428571424823,0.002040816326528287,0.0,0.5346925365764185,0.46530746342358154,1746.0855479784555,0.0,-0.5346925365764185
0.08571428571424983,0.004081632653056233,0.0,0.5344567617008698,0.46554323829913025,1746.4367499373382,0.0,-0.5344567617008698
0.08571428571425142,0.00612244897958412,0.0,0.5342451396184722,0.4657548603815278,1746.7520950786281,0.0,-0.5342451396184722
0.08571428571425303,0.008163265306112897,0.0,0.5340626300915802,0.46593736990841983,1747.0241501002654,0.0,-0.5340626300915802
0.08571428571425463,0.01020408163264194,0.0,0.533913411444048,0.466086588555952,1747.246643559707,0.0,-0.533913411444048
0.08571428571425624,0.01224489795917045,0.0,0.5338007742804378,0.4661992257195622,1747.4146294919492,0.0,-0.5338007742804378
0.08571428571425785,0.01428571428569762,0.0,0.53372704041418,0.46627295958582005,1747.5246129325149,0.0,-0.53372704041418
0.08571428571425942,0.01632653061222369,0.0,0.5336935066862776,0.4663064933137224,1747.5746373334455,0.0,-0.5336935066862776
0.08571428571426104,0.01836734693875016,0.0,0.5337004131433494,0.4662995868566506,1747.5643342967053,0.0,-0.5337004131433494
0.08571428571426268,0.02040816326527533,0.0,0.5337469351378004,0.46625306486219964,1747.4949360577928,0.0,-0.5337469351378004
0.08571428571426426,0.02244897959180214,0.0,0.5338311992026401,0.4661688007973599,1747.3692508850975,0.0,-0.5338311992026401
0.08571428571426588,0.02448979591832818,0.0,0.533950322898123,0.46604967710187695,1747.1916012147037,0.0,-0.533950322898123
0.0857142857142675,0.02653061224485461,0.0,0.5341004790780954,0.46589952092190456,1746.9677241254572,0.0,-0.5341004790780954
0.08571428571426906,0.02857142857138102,0.0,0.5342769850463689,0.4657230149536311,1746.704633862753,0.0,-0.5342769850463689
0.08571428571427067,0.03061224489790737,0.0,0.5344744167685301,0.46552558323146986,1746.4104466763386,0.0,-0.5344744167685301
0.08571428571427228,0.03265306122443387,0.0,0.5346867476245732,0.46531325237542676,1746.0941693059503,0.0,-0.5346867476245732
0.08571428571427389,0.03469387755096013,0.0,0.5349075101452216,0.46509248985477836,1745.7654539993484,0.0,-0.5349075101452216
0.08571428571427547,0.03673469387748669,0.0,0.5351299778434128,0.46487002215658724,1745.434324864198,0.0,-0.5351299778434128
0.08571428571427708,0.03877551020401068,0.0,0.535347362758494,0.46465263724150596,1745.1108824507041,0.0,-0.535347362758494
0.08571428571427872,0.04081632653053719,0.0,0.5355530228372035,0.4644469771627965,1744.8049955026536,0.0,-0.5355530228372035
0.08571428571428033,0.04285714285706349,0.0,0.5357406719603289,0.46425932803967107,1744.5259905546304,0.0,-0.5357406719603289
0.08571428571428191,0.04489795918358998,0.0,0.535904584456094,0.464095415543906,1744.2823512677664,0.0,-0.535904584456094
0.08571428571428352,0.04693877551011628,0.0,0.5360397854586044,0.4639602145413956,1744.081439911733,0.0,-0.5360397854586044
0.0857142857142851,0.04897959183664277,0.0,0.5361422185615331,0.4638577814384669,1743.9292531143744,0.0,-0.5361422185615331
0.08571428571428671,0.05102040816317288,0.0,0.5362088829144188,0.4637911170855812,1743.830222891448,0.0,-0.5362088829144188
0.08571428571428832,0.05306122448970792,0.0,0.536237933181517,0.463762066818483,1743.7870720956353,0.0,-0.536237933181517
0.08571428571428993,0.05510204081624181,0.0,0.536228737545341,0.46377126245465905,1743.800730913536,0.0,-0.536228737545341
0.08571428571429154,0.05714285714277685,0.0,0.5361818910580732,0.46381810894192677,1743.870318071295,0.0,-0.5361818910580732
0.08571428571429315,0.05918367346931073,0.0,0.5360991839621774,0.4639008160378226,1743.9931871968301,0.0,-0.5360991839621774
0.08571428571429476,0.06122448979584578,0.0,0.5359835269399218,0.4640164730600782,1744.1650355571765,0.0,-0.5359835269399218
0.08571428571429637,0.06326530612237967,0.0,0.5358388374340052,0.4641611625659948,1744.380069368057,0.0,-0.5358388374340052
0.08571428571429796,0.06530612244891516,0.0,0.5356698930478025,0.46433010695219745,1744.6312172653293,0.0,-0.5356698930478025
0.08571428571429957,0.06734693877544878,0.0,0.5354821594532724,0.4645178405467276,1744.9103815062688,0.0,-0.5354821594532724
0.08571428571430117,0.06938775510198385,0.0,0.5352816011176138,0.4647183988823862,1745.208715156909,0.0,-0.5352816011176138
0.08571428571430276,0.071428571428518,0.0,0.5350744834660006,0.4649255165339994,1745.5169129847309,0.0,-0.5350744834660006
0.08571428571430437,0.0734693877550525,0.0,0.5348671748399149,0.46513282516008514,1745.8255040120162,0.0,-0.5348671748399149
0.08571428571430598,0.07551020408158722,0.0,0.5346659558531383,0.46533404414686175,1746.1251346239374,0.0,-0.5346659558531383
0.0857142857143076,0.0775510204081195,0.0,0.5344768425986106,0.4655231574013894,1746.4068326347544,0.0,-0.5344768425986106
0.0857142857143092,0.07959183673465639,0.0,0.534305428758233,0.46569457124176705,1746.6622446157717,0.0,-0.534305428758233
0.0857142857143108,0.08163265306118868,0.0,0.5341567501668367,0.4658432498331633,1746.8838408746417,0.0,-0.5341567501668367
0.08571428571431242,0.08367346938772535,0.0,0.5340351739280176,0.4659648260719824,1747.0650845420307,0.0,-0.5340351739280176
0.08571428571431401,0.08571428571425786,0.0,0.5339443128972081,0.4660556871027919,1747.2005630892152,0.0,-0.5339443128972081
0.08571428571431561,0.08775510204079401,0.0,0.5338869653228205,0.46611303467717946,1747.2860821372701,0.0,-0.5338869653228205
0.0857142857143172,0.08979591836732699,0.0,0.5338650787111827,0.4661349212888173,1747.3187225548118,0.0,-0.5338650787111827
0.08571428571431884,0.09183673469386268,0.0,0.5338797365506006,0.4661202634493994,1747.2968625721587,0.0,-0.5338797365506006
0.08571428571432041,0.09387755102039622,0.0,0.5339311663488941,0.46606883365110585,1747.2201670200939,0.0,-0.5339311663488941
0.08571428571432202,0.09591836734693132,0.0,0.5340187674318712,0.46598123256812884,1747.0895459311466,0.0,-0.5340187674318712
0.08571428571432363,0.0979591836734654,0.0,0.5341411570264877,0.4658588429735123,1746.9070847451578,0.0,-0.5341411570264877
0.08775510204078597,0.002040816326528093,0.0,0.5351425321618075,0.4648574678381925,1745.4156422975252,0.0,-0.5351425321618075
0.08775510204078733,0.004081632653055852,0.0,0.5349212716223928,0.4650787283776072,1745.7449672632113,0.0,-0.5349212716223928
0.08775510204078865,0.006122448979583523,0.0,0.5347215774297802,0.4652784225702198,1746.0422995153995,0.0,-0.5347215774297802
0.08775510204078998,0.008163265306112144,0.0,0.5345486153231541,0.4654513846768459,1746.2999112161124,0.0,-0.5345486153231541
0.08775510204079136,0.01020408163264099,0.0,0.5344068157187335,0.4655931842812665,1746.5111658498438,0.0,-0.5344068157187335
0.08775510204079266,0.01224489795916935,0.0,0.534299755629028,0.465700244370972,1746.670699032838,0.0,-0.534299755629028
0.08775510204079402,0.01428571428569625,0.0,0.534230065520319,0.46576993447968096,1746.774561841228,0.0,-0.534230065520319
0.08775510204079535,0.01632653061222214,0.0,0.5341993612128784,0.46580063878712163,1746.8203259940667,0.0,-0.5341993612128784
0.08775510204079667,0.01836734693874831,0.0,0.5342082005953261,0.46579179940467386,1746.8071508264704,0.0,-0.5342082005953261
0.087755102040798,0.02040816326527328,0.0,0.5342560649105569,0.4657439350894431,1746.7358121477341,0.0,-0.5342560649105569
0.08775510204079937,0.0224489795917998,0.0,0.534341364580904,0.465658635419096,1746.6086929274286,0.0,-0.534341364580904
0.08775510204080067,0.02448979591832565,0.0,0.5344614698435838,0.4655385301564162,1746.429735471192,0.0,-0.5344614698435838
0.08775510204080204,0.02653061224485185,0.0,0.5346127667171992,0.46538723328280085,1746.2043545425543,0.0,-0.5346127667171992
0.08775510204080333,0.02857142857137802,0.0,0.5347907388764005,0.4652092611235995,1745.9393109523253,0.0,-0.5347907388764005
0.08775510204080472,0.03061224489790414,0.0,0.5349900757637693,0.46500992423623067,1745.64254562396,0.0,-0.5349900757637693
0.08775510204080603,0.03265306122443037,0.0,0.5352048066515855,0.46479519334841446,1745.3229751332262,0.0,-0.5352048066515855
0.08775510204080739,0.03469387755095642,0.0,0.535428459376075,0.46457154062392503,1744.990251208906,0.0,-0.535428459376075
0.08775510204080875,0.03673469387748272,0.0,0.5356542411599526,0.46434575884004736,1744.6544885749624,0.0,-0.5356542411599526
0.08775510204081005,0.03877551020400645,0.0,0.5358752374292111,0.46412476257078894,1744.3259676428147,0.0,-0.5358752374292111
0.0877551020408114,0.0408163265305327,0.0,0.5360846229734416,0.4639153770265584,1744.0148206997803,0.0,-0.5360846229734416
0.08775510204081273,0.04285714285705877,0.0,0.536275878373882,0.463724121626118,1743.7307121383612,0.0,-0.536275878373882
0.08775510204081408,0.04489795918358502,0.0,0.5364430035064747,0.46355699649352533,1743.4825246944406,0.0,-0.5364430035064747
0.08775510204081541,0.04693877551011112,0.0,0.5365807192699442,0.4634192807300558,1743.2780644177237,0.0,-0.5365807192699442
0.08775510204081674,0.04897959183663736,0.0,0.5366846485984029,0.4633153514015971,1743.1237970587954,0.0,-0.5366846485984029
0.0877551020408181,0.05102040816316745,0.0,0.5367514683444727,0.46324853165552726,1743.0246276778612,0.0,-0.5367514683444727
0.08775510204081943,0.05306122448970273,0.0,0.5367790247511177,0.4632209752488823,1742.9837335954019,0.0,-0.5367790247511177
0.08775510204082076,0.05510204081623683,0.0,0.536766406898562,0.46323359310143797,1743.0024584221421,0.0,-0.536766406898562
0.0877551020408221,0.0571428571427721,0.0,0.536713974597576,0.46328602540242403,1743.0802719902788,0.0,-0.536713974597576
0.08775510204082343,0.0591836734693062,0.0,0.5366233395464421,0.46337666045355785,1743.214797764925,0.0,-0.5366233395464421
0.08775510204082479,0.06122448979584148,0.0,0.5364973009991796,0.4635026990008204,1743.4019059710552,0.0,-0.5364973009991796
0.08775510204082612,0.06326530612237559,0.0,0.536339739524679,0.46366026047532105,1743.635867458004,0.0,-0.536339739524679
0.08775510204082745,0.06530612244891132,0.0,0.5361554744977586,0.4638445255022414,1743.909560460246,0.0,-0.5361554744977586
0.08775510204082881,0.06734693877544518,0.0,0.5359500926056021,0.4640499073943979,1744.2147200922482,0.0,-0.5359500926056021
0.08775510204083015,0.06938775510198046,0.0,0.5357297557657554,0.46427024423424457,1744.5422187871673,0.0,-0.5357297557657554
0.08775510204083149,0.07142857142851487,0.0,0.5355009973718001,0.4644990026281999,1744.8823650488034,0.0,-0.5355009973718001
0.08775510204083282,0.07346938775504959,0.0,0.5352705157013227,0.46472948429867733,1745.2252078616118,0.0,-0.5352705157013227
0.08775510204083414,0.07551020408158449,0.0,0.5350449726849776,0.46495502731502236,1745.5608348504445,0.0,-0.5350449726849776
0.08775510204083548,0.07755102040811693,0.0,0.5348308051431041,0.4651691948568959,1745.8796536857215,0.0,-0.5348308051431041
0.08775510204083685,0.07959183673465416,0.0,0.5346340541846553,0.46536594581534474,1746.1726481179667,0.0,-0.5346340541846553
0.08775510204083814,0.0816326530611866,0.0,0.5344602168917214,0.4655397831082786,1746.4316021865934,0.0,-0.5344602168917214
0.0877551020408395,0.08367346938772355,0.0,0.5343141228437218,0.4656858771562782,1746.6492883581104,0.0,-0.5343141228437218
0.08775510204084086,0.08571428571425624,0.0,0.5341998366128761,0.46580016338712393,1746.8196174016527,0.0,-0.5341998366128761
0.08775510204084219,0.08775510204079268,0.0,0.5341205861964493,0.4658794138035507,1746.9377495410008,0.0,-0.5341205861964493
0.08775510204084352,0.0897959183673259,0.0,0.5340787165050277,0.4659212834949723,1747.000167729782,0.0,-0.5340787165050277
0.08775510204084486,0.09183673469386176,0.0,0.5340756665125074,0.4659243334874926,1747.0047147493583,0.0,-0.5340756665125074
0.08775510204084619,0.09387755102039555,0.0,0.5341119684579563,0.4658880315420437,1746.95059626489,0.0,-0.5341119684579563
0.08775510204084754,0.09591836734693088,0.0,0.5341872674992988,0.4658127325007012,1746.8383520892455,0.0,-0.5341872674992988
0.08775510204084885,0.09795918367346518,0.0,0.534300360357211,0.46569963964278904,1746.6697978289003,0.0,-0.534300360357211
0.08979591836732015,0.0020408163265279,0.0,0.5354376428933446,0.4645623571066554,1744.976591775555,0.0,-0.5354376428933446
0.0897959183673213,0.004081632653055472,0.0,0.5352300677152573,0.4647699322847427,1745.2853883708876,0.0,-0.5352300677152573
0.08979591836732244,0.006122448979582922,0.0,0.53504129142295,0.46495870857705,1745.5663139488233,0.0,-0.53504129142295
0.0897959183673236,0.00816326530611139,0.0,0.534876641911835,0.46512335808816496,1745.811409343599,0.0,-0.534876641911835
0.08979591836732476,0.01020408163264003,0.0,0.534740765821598,0.465259234178402,1746.013724793141,0.0,-0.534740765821598
0.08979591836732587,0.01224489795916825,0.0,0.5346374999142324,0.4653625000857676,1746.1675160156913,0.0,-0.5346374999142324
0.08979591836732703,0.01428571428569489,0.0,0.5345697668159105,0.4654302331840895,1746.268403866142,0.0,-0.5345697668159105
0.08979591836732816,0.01632653061222058,0.0,0.5345394956692068,0.4654605043307932,1746.3134962406532,0.0,-0.5345394956692068
0.08979591836732931,0.01836734693874647,0.0,0.534547567792071,0.465452432207929,1746.3014716522393,0.0,-0.534547567792071
0.0897959183673305,0.02040816326527123,0.0,0.5345937873133304,0.4654062126866696,1746.2326242137956,0.0,-0.5345937873133304
0.08979591836733164,0.02244897959179745,0.0,0.5346768768748509,0.4653231231251491,1746.1088697396187,0.0,-0.5346768768748509
0.08979591836733275,0.02448979591832312,0.0,0.5347944987396406,0.4652055012603594,1745.9337124744186,0.0,-0.5347944987396406
0.0897959183673339,0.02653061224484907,0.0,0.534943301882112,0.46505669811788797,1745.7121717764062,0.0,-0.534943301882112
0.08979591836733505,0.02857142857137501,0.0,0.5351189957196216,0.4648810042803784,1745.450668115244,0.0,-0.5351189957196216
0.08979591836733619,0.0306122448979009,0.0,0.5353164509530804,0.46468354904691955,1745.1568681605147,0.0,-0.5353164509530804
0.08979591836733733,0.0326530612244269,0.0,0.5355298274400272,0.4644701725599728,1744.8394896343423,0.0,-0.5355298274400272
0.0897959183673385,0.03469387755095273,0.0,0.535752728102751,0.464247271897249,1744.508068003744,0.0,-0.535752728102751
0.08979591836733963,0.03673469387747876,0.0,0.5359783766155418,0.4640216233844582,1744.1726889264194,0.0,-0.5359783766155418
0.08979591836734077,0.03877551020400222,0.0,0.5361998151170113,0.4638001848829887,1743.8436924880596,0.0,-0.5361998151170113
0.08979591836734194,0.04081632653052823,0.0,0.5364101166016711,0.46358988339832885,1743.5313574676368,0.0,-0.5364101166016711
0.08979591836734305,0.04285714285705408,0.0,0.5366026051346378,0.46339739486536224,1743.245575894331,0.0,-0.5366026051346378
0.08979591836734421,0.04489795918358008,0.0,0.5367710757852542,0.4632289242147458,1742.9955297719882,0.0,-0.5367710757852542
0.08979591836734538,0.04693877551010593,0.0,0.5369100053521764,0.46308999464782363,1742.7893828348108,0.0,-0.5369100053521764
0.08979591836734652,0.04897959183663193,0.0,0.5370147446775815,0.4629852553224185,1742.6340004126355,0.0,-0.5370147446775815
0.08979591836734765,0.05102040816316201,0.0,0.5370816836911638,0.4629183163088362,1742.5347098537775,0.0,-0.5370816836911638
0.08979591836734882,0.05306122448969755,0.0,0.5371083812940676,0.46289161870593243,1742.495112487454,0.0,-0.5371083812940676
0.08979591836734993,0.05510204081623186,0.0,0.5370936537369599,0.46290634626304006,1742.5169558916814,0.0,-0.5370936537369599
0.0897959183673511,0.05714285714276737,0.0,0.5370376171599844,0.46296238284001556,1742.6000724142257,0.0,-0.5370376171599844
0.08979591836735223,0.05918367346930168,0.0,0.5369416822986558,0.4630583177013442,1742.7423866680201,0.0,-0.5369416822986558
0.08979591836735337,0.06122448979583721,0.0,0.5368085018450077,0.4631914981549923,1742.9399913110385,0.0,-0.5368085018450077
0.08979591836735454,0.0632653061223715,0.0,0.5366418734017183,0.4633581265982817,1743.187287058194,0.0,-0.5366418734017183
0.08979591836735568,0.06530612244890753,0.0,0.5364466031964104,0.46355339680358965,1743.477179789499,0.0,-0.5364466031964104
0.08979591836735684,0.06734693877544158,0.0,0.5362283375705202,0.46377166242947976,1743.8013250244587,0.0,-0.5362283375705202
0.08979591836735798,0.06938775510197707,0.0,0.5359933705915797,0.4640066294084203,1744.150408102109,0.0,-0.5359933705915797
0.08979591836735915,0.07142857142851174,0.0,0.5357484368743715,0.46425156312562854,1744.5144472623329,0.0,-0.5357484368743715
0.08979591836736026,0.07346938775504665,0.0,0.5355004988044462,0.46449950119555383,1744.8831065252414,0.0,-0.5355004988044462
0.08979591836736142,0.07551020408158182,0.0,0.5352565368649224,0.46474346313507764,1745.2460057947724,0.0,-0.5352565368649224
0.08979591836736256,0.07755102040811443,0.0,0.5350233507586944,0.46497664924130555,1745.593016877326,0.0,-0.5350233507586944
0.0897959183673637,0.0795918367346519,0.0,0.5348073776247311,0.4651926223752689,1745.9145359443412,0.0,-0.5348073776247311
0.08979591836736486,0.08163265306118452,0.0,0.534614532031918,0.465385467968082,1746.2017251668353,0.0,-0.534614532031918
0.089795918367366,0.08367346938772177,0.0,0.5344500707706802,0.4655499292293198,1746.4467185730732,0.0,-0.5344500707706802
0.08979591836736713,0.08571428571425461,0.0,0.5343184839142867,0.4656815160857133,1746.642789396876,0.0,-0.5343184839142867
0.0897959183673683,0.08775510204079134,0.0,0.5342234123200434,0.46577658767995656,1746.7844780989526,0.0,-0.5342234123200434
0.08979591836736944,0.08979591836732473,0.0,0.5341675907715293,0.4658324092284707,1746.867681722439,0.0,-0.5341675907715293
0.08979591836737058,0.09183673469386086,0.0,0.5341528153587616,0.4658471846412384,1746.8897062268093,0.0,-0.5341528153587616
0.08979591836737175,0.09387755102039486,0.0,0.5341799334325761,0.4658200665674239,1746.8492839486407,0.0,-0.5341799334325761
0.08979591836737287,0.09591836734693043,0.0,0.5342488544855295,0.4657511455144705,1746.7465584490126,0.0,-0.5342488544855295
0.08979591836737402,0.09795918367346493,0.0,0.5343585805050218,0.46564141949497817,1746.5830388606187,0.0,-0.5343585805050218
0.09183673469385731,0.002040816326527706,0.0,0.535545439265131,0.464454560734869,1744.8162729665003,0.0,-0.535545439265131
0.0918367346938582,0.00408163265305509,0.0,0.5353487333777581,0.4646512666222419,1745.1088435155978,0.0,-0.5353487333777581
0.09183673469385908,0.006122448979582324,0.0,0.5351679891337643,0.4648320108662357,1745.3777600208496,0.0,-0.5351679891337643
0.09183673469386,0.008163265306110641,0.0,0.5350086470104091,0.46499135298959093,1745.6149025813727,0.0,-0.5350086470104091
0.09183673469386089,0.01020408163263908,0.0,0.5348755268869126,0.46512447311308736,1745.8130693916846,0.0,-0.5348755268869126
0.09183673469386178,0.01224489795916715,0.0,0.5347726905525272,0.4652273094474728,1745.9661856058271,0.0,-0.5347726905525272
0.09183673469386269,0.01428571428569352,0.0,0.5347033277131301,0.4652966722868699,1746.069477261251,0.0,-0.5347033277131301
0.09183673469386355,0.01632653061221903,0.0,0.5346696664837237,0.4653303335162763,1746.1196082775957,0.0,-0.5346696664837237
0.09183673469386444,0.01836734693874462,0.0,0.5346729087941335,0.46532709120586646,1746.114779442281,0.0,-0.5346729087941335
0.09183673469386533,0.02040816326526919,0.0,0.5347131908954728,0.46528680910452724,1746.0547887602988,0.0,-0.5347131908954728
0.09183673469386625,0.02244897959179511,0.0,0.5347895691789303,0.4652104308210697,1745.9410526521046,0.0,-0.5347895691789303
0.09183673469386713,0.02448979591832059,0.0,0.5349000317035849,0.4650999682964151,1745.7765873706896,0.0,-0.5349000317035849
0.09183673469386802,0.02653061224484631,0.0,0.5350415360443103,0.46495846395568974,1745.5659498594387,0.0,-0.5350415360443103
0.09183673469386888,0.028571428571372,0.0,0.5352100741739774,0.46478992582602263,1745.3151372808854,0.0,-0.5352100741739774
0.09183673469386983,0.03061224489789767,0.0,0.5354007649595077,0.4645992350404923,1745.0314447862322,0.0,-0.5354007649595077
0.09183673469387071,0.03265306122442342,0.0,0.5356079743869604,0.4643920256130396,1744.7232818877867,0.0,-0.5356079743869604
0.0918367346938716,0.03469387755094904,0.0,0.5358254627958127,0.46417453720418733,1744.3999490874362,0.0,-0.5358254627958127
0.09183673469387249,0.03673469387747481,0.0,0.5360465572161741,0.4639534427838259,1744.0713781635666,0.0,-0.5360465572161741
0.09183673469387338,0.03877551020399798,0.0,0.5362643454448908,0.46373565455510923,1743.7478416011875,0.0,-0.5362643454448908
0.09183673469387427,0.04081632653052374,0.0,0.5364718868995795,0.4635281131004205,1743.4396388711662,0.0,-0.5364718868995795
0.09183673469387515,0.04285714285704936,0.0,0.5366624337214078,0.46333756627859224,1743.1567693872555,0.0,-0.5366624337214078
0.09183673469387604,0.04489795918357511,0.0,0.5368296542393186,0.4631703457606814,1742.9086037472555,0.0,-0.5368296542393186
0.09183673469387693,0.04693877551010077,0.0,0.5369678499312228,0.4630321500687772,1742.7035660743163,0.0,-0.5369678499312228
0.09183673469387782,0.04897959183662651,0.0,0.5370721565597201,0.46292784344027993,1742.548840745876,0.0,-0.5370721565597201
0.09183673469387871,0.0510204081631566,0.0,0.5371387203097209,0.4628612796902791,1742.4501164329272,0.0,-0.5371387203097209
0.09183673469387962,0.05306122448969236,0.0,0.537164840542129,0.462835159457871,1742.4113791536017,0.0,-0.537164840542129
0.09183673469388051,0.05510204081622688,0.0,0.5371490721693367,0.4628509278306633,1742.4347640328006,0.0,-0.5371490721693367
0.0918367346938814,0.05714285714276264,0.0,0.5370912825660353,0.46290871743396467,1742.5204727817154,0.0,-0.5370912825660353
0.09183673469388232,0.05918367346929716,0.0,0.5369926602177693,0.46300733978223074,1742.666760747906,0.0,-0.5369926602177693
0.09183673469388318,0.06122448979583293,0.0,0.5368556748116173,0.46314432518838267,1742.8699939539288,0.0,-0.5368556748116173
0.09183673469388406,0.06326530612236746,0.0,0.5366839910020681,0.4633160089979319,1743.1247730751988,0.0,-0.5366839910020681
0.09183673469388498,0.06530612244890371,0.0,0.5364823404514882,0.46351765954851176,1743.4241180436866,0.0,-0.5364823404514882
0.09183673469388587,0.06734693877543796,0.0,0.5362563587723923,0.4637436412276077,1743.7597041284246,0.0,-0.5362563587723923
0.09183673469388678,0.06938775510197373,0.0,0.5360123955398655,0.46398760446013454,1744.122138132643,0.0,-0.5360123955398655
0.09183673469388767,0.07142857142850856,0.0,0.5357573064909525,0.46424269350904745,1744.5012619102608,0.0,-0.5357573064909525
0.09183673469388857,0.0734693877550437,0.0,0.5354982373310255,0.46450176266897447,1744.8864698284901,0.0,-0.5354982373310255
0.09183673469388945,0.0755102040815791,0.0,0.5352424082329842,0.4647575917670158,1745.2670270997978,0.0,-0.5352424082329842
0.09183673469389034,0.0775510204081119,0.0,0.5349969072124611,0.46500309278753893,1745.6323770057095,0.0,-0.5349969072124611
0.09183673469389123,0.07959183673464967,0.0,0.5347684992139756,0.4652315007860244,1745.9724267896938,0.0,-0.5347684992139756
0.09183673469389211,0.08163265306118248,0.0,0.5345634561118201,0.4654365438881799,1746.2778041977176,0.0,-0.5345634561118201
0.091836734693893,0.08367346938772,0.0,0.5343874110974215,0.4656125889025785,1746.540079047182,0.0,-0.5343874110974215
0.0918367346938939,0.08571428571425303,0.0,0.5342452392704596,0.46575476072954036,1746.7519465570688,0.0,-0.5342452392704596
0.09183673469389479,0.08775510204078998,0.0,0.5341409648262623,0.4658590351737377,1746.9073712517388,0.0,-0.5341409648262623
0.0918367346938957,0.08979591836732359,0.0,0.5340776941450438,0.4659223058549562,1747.0016918918204,0.0,-0.5340776941450438
0.09183673469389658,0.09183673469385997,0.0,0.5340575733918611,0.4659424266081389,1747.031688998516,0.0,-0.5340575733918611
0.09183673469389747,0.09387755102039416,0.0,0.5340817689242031,0.4659182310757969,1746.9956171161741,0.0,-0.5340817689242031
0.09183673469389839,0.09591836734692999,0.0,0.5341504688184587,0.46584953118154127,1746.8932040744191,0.0,-0.5341504688184587
0.09183673469389925,0.0979591836734647,0.0,0.5342629040683068,0.4657370959316932,1746.7256192994123,0.0,-0.5342629040683068
0.09387755102039212,0.002040816326527512,0.0,0.5354632231403281,0.4645367768596719,1744.9385452063532,0.0,-0.5354632231403281
0.09387755102039277,0.00408163265305471,0.0,0.5352728556468647,0.46472714435313534,1745.2217265021798,0.0,-0.5352728556468647
0.09387755102039345,0.006122448979581725,0.0,0.5350956513340017,0.4649043486659983,1745.485409512101,0.0,-0.5350956513340017
0.09387755102039416,0.008163265306109885,0.0,0.5349371117241934,0.46506288827580655,1745.7213866700474,0.0,-0.5349371117241934
0.09387755102039486,0.01020408163263812,0.0,0.5348021831384476,0.46519781686155237,1745.922270431367,0.0,-0.5348021831384476
0.09387755102039555,0.01224489795916605,0.0,0.5346951122472463,0.4653048877527537,1746.0817121297737,0.0,-0.5346951122472463
0.09387755102039622,0.01428571428569216,0.0,0.5346193240013397,0.4653806759986603,1746.1945877326805,0.0,-0.5346193240013397
0.0938775510203969,0.01632653061221747,0.0,0.5345773233551178,0.46542267664488224,1746.2571478901284,0.0,-0.5345773233551178
0.0938775510203976,0.01836734693874277,0.0,0.5345706215345561,0.46542937846544385,1746.267130697657,0.0,-0.5345706215345561
0.0938775510203983,0.02040816326526713,0.0,0.5345996872512214,0.4654003127487786,1746.2238362051482,0.0,-0.5345996872512214
0.09387755102039899,0.02244897959179275,0.0,0.5346639231875772,0.46533607681242284,1746.1281619446734,0.0,-0.5346639231875772
0.09387755102039966,0.02448979591831806,0.0,0.5347616681920436,0.4652383318079564,1745.9825987345587,0.0,-0.5347616681920436
0.09387755102040035,0.02653061224484354,0.0,0.5348902258050567,0.46510977419494326,1745.7911859092776,0.0,-0.5348902258050567
0.09387755102040105,0.028571428571369,0.0,0.5350459198540297,0.4649540801459703,1745.5594251132675,0.0,-0.5350459198540297
0.09387755102040174,0.03061224489789444,0.0,0.5352241777757646,0.4647758222242354,1745.2941520596519,0.0,-0.5352241777757646
0.09387755102040243,0.03265306122441994,0.0,0.5354196419467485,0.4645803580532515,1745.0033663294746,0.0,-0.5354196419467485
0.0938775510204031,0.03469387755094535,0.0,0.5356263085673011,0.4643736914326989,1744.6960204440604,0.0,-0.5356263085673011
0.0938775510204038,0.03673469387747084,0.0,0.5358376925540012,0.46416230744599885,1744.3817710706153,0.0,-0.5358376925540012
0.09387755102040449,0.03877551020399376,0.0,0.5360470155061391,0.4639529844938609,1744.070697222206,0.0,-0.5360470155061391
0.09387755102040515,0.04081632653051926,0.0,0.5362474122413443,0.4637525877586557,1743.7729925159226,0.0,-0.5362474122413443
0.09387755102040585,0.04285714285704467,0.0,0.5364321497997396,0.46356785020026037,1743.498640733847,0.0,-0.5364321497997396
0.09387755102040654,0.04489795918357018,0.0,0.5365948513730476,0.46340514862695237,1743.257085845474,0.0,-0.5365948513730476
0.09387755102040723,0.04693877551009559,0.0,0.5367297165008438,0.4632702834991562,1743.0569090650229,0.0,-0.5367297165008438
0.09387755102040793,0.04897959183662109,0.0,0.5368317282414184,0.46316827175858155,1742.905526242885,0.0,-0.5368317282414184
0.0938775510204086,0.05102040816315116,0.0,0.5368968379762067,0.4631031620237933,1742.8089188030906,0.0,-0.5368968379762067
0.09387755102040926,0.05306122448968716,0.0,0.5369221190947899,0.46307788090521007,1742.771410491742,0.0,-0.5369221190947899
0.09387755102040998,0.05510204081622191,0.0,0.5369058820211386,0.46309411797886135,1742.7955004275902,0.0,-0.5369058820211386
0.09387755102041065,0.05714285714275789,0.0,0.5368477448111666,0.4631522551888334,1742.8817604500464,0.0,-0.5368477448111666
0.09387755102041137,0.05918367346929264,0.0,0.5367486557560878,0.46325134424391223,1743.028801705224,0.0,-0.5367486557560878
0.09387755102041204,0.06122448979582866,0.0,0.5366108669058892,0.4633891330941108,1743.233312003377,0.0,-0.5366108669058892
0.09387755102041273,0.06326530612236338,0.0,0.536437859998202,0.46356214000179796,1743.4901619543114,0.0,-0.536437859998202
0.09387755102041342,0.0653061224488999,0.0,0.5362342287465167,0.4637657712534833,1743.7925744845356,0.0,-0.5362342287465167
0.09387755102041409,0.06734693877543435,0.0,0.5360055236213715,0.46399447637862845,1744.13234929914,0.0,-0.5360055236213715
0.09387755102041481,0.06938775510197036,0.0,0.5357580669850992,0.4642419330149008,1744.5001313877976,0.0,-0.5357580669850992
0.09387755102041548,0.07142857142850541,0.0,0.5354987475895738,0.46450125241042617,1744.8857109618243,0.0,-0.5354987475895738
0.09387755102041614,0.07346938775504079,0.0,0.535234803943562,0.46476519605643796,1745.2783413622012,0.0,-0.535234803943562
0.09387755102041687,0.07551020408157642,0.0,0.5349736058893747,0.4650263941106253,1745.6670615356707,0.0,-0.5349736058893747
0.09387755102041753,0.07755102040810938,0.0,0.5347224429495302,0.4652775570504698,1746.0410105917006,0.0,-0.5347224429495302
0.09387755102041824,0.07959183673464744,0.0,0.5344883267250465,0.46551167327495346,1746.3897235971754,0.0,-0.5344883267250465
0.09387755102041892,0.08163265306118041,0.0,0.5342778130069761,0.4657221869930239,1746.7033999361197,0.0,-0.5342778130069761
0.09387755102041961,0.08367346938771822,0.0,0.5340968474887228,0.46590315251127723,1746.9731380085198,0.0,-0.5340968474887228
0.09387755102042031,0.08571428571425141,0.0,0.5339506372292957,0.4660493627707043,1747.1911324990813,0.0,-0.5339506372292957
0.09387755102042097,0.08775510204078865,0.0,0.5338435484870746,0.4661564515129254,1747.3508326666388,0.0,-0.5338435484870746
0.09387755102042167,0.08979591836732245,0.0,0.5337790303487755,0.4662209696512245,1747.447061892542,0.0,-0.5337790303487755
0.09387755102042236,0.09183673469385908,0.0,0.5337595627920434,0.4662404372079566,1747.4760999625166,0.0,-0.5337595627920434
0.09387755102042301,0.09387755102039348,0.0,0.5337866274539306,0.4662133725460694,1747.4357302098983,0.0,-0.5337866274539306
0.09387755102042375,0.09591836734692955,0.0,0.5338606993840599,0.4661393006159401,1747.3252537745718,0.0,-0.5338606993840599
0.09387755102042442,0.09795918367346448,0.0,0.5339812583451773,0.4660187416548227,1747.1454729600036,0.0,-0.5339812583451773
0.09591836734692867,0.002040816326527319,0.0,0.535216992263598,0.464783007736402,1745.3048435606897,0.0,-0.535216992263598
0.09591836734692909,0.004081632653054328,0.0,0.53502730286983,0.46497269713017,1745.587134475295,0.0,-0.53502730286983
0.09591836734692956,0.006122448979581126,0.0,0.5348481117889404,0.46515188821105957,1745.8538859575735,0.0,-0.5348481117889404
0.09591836734692999,0.008163265306109136,0.0,0.5346849315856735,0.46531506841432646,1746.0968739005082,0.0,-0.5346849315856735
0.09591836734693043,0.01020408163263716,0.0,0.5345427877435603,0.46545721225643966,1746.3085922022476,0.0,-0.5345427877435603
0.09591836734693089,0.01224489795916495,0.0,0.5344260692242925,0.4655739307757075,1746.4824787635262,0.0,-0.5344260692242925
0.09591836734693135,0.01428571428569079,0.0,0.5343384000834455,0.46566159991655454,1746.6131105076147,0.0,-0.5343384000834455
0.0959183673469318,0.01632653061221592,0.0,0.5342825339581383,0.4657174660418617,1746.696364239319,0.0,-0.5342825339581383
0.09591836734693224,0.01836734693874091,0.0,0.5342602724917709,0.4657397275082291,1746.7295412975825,0.0,-0.5342602724917709
0.09591836734693267,0.02040816326526507,0.0,0.5342724083038346,0.4657275916961654,1746.7114547072488,0.0,-0.5342724083038346
0.09591836734693313,0.02244897959179041,0.0,0.5343186929340233,0.46568130706597666,1746.6424779123797,0.0,-0.5343186929340233
0.09591836734693356,0.02448979591831554,0.0,0.5343978302239194,0.4656021697760806,1746.5245542623893,0.0,-0.5343978302239194
0.095918367346934,0.02653061224484077,0.0,0.5345074957412376,0.46549250425876243,1746.361166366952,0.0,-0.5345074957412376
0.09591836734693443,0.028571428571366,0.0,0.5346443829731864,0.4653556170268136,1746.1572644127948,0.0,-0.5346443829731864
0.09591836734693493,0.0306122448978912,0.0,0.5348042769870252,0.46519572301297485,1745.9191527241294,0.0,-0.5348042769870252
0.09591836734693535,0.03265306122441647,0.0,0.5349821559665211,0.4650178440334789,1745.6543343984147,0.0,-0.5349821559665211
0.09591836734693579,0.03469387755094163,0.0,0.5351723204101267,0.46482767958987325,1745.3713148535776,0.0,-0.5351723204101267
0.09591836734693623,0.03673469387746688,0.0,0.5353685487998437,0.46463145120015625,1745.07936659874,0.0,-0.5353685487998437
0.0959183673469367,0.03877551020398953,0.0,0.5355642772574037,0.46443572274259626,1744.7882594212992,0.0,-0.5355642772574037
0.09591836734693716,0.04081632653051476,0.0,0.5357527991920469,0.4642472008079531,1744.5079623241402,0.0,-0.5357527991920469
0.09591836734693757,0.04285714285703997,0.0,0.5359274793536943,0.46407252064630566,1744.2483257429342,0.0,-0.5359274793536943
0.09591836734693804,0.04489795918356522,0.0,0.5360819752072944,0.4639180247927056,1744.0187545876186,0.0,-0.5360819752072944
0.09591836734693848,0.04693877551009042,0.0,0.5362104573155757,0.4637895426844243,1743.8278842467594,0.0,-0.5362104573155757
0.09591836734693893,0.04897959183661568,0.0,0.5363078196187812,0.46369218038121884,1743.6832726624295,0.0,-0.5363078196187812
0.09591836734693937,0.05102040816314574,0.0,0.5363698702544631,0.46363012974553686,1743.59112177726,0.0,-0.5363698702544631
0.09591836734693981,0.05306122448968197,0.0,0.5363934939393399,0.4636065060606601,1743.556040998425,0.0,-0.5363934939393399
0.09591836734694026,0.05510204081621693,0.0,0.5363767779499259,0.4636232220500741,1743.5808638184342,0.0,-0.5363767779499259
0.0959183673469407,0.05714285714275318,0.0,0.5363190953400607,0.4636809046599393,1743.6665264579506,0.0,-0.5363190953400607
0.09591836734694115,0.05918367346928811,0.0,0.536221141117718,0.463778858882282,1743.812014494544,0.0,-0.536221141117718
0.09591836734694159,0.06122448979582434,0.0,0.5360849195222773,0.4639150804777227,1744.0143801068928,0.0,-0.5360849195222773
0.09591836734694205,0.0632653061223593,0.0,0.5359136831173965,0.4640863168826035,1744.2688290249234,0.0,-0.5359136831173965
0.09591836734694249,0.06530612244889607,0.0,0.5357118269485537,0.4642881730514463,1744.5688727795116,0.0,-0.5357118269485537
0.09591836734694292,0.06734693877543074,0.0,0.5354847433135651,0.4645152566864349,1744.906538639299,0.0,-0.5354847433135651
0.09591836734694337,0.06938775510196696,0.0,0.5352386445817805,0.4647613554182195,1745.2726269389839,0.0,-0.5352386445817805
0.09591836734694381,0.07142857142850223,0.0,0.5349803628303398,0.4650196371696602,1745.6570035391042,0.0,-0.5349803628303398
0.09591836734694427,0.07346938775503788,0.0,0.5347171357503993,0.46528286424960075,1746.0489140516163,0.0,-0.5347171357503993
0.0959183673469447,0.07551020408157372,0.0,0.5344563882802905,0.4655436117197095,1746.437306283551,0.0,-0.5344563882802905
0.09591836734694517,0.07755102040810688,0.0,0.534205518780531,0.465794481219469,1746.8111480710686,0.0,-0.534205518780531
0.09591836734694562,0.0795918367346452,0.0,0.533971697376567,0.466028302623433,1747.1597291868247,0.0,-0.533971697376567
0.09591836734694606,0.08163265306117835,0.0,0.5337616825120131,0.46623831748798694,1747.4729381128234,0.0,-0.5337616825120131
0.0959183673469465,0.08367346938771641,0.0,0.5335816599662074,0.46641834003379257,1747.741506928598,0.0,-0.5335816599662074
0.09591836734694695,0.08571428571424983,0.0,0.5334371067947198,0.4665628932052802,1747.9572200932362,0.0,-0.5334371067947198
0.09591836734694739,0.0877551020407873,0.0,0.5333326810351856,0.4666673189648144,1748.1130852324504,0.0,-0.5333326810351856
0.09591836734694784,0.08979591836732127,0.0,0.533272136731273,0.46672786326872695,1748.203465956657,0.0,-0.533272136731273
0.09591836734694828,0.0918367346938582,0.0,0.5332582629574895,0.46674173704251054,1748.224178085262,0.0,-0.5332582629574895
0.09591836734694875,0.09387755102039277,0.0,0.5332928451061957,0.4667071548938043,1748.1725513789042,0.0,-0.5332928451061957
0.0959183673469492,0.0959183673469291,0.0,0.5333766466913568,0.46662335330864324,1748.0474590217898,0.0,-0.5333766466913568
0.09591836734694965,0.09795918367346426,0.0,0.5335094102422518,0.46649058975774815,1747.849316770096,0.0,-0.5335094102422518
0.09795918367346401,0.002040816326527125,0.0,0.5348554593999004,0.4651445406000996,1745.8429463877208,0.0,-0.5348554593999004
0.09795918367346423,0.004081632653053947,0.0,0.5346604459721439,0.4653395540278561,1746.1333407089805,0.0,-0.5346604459721439
0.09795918367346447,0.006122448979580528,0.0,0.5344734724664576,0.4655265275335424,1746.4118535171544,0.0,-0.5344734724664576
0.0979591836734647,0.008163265306108385,0.0,0.5343000166501045,0.4656999833498955,1746.6703100427137,0.0,-0.5343000166501045
0.09795918367346494,0.0102040816326362,0.0,0.5341451382226168,0.4658548617773832,1746.9011501276157,0.0,-0.5341451382226168
0.09795918367346518,0.01224489795916384,0.0,0.5340133262305254,0.46598667376947456,1747.0976586825736,0.0,-0.5340133262305254
0.0979591836734654,0.01428571428568942,0.0,0.5339083660545142,0.4660916339454858,1747.2541675119069,0.0,-0.5339083660545142
0.09795918367346561,0.01632653061221436,0.0,0.533833228165228,0.46616677183477195,1747.3662247822026,0.0,-0.533833228165228
0.09795918367346587,0.01836734693873907,0.0,0.5337899800161483,0.4662100199838517,1747.4307296451768,0.0,-0.5337899800161483
0.0979591836734661,0.02040816326526302,0.0,0.5337797218839688,0.4662202781160312,1747.4460304070776,0.0,-0.5337797218839688
0.09795918367346632,0.02244897959178806,0.0,0.5338025471844876,0.4661974528155124,1747.411985150482,0.0,-0.5338025471844876
0.09795918367346658,0.02448979591831301,0.0,0.5338575277398774,0.4661424722601226,1747.3299839164595,0.0,-0.5338575277398774
0.09795918367346679,0.026530612244838,0.0,0.5339427245630366,0.4660572754369634,1747.2029315653667,0.0,-0.5339427245630366
0.09795918367346701,0.02857142857136299,0.0,0.5340552248397209,0.4659447751602791,1747.0351904141617,0.0,-0.5340552248397209
0.09795918367346723,0.03061224489788797,0.0,0.5341912058026885,0.46580879419731147,1746.8324818720205,0.0,-0.5341912058026885
0.09795918367346747,0.03265306122441297,0.0,0.5343460259884311,0.46565397401156894,1746.6017467222648,0.0,-0.5343460259884311
0.0979591836734677,0.03469387755093794,0.0,0.5345143438609073,0.46548565613909265,1746.3509645398071,0.0,-0.5345143438609073
0.09795918367346793,0.03673469387746293,0.0,0.5346902629390128,0.4653097370609872,1746.0889340342444,0.0,-0.5346902629390128
0.09795918367346815,0.03877551020398529,0.0,0.5348675013919032,0.4651324986080968,1745.8250178344615,0.0,-0.5348675013919032
0.09795918367346837,0.0408163265305103,0.0,0.5350395826424854,0.4649604173575146,1745.5688572666397,0.0,-0.5350395826424854
0.09795918367346862,0.04285714285703526,0.0,0.5352000419681253,0.4647999580318747,1745.330064842969,0.0,-0.5352000419681253
0.09795918367346884,0.04489795918356027,0.0,0.5353426425679197,0.46465735743208025,1745.1179042491656,0.0,-0.5353426425679197
0.09795918367346906,0.04693877551008525,0.0,0.5354615932516635,0.46453840674833646,1744.9409693583164,0.0,-0.5354615932516635
0.09795918367346931,0.04897959183661024,0.0,0.5355517589632754,0.46444824103672455,1744.8068749884187,0.0,-0.5355517589632754
0.09795918367346954,0.05102040816314031,0.0,0.5356088549181465,0.46439114508185353,1744.7219725896343,0.0,-0.5356088549181465
0.09795918367346976,0.0530612244896768,0.0,0.5356296153006898,0.46437038469931025,1744.691103689565,0.0,-0.5356296153006898
0.09795918367346998,0.05510204081621195,0.0,0.5356119282692836,0.4643880717307164,1744.7174027124177,0.0,-0.5356119282692836
0.09795918367347023,0.05714285714274844,0.0,0.5355549304240605,0.46444506957593945,1744.8021587698333,0.0,-0.5355549304240605
0.09795918367347042,0.05918367346928359,0.0,0.5354590558240413,0.4645409441759587,1744.9447433167068,0.0,-0.5354590558240413
0.09795918367347067,0.06122448979582008,0.0,0.5353260369598416,0.4646739630401584,1745.1426073519644,0.0,-0.5353260369598416
0.0979591836734709,0.06326530612235524,0.0,0.5351588576251571,0.46484114237484286,1745.391348342403,0.0,-0.5351588576251571
0.09795918367347115,0.06530612244889222,0.0,0.5349616601905166,0.4650383398094834,1745.6848435045954,0.0,-0.5349616601905166
0.09795918367347137,0.06734693877542715,0.0,0.534739612166535,0.465260387833465,1746.015442751908,0.0,-0.534739612166535
0.0979591836734716,0.0693877551019636,0.0,0.5344987389630468,0.4655012610369532,1746.3742117474314,0.0,-0.5344987389630468
0.09795918367347181,0.07142857142849907,0.0,0.5342457312467509,0.4657542687532491,1746.7512133148048,0.0,-0.5342457312467509
0.09795918367347206,0.07346938775503493,0.0,0.5339877361615397,0.4660122638384603,1747.13581411067,0.0,-0.5339877361615397
0.09795918367347231,0.07551020408157103,0.0,0.5337321418508552,0.46626785814914484,1747.5170030449997,0.0,-0.5337321418508552
0.09795918367347253,0.07755102040810434,0.0,0.5334863642265445,0.4665136357734555,1747.8837084510333,0.0,-0.5334863642265445
0.09795918367347276,0.07959183673464296,0.0,0.5332576438484116,0.46674235615158843,1748.225102363382,0.0,-0.5332576438484116
0.09795918367347298,0.0816326530611763,0.0,0.5330528592570359,0.46694714074296406,1748.5308822820828,0.0,-0.5330528592570359
0.0979591836734732,0.08367346938771461,0.0,0.5328783613257091,0.4671216386742909,1748.791523235351,0.0,-0.5328783613257091
0.09795918367347342,0.08571428571424822,0.0,0.5327398313704069,0.4672601686295931,1748.9984955208613,0.0,-0.5327398313704069
0.09795918367347364,0.08775510204078596,0.0,0.5326421640764587,0.4673578359235413,1749.1444459217403,0.0,-0.5326421640764587
0.09795918367347392,0.08979591836732012,0.0,0.5325893749312292,0.46741062506877085,1749.223342214242,0.0,-0.5325893749312292
0.09795918367347412,0.09183673469385731,0.0,0.5325845309051737,0.46741546909482634,1749.2305822351798,0.0,-0.5325845309051737
0.09795918367347436,0.09387755102039211,0.0,0.5326297026464523,0.46737029735354774,1749.1630695752572,0.0,-0.5326297026464523
0.09795918367347459,0.09591836734692867,0.0,0.5327259364274257,0.4672740635725743,1749.0192581249285,0.0,-0.5327259364274257
0.09795918367347481,0.09795918367346404,0.0,0.532873244425067,0.467126755574933,1748.7991673287947,0.0,-0.532873244425067
