0.000000000000000000e+00,0.000000000000000000e+00,0.000000000000000000e+00,4.951951125711050450e-01
0.000000000000000000e+00,1.000000000000000021e-03,0.000000000000000000e+00,5.060052878908882779e-01
0.000000000000000000e+00,2.000000000000000042e-03,0.000000000000000000e+00,4.617231093128628117e-01
0.000000000000000000e+00,3.000000000000000062e-03,0.000000000000000000e+00,5.016153909951323042e-01
0.000000000000000000e+00,4.000000000000000083e-03,0.000000000000000000e+00,4.478757156956301722e-01
0.000000000000000000e+00,5.000000000000000104e-03,0.000000000000000000e+00,4.998736657007117334e-01
0.000000000000000000e+00,6.000000000000000125e-03,0.000000000000000000e+00,5.468080039452669627e-01
0.000000000000000000e+00,7.000000000000000146e-03,0.000000000000000000e+00,4.802993506473783869e-01
0.000000000000000000e+00,8.000000000000000167e-03,0.000000000000000000e+00,4.667047211638870041e-01
0.000000000000000000e+00,9.000000000000001055e-03,0.000000000000000000e+00,4.617284553317480555e-01
0.000000000000000000e+00,1.000000000000000021e-02,0.000000000000000000e+00,4.513005451549526592e-01
0.000000000000000000e+00,1.099999999999999936e-02,0.000000000000000000e+00,5.069431362305416577e-01
0.000000000000000000e+00,1.200000000000000025e-02,0.000000000000000000e+00,4.964986944973484029e-01
0.000000000000000000e+00,1.300000000000000114e-02,0.000000000000000000e+00,4.462997868208471441e-01
0.000000000000000000e+00,1.400000000000000029e-02,0.000000000000000000e+00,4.986148197221012546e-01
0.000000000000000000e+00,1.499999999999999944e-02,0.000000000000000000e+00,4.610904121916206688e-01
0.000000000000000000e+00,1.600000000000000033e-02,0.000000000000000000e+00,5.271429080801621758e-01
0.000000000000000000e+00,1.700000000000000122e-02,0.000000000000000000e+00,4.910266896401698222e-01
0.000000000000000000e+00,1.800000000000000211e-02,0.000000000000000000e+00,5.739839735850851277e-01
0.000000000000000000e+00,1.899999999999999953e-02,0.000000000000000000e+00,5.706790560208332419e-01
0.000000000000000000e+00,2.000000000000000042e-02,0.000000000000000000e+00,5.524592238713949000e-01
0.000000000000000000e+00,2.100000000000000130e-02,0.000000000000000000e+00,5.382501987048884384e-01
0.000000000000000000e+00,2.199999999999999872e-02,0.000000000000000000e+00,5.249133930603615550e-01
0.000000000000000000e+00,2.299999999999999961e-02,0.000000000000000000e+00,5.130490510128740134e-01
0.000000000000000000e+00,2.400000000000000050e-02,0.000000000000000000e+00,5.140273088998881246e-01
0.000000000000000000e+00,2.500000000000000139e-02,0.000000000000000000e+00,4.639985574377873956e-01
0.000000000000000000e+00,2.600000000000000228e-02,0.000000000000000000e+00,4.110420212195141088e-01
0.000000000000000000e+00,2.699999999999999969e-02,0.000000000000000000e+00,4.798356679561565641e-01
0.000000000000000000e+00,2.800000000000000058e-02,0.000000000000000000e+00,4.614243347597585254e-01
0.000000000000000000e+00,2.900000000000000147e-02,0.000000000000000000e+00,5.001317424090174768e-01
0.000000000000000000e+00,2.999999999999999889e-02,0.000000000000000000e+00,4.758059333728140716e-01
0.000000000000000000e+00,3.099999999999999978e-02,0.000000000000000000e+00,5.346683248570265334e-01
0.000000000000000000e+00,3.200000000000000067e-02,0.000000000000000000e+00,5.045799640372622408e-01
0.000000000000000000e+00,3.300000000000000155e-02,0.000000000000000000e+00,5.917210829848699172e-01
0.000000000000000000e+00,3.400000000000000244e-02,0.000000000000000000e+00,5.763632550573721813e-01
0.000000000000000000e+00,3.500000000000000333e-02,0.000000000000000000e+00,5.612538710570418310e-01
0.000000000000000000e+00,3.600000000000000422e-02,0.000000000000000000e+00,5.664322315552290377e-01
0.000000000000000000e+00,3.699999999999999817e-02,0.000000000000000000e+00,5.033178776006312916e-01
0.000000000000000000e+00,3.799999999999999906e-02,0.000000000000000000e+00,4.823379531618747218e-01
0.000000000000000000e+00,3.899999999999999994e-02,0.000000000000000000e+00,4.700996525759410516e-01
0.000000000000000000e+00,4.000000000000000083e-02,0.000000000000000000e+00,5.373694100770878279e-01
0.000000000000000000e+00,4.100000000000000172e-02,0.000000000000000000e+00,5.597350084411027993e-01
0.000000000000000000e+00,4.200000000000000261e-02,0.000000000000000000e+00,5.595417153600312776e-01
0.000000000000000000e+00,4.300000000000000350e-02,0.000000000000000000e+00,5.143651645636482250e-01
0.000000000000000000e+00,4.399999999999999745e-02,0.000000000000000000e+00,5.479776656637251886e-01
0.000000000000000000e+00,4.499999999999999833e-02,0.000000000000000000e+00,5.528173380324170605e-01
0.000000000000000000e+00,4.599999999999999922e-02,0.000000000000000000e+00,6.209772078491067049e-01
0.000000000000000000e+00,4.700000000000000011e-02,0.000000000000000000e+00,5.818715477402861547e-01
0.000000000000000000e+00,4.800000000000000100e-02,0.000000000000000000e+00,5.619297234882439929e-01
0.000000000000000000e+00,4.900000000000000189e-02,0.000000000000000000e+00,5.626691612139946841e-01
0.000000000000000000e+00,5.000000000000000278e-02,0.000000000000000000e+00,5.056721149283767147e-01
0.000000000000000000e+00,5.100000000000000366e-02,0.000000000000000000e+00,4.894509267795090213e-01
0.000000000000000000e+00,5.200000000000000455e-02,0.000000000000000000e+00,4.875702780967839378e-01
0.000000000000000000e+00,5.299999999999999850e-02,0.000000000000000000e+00,5.392317590989212928e-01
0.000000000000000000e+00,5.399999999999999939e-02,0.000000000000000000e+00,5.762919870943490341e-01
0.000000000000000000e+00,5.500000000000000028e-02,0.000000000000000000e+00,5.589970571179161407e-01
0.000000000000000000e+00,5.600000000000000117e-02,0.000000000000000000e+00,4.909784257954973308e-01
0.000000000000000000e+00,5.700000000000000205e-02,0.000000000000000000e+00,5.350077978954794755e-01
0.000000000000000000e+00,5.800000000000000294e-02,0.000000000000000000e+00,5.752924525281991608e-01
0.000000000000000000e+00,5.900000000000000383e-02,0.000000000000000000e+00,5.829697827901927365e-01
0.000000000000000000e+00,5.999999999999999778e-02,0.000000000000000000e+00,5.829521435398359319e-01
0.000000000000000000e+00,6.099999999999999867e-02,0.000000000000000000e+00,5.996298355658028489e-01
0.000000000000000000e+00,6.199999999999999956e-02,0.000000000000000000e+00,6.056324666204668805e-01
0.000000000000000000e+00,6.300000000000000044e-02,0.000000000000000000e+00,6.278594807019022284e-01
0.000000000000000000e+00,6.400000000000000133e-02,0.000000000000000000e+00,5.525686020256199704e-01
0.000000000000000000e+00,6.500000000000000222e-02,0.000000000000000000e+00,5.775345997774108397e-01
0.000000000000000000e+00,6.600000000000000311e-02,0.000000000000000000e+00,6.000818618860142006e-01
0.000000000000000000e+00,6.700000000000000400e-02,0.000000000000000000e+00,6.076005891492393118e-01
0.000000000000000000e+00,6.800000000000000488e-02,0.000000000000000000e+00,5.459580007285946834e-01
0.000000000000000000e+00,6.900000000000000577e-02,0.000000000000000000e+00,4.590830364031989741e-01
0.000000000000000000e+00,7.000000000000000666e-02,0.000000000000000000e+00,4.752630581063275184e-01
0.000000000000000000e+00,7.100000000000000755e-02,0.000000000000000000e+00,4.973708512016264405e-01
0.000000000000000000e+00,7.200000000000000844e-02,0.000000000000000000e+00,4.867585681174590451e-01
0.000000000000000000e+00,7.299999999999999545e-02,0.000000000000000000e+00,5.237523351955142292e-01
0.000000000000000000e+00,7.399999999999999634e-02,0.000000000000000000e+00,5.226856576574805402e-01
0.000000000000000000e+00,7.499999999999999722e-02,0.000000000000000000e+00,5.174022825620403498e-01
0.000000000000000000e+00,7.599999999999999811e-02,0.000000000000000000e+00,6.019286345119991832e-01
0.000000000000000000e+00,7.699999999999999900e-02,0.000000000000000000e+00,4.789157060640601982e-01
0.000000000000000000e+00,7.799999999999999989e-02,0.000000000000000000e+00,5.877017715125142372e-01
0.000000000000000000e+00,7.900000000000000078e-02,0.000000000000000000e+00,5.782953530464050029e-01
0.000000000000000000e+00,8.000000000000000167e-02,0.000000000000000000e+00,5.956912749375222749e-01
0.000000000000000000e+00,8.100000000000000255e-02,0.000000000000000000e+00,5.071193507110913767e-01
0.000000000000000000e+00,8.200000000000000344e-02,0.000000000000000000e+00,4.891439068644820587e-01
0.000000000000000000e+00,8.300000000000000433e-02,0.000000000000000000e+00,5.020590450773878555e-01
0.000000000000000000e+00,8.400000000000000522e-02,0.000000000000000000e+00,5.428435615933060454e-01
0.000000000000000000e+00,8.500000000000000611e-02,0.000000000000000000e+00,5.606401875943551882e-01
0.000000000000000000e+00,8.600000000000000699e-02,0.000000000000000000e+00,5.797202499123486064e-01
0.000000000000000000e+00,8.700000000000000788e-02,0.000000000000000000e+00,4.974071874559403694e-01
0.000000000000000000e+00,8.799999999999999489e-02,0.000000000000000000e+00,4.812889881078541987e-01
0.000000000000000000e+00,8.899999999999999578e-02,0.000000000000000000e+00,5.370001760236984278e-01
0.000000000000000000e+00,8.999999999999999667e-02,0.000000000000000000e+00,4.217214002074904378e-01
0.000000000000000000e+00,9.099999999999999756e-02,0.000000000000000000e+00,5.170819698288721122e-01
0.000000000000000000e+00,9.199999999999999845e-02,0.000000000000000000e+00,4.646646952299443578e-01
0.000000000000000000e+00,9.299999999999999933e-02,0.000000000000000000e+00,4.779352904634552313e-01
0.000000000000000000e+00,9.400000000000000022e-02,0.000000000000000000e+00,4.058865886265443090e-01
0.000000000000000000e+00,9.500000000000000111e-02,0.000000000000000000e+00,4.483129566630895679e-01
0.000000000000000000e+00,9.600000000000000200e-02,0.000000000000000000e+00,4.732908823504777818e-01
0.000000000000000000e+00,9.700000000000000289e-02,0.000000000000000000e+00,5.323800556971707287e-01
0.000000000000000000e+00,9.800000000000000377e-02,0.000000000000000000e+00,5.631116154954782793e-01
0.000000000000000000e+00,9.900000000000000466e-02,0.000000000000000000e+00,5.711841430583839418e-01
0.000000000000000000e+00,1.000000000000000056e-01,0.000000000000000000e+00,4.954348180669850277e-01
2.000000000000000042e-03,0.000000000000000000e+00,0.000000000000000000e+00,5.696349015731154708e-01
2.000000000000000042e-03,1.000000000000000021e-03,0.000000000000000000e+00,5.399561870225593196e-01
2.000000000000000042e-03,2.000000000000000042e-03,0.000000000000000000e+00,4.578057243308830682e-01
2.000000000000000042e-03,3.000000000000000062e-03,0.000000000000000000e+00,5.189305935650363466e-01
2.000000000000000042e-03,4.000000000000000083e-03,0.000000000000000000e+00,4.784289015372512610e-01
2.000000000000000042e-03,5.000000000000000104e-03,0.000000000000000000e+00,4.879768922508370688e-01
2.000000000000000042e-03,6.000000000000000125e-03,0.000000000000000000e+00,5.500427612097620322e-01
2.000000000000000042e-03,7.000000000000000146e-03,0.000000000000000000e+00,4.448846383406011573e-01
2.000000000000000042e-03,8.000000000000000167e-03,0.000000000000000000e+00,4.471543001852344434e-01
2.000000000000000042e-03,9.000000000000001055e-03,0.000000000000000000e+00,4.695014748424105600e-01
2.000000000000000042e-03,1.000000000000000021e-02,0.000000000000000000e+00,4.400382696611623290e-01
2.000000000000000042e-03,1.099999999999999936e-02,0.000000000000000000e+00,4.801339017245432883e-01
2.000000000000000042e-03,1.200000000000000025e-02,0.000000000000000000e+00,5.338322134889131876e-01
2.000000000000000042e-03,1.300000000000000114e-02,0.000000000000000000e+00,5.421636157881657425e-01
2.000000000000000042e-03,1.400000000000000029e-02,0.000000000000000000e+00,5.372601029250644311e-01
2.000000000000000042e-03,1.499999999999999944e-02,0.000000000000000000e+00,4.432651446728996247e-01
2.000000000000000042e-03,1.600000000000000033e-02,0.000000000000000000e+00,5.337164925750979005e-01
2.000000000000000042e-03,1.700000000000000122e-02,0.000000000000000000e+00,5.178142862112845579e-01
2.000000000000000042e-03,1.800000000000000211e-02,0.000000000000000000e+00,5.503089107620398046e-01
2.000000000000000042e-03,1.899999999999999953e-02,0.000000000000000000e+00,5.190154580353738556e-01
2.000000000000000042e-03,2.000000000000000042e-02,0.000000000000000000e+00,4.733608177288940455e-01
2.000000000000000042e-03,2.100000000000000130e-02,0.000000000000000000e+00,4.877661735697749190e-01
2.000000000000000042e-03,2.199999999999999872e-02,0.000000000000000000e+00,5.291473336764042079e-01
2.000000000000000042e-03,2.299999999999999961e-02,0.000000000000000000e+00,4.772034565202812884e-01
2.000000000000000042e-03,2.400000000000000050e-02,0.000000000000000000e+00,4.591961839089466757e-01
2.000000000000000042e-03,2.500000000000000139e-02,0.000000000000000000e+00,5.016344028625575602e-01
2.000000000000000042e-03,2.600000000000000228e-02,0.000000000000000000e+00,5.072108901872882658e-01
2.000000000000000042e-03,2.699999999999999969e-02,0.000000000000000000e+00,5.477934419035098701e-01
2.000000000000000042e-03,2.800000000000000058e-02,0.000000000000000000e+00,4.817930938697306820e-01
2.000000000000000042e-03,2.900000000000000147e-02,0.000000000000000000e+00,5.297723211023452894e-01
2.000000000000000042e-03,2.999999999999999889e-02,0.000000000000000000e+00,5.500893990117909915e-01
2.000000000000000042e-03,3.099999999999999978e-02,0.000000000000000000e+00,5.599482288519282980e-01
2.000000000000000042e-03,3.200000000000000067e-02,0.000000000000000000e+00,4.480946944148674893e-01
2.000000000000000042e-03,3.300000000000000155e-02,0.000000000000000000e+00,5.431834766404186610e-01
2.000000000000000042e-03,3.400000000000000244e-02,0.000000000000000000e+00,5.350931219020532703e-01
2.000000000000000042e-03,3.500000000000000333e-02,0.000000000000000000e+00,5.630456773702883222e-01
2.000000000000000042e-03,3.600000000000000422e-02,0.000000000000000000e+00,4.858147314070393463e-01
2.000000000000000042e-03,3.699999999999999817e-02,0.000000000000000000e+00,3.761277214154369886e-01
2.000000000000000042e-03,3.799999999999999906e-02,0.000000000000000000e+00,4.308625314938518969e-01
2.000000000000000042e-03,3.899999999999999994e-02,0.000000000000000000e+00,4.809265011219819308e-01
2.000000000000000042e-03,4.000000000000000083e-02,0.000000000000000000e+00,5.384083966037693791e-01
2.000000000000000042e-03,4.100000000000000172e-02,0.000000000000000000e+00,5.329736447641213459e-01
2.000000000000000042e-03,4.200000000000000261e-02,0.000000000000000000e+00,5.314094985110584535e-01
2.000000000000000042e-03,4.300000000000000350e-02,0.000000000000000000e+00,5.811324814725142840e-01
2.000000000000000042e-03,4.399999999999999745e-02,0.000000000000000000e+00,5.792412752478637294e-01
2.000000000000000042e-03,4.499999999999999833e-02,0.000000000000000000e+00,5.367319894925863810e-01
2.000000000000000042e-03,4.599999999999999922e-02,0.000000000000000000e+00,6.381805695144553425e-01
2.000000000000000042e-03,4.700000000000000011e-02,0.000000000000000000e+00,6.053986990376380994e-01
2.000000000000000042e-03,4.800000000000000100e-02,0.000000000000000000e+00,6.158933994486353036e-01
2.000000000000000042e-03,4.900000000000000189e-02,0.000000000000000000e+00,5.282032806036753847e-01
2.000000000000000042e-03,5.000000000000000278e-02,0.000000000000000000e+00,4.052038858672761812e-01
2.000000000000000042e-03,5.100000000000000366e-02,0.000000000000000000e+00,4.515649995567130870e-01
2.000000000000000042e-03,5.200000000000000455e-02,0.000000000000000000e+00,4.838484894565185934e-01
2.000000000000000042e-03,5.299999999999999850e-02,0.000000000000000000e+00,5.125105130650837726e-01
2.000000000000000042e-03,5.399999999999999939e-02,0.000000000000000000e+00,5.144992761558460082e-01
2.000000000000000042e-03,5.500000000000000028e-02,0.000000000000000000e+00,4.785464282253045210e-01
2.000000000000000042e-03,5.600000000000000117e-02,0.000000000000000000e+00,5.048034965925589646e-01
2.000000000000000042e-03,5.700000000000000205e-02,0.000000000000000000e+00,5.076993299435950124e-01
2.000000000000000042e-03,5.800000000000000294e-02,0.000000000000000000e+00,5.516503851702743155e-01
2.000000000000000042e-03,5.900000000000000383e-02,0.000000000000000000e+00,5.642277516792921777e-01
2.000000000000000042e-03,5.999999999999999778e-02,0.000000000000000000e+00,5.879298304074831449e-01
2.000000000000000042e-03,6.099999999999999867e-02,0.000000000000000000e+00,6.355545114306826449e-01
2.000000000000000042e-03,6.199999999999999956e-02,0.000000000000000000e+00,5.969146559340227087e-01
2.000000000000000042e-03,6.300000000000000044e-02,0.000000000000000000e+00,5.737362246856388959e-01
2.000000000000000042e-03,6.400000000000000133e-02,0.000000000000000000e+00,5.762079029180865453e-01
2.000000000000000042e-03,6.500000000000000222e-02,0.000000000000000000e+00,5.926580513033005149e-01
2.000000000000000042e-03,6.600000000000000311e-02,0.000000000000000000e+00,6.105410303970761898e-01
2.000000000000000042e-03,6.700000000000000400e-02,0.000000000000000000e+00,5.791715917067836727e-01
2.000000000000000042e-03,6.800000000000000488e-02,0.000000000000000000e+00,4.991846855537449557e-01
2.000000000000000042e-03,6.900000000000000577e-02,0.000000000000000000e+00,4.561784741464154358e-01
2.000000000000000042e-03,7.000000000000000666e-02,0.000000000000000000e+00,4.370458881447865096e-01
2.000000000000000042e-03,7.100000000000000755e-02,0.000000000000000000e+00,4.642661930760052513e-01
2.000000000000000042e-03,7.200000000000000844e-02,0.000000000000000000e+00,4.159382169851889022e-01
2.000000000000000042e-03,7.299999999999999545e-02,0.000000000000000000e+00,4.922898661084161853e-01
2.000000000000000042e-03,7.399999999999999634e-02,0.000000000000000000e+00,5.207548358024542967e-01
2.000000000000000042e-03,7.499999999999999722e-02,0.000000000000000000e+00,5.060204941069059714e-01
2.000000000000000042e-03,7.599999999999999811e-02,0.000000000000000000e+00,5.647363694460252326e-01
2.000000000000000042e-03,7.699999999999999900e-02,0.000000000000000000e+00,5.184395663660622544e-01
2.000000000000000042e-03,7.799999999999999989e-02,0.000000000000000000e+00,5.781334029292143351e-01
2.000000000000000042e-03,7.900000000000000078e-02,0.000000000000000000e+00,5.972770842784407286e-01
2.000000000000000042e-03,8.000000000000000167e-02,0.000000000000000000e+00,5.757465201659608400e-01
2.000000000000000042e-03,8.100000000000000255e-02,0.000000000000000000e+00,4.726730182281158599e-01
2.000000000000000042e-03,8.200000000000000344e-02,0.000000000000000000e+00,4.512318519101444214e-01
2.000000000000000042e-03,8.300000000000000433e-02,0.000000000000000000e+00,4.603321897782538530e-01
2.000000000000000042e-03,8.400000000000000522e-02,0.000000000000000000e+00,4.877932494427108523e-01
2.000000000000000042e-03,8.500000000000000611e-02,0.000000000000000000e+00,4.774244993071581900e-01
2.000000000000000042e-03,8.600000000000000699e-02,0.000000000000000000e+00,5.541137026755620365e-01
2.000000000000000042e-03,8.700000000000000788e-02,0.000000000000000000e+00,5.065695200256976616e-01
2.000000000000000042e-03,8.799999999999999489e-02,0.000000000000000000e+00,5.049681315058697217e-01
2.000000000000000042e-03,8.899999999999999578e-02,0.000000000000000000e+00,5.571833436378128557e-01
2.000000000000000042e-03,8.999999999999999667e-02,0.000000000000000000e+00,4.919444627320981867e-01
2.000000000000000042e-03,9.099999999999999756e-02,0.000000000000000000e+00,5.417493681851613951e-01
2.000000000000000042e-03,9.199999999999999845e-02,0.000000000000000000e+00,5.211687614750475372e-01
2.000000000000000042e-03,9.299999999999999933e-02,0.000000000000000000e+00,4.989468563694507974e-01
2.000000000000000042e-03,9.400000000000000022e-02,0.000000000000000000e+00,4.058714481761543924e-01
2.000000000000000042e-03,9.500000000000000111e-02,0.000000000000000000e+00,4.237932639616512343e-01
2.000000000000000042e-03,9.600000000000000200e-02,0.000000000000000000e+00,4.494013619160581174e-01
2.000000000000000042e-03,9.700000000000000289e-02,0.000000000000000000e+00,4.783689871997853782e-01
2.000000000000000042e-03,9.800000000000000377e-02,0.000000000000000000e+00,4.964038488341717681e-01
2.000000000000000042e-03,9.900000000000000466e-02,0.000000000000000000e+00,5.389103574436672206e-01
2.000000000000000042e-03,1.000000000000000056e-01,0.000000000000000000e+00,4.817801354489347765e-01
4.000000000000000083e-03,0.000000000000000000e+00,0.000000000000000000e+00,5.249850771967925489e-01
4.000000000000000083e-03,1.000000000000000021e-03,0.000000000000000000e+00,4.525824461240377516e-01
4.000000000000000083e-03,2.000000000000000042e-03,0.000000000000000000e+00,3.897966358026649369e-01
4.000000000000000083e-03,3.000000000000000062e-03,0.000000000000000000e+00,4.656750955223848965e-01
4.000000000000000083e-03,4.000000000000000083e-03,0.000000000000000000e+00,4.584059850489539678e-01
4.000000000000000083e-03,5.000000000000000104e-03,0.000000000000000000e+00,4.712366440414742508e-01
4.000000000000000083e-03,6.000000000000000125e-03,0.000000000000000000e+00,5.823828289272331427e-01
4.000000000000000083e-03,7.000000000000000146e-03,0.000000000000000000e+00,4.898711460906484683e-01
4.000000000000000083e-03,8.000000000000000167e-03,0.000000000000000000e+00,5.166385252697316410e-01
4.000000000000000083e-03,9.000000000000001055e-03,0.000000000000000000e+00,5.034806459011107460e-01
4.000000000000000083e-03,1.000000000000000021e-02,0.000000000000000000e+00,4.959696129338459492e-01
4.000000000000000083e-03,1.099999999999999936e-02,0.000000000000000000e+00,5.321071524294171962e-01
4.000000000000000083e-03,1.200000000000000025e-02,0.000000000000000000e+00,5.696909053672614132e-01
4.000000000000000083e-03,1.300000000000000114e-02,0.000000000000000000e+00,5.319165102640979192e-01
4.000000000000000083e-03,1.400000000000000029e-02,0.000000000000000000e+00,4.686827928759338957e-01
4.000000000000000083e-03,1.499999999999999944e-02,0.000000000000000000e+00,4.003416205270365347e-01
4.000000000000000083e-03,1.600000000000000033e-02,0.000000000000000000e+00,4.969190059475632193e-01
4.000000000000000083e-03,1.700000000000000122e-02,0.000000000000000000e+00,5.076889817231032831e-01
4.000000000000000083e-03,1.800000000000000211e-02,0.000000000000000000e+00,5.463027740210042449e-01
4.000000000000000083e-03,1.899999999999999953e-02,0.000000000000000000e+00,5.457520372307499423e-01
4.000000000000000083e-03,2.000000000000000042e-02,0.000000000000000000e+00,5.219346206347430517e-01
4.000000000000000083e-03,2.100000000000000130e-02,0.000000000000000000e+00,5.339689988635903939e-01
4.000000000000000083e-03,2.199999999999999872e-02,0.000000000000000000e+00,5.349297298424593450e-01
4.000000000000000083e-03,2.299999999999999961e-02,0.000000000000000000e+00,5.261241130640277319e-01
4.000000000000000083e-03,2.400000000000000050e-02,0.000000000000000000e+00,5.180801078745107535e-01
4.000000000000000083e-03,2.500000000000000139e-02,0.000000000000000000e+00,5.551796047762739272e-01
4.000000000000000083e-03,2.600000000000000228e-02,0.000000000000000000e+00,5.223777474968489543e-01
4.000000000000000083e-03,2.699999999999999969e-02,0.000000000000000000e+00,5.076311368500774357e-01
4.000000000000000083e-03,2.800000000000000058e-02,0.000000000000000000e+00,4.779437882267504323e-01
4.000000000000000083e-03,2.900000000000000147e-02,0.000000000000000000e+00,5.181263410361029997e-01
4.000000000000000083e-03,2.999999999999999889e-02,0.000000000000000000e+00,5.688094993007520861e-01
4.000000000000000083e-03,3.099999999999999978e-02,0.000000000000000000e+00,5.949037375465643374e-01
4.000000000000000083e-03,3.200000000000000067e-02,0.000000000000000000e+00,4.838672497403864181e-01
4.000000000000000083e-03,3.300000000000000155e-02,0.000000000000000000e+00,6.112508214834044828e-01
4.000000000000000083e-03,3.400000000000000244e-02,0.000000000000000000e+00,5.741863616238154222e-01
4.000000000000000083e-03,3.500000000000000333e-02,0.000000000000000000e+00,5.942419286482334417e-01
4.000000000000000083e-03,3.600000000000000422e-02,0.000000000000000000e+00,5.655219509923963273e-01
4.000000000000000083e-03,3.699999999999999817e-02,0.000000000000000000e+00,4.646833201140194158e-01
4.000000000000000083e-03,3.799999999999999906e-02,0.000000000000000000e+00,5.111276677051054262e-01
4.000000000000000083e-03,3.899999999999999994e-02,0.000000000000000000e+00,5.240319152896472099e-01
4.000000000000000083e-03,4.000000000000000083e-02,0.000000000000000000e+00,4.960285423630981794e-01
4.000000000000000083e-03,4.100000000000000172e-02,0.000000000000000000e+00,5.218102431028008859e-01
4.000000000000000083e-03,4.200000000000000261e-02,0.000000000000000000e+00,4.717311410086070800e-01
4.000000000000000083e-03,4.300000000000000350e-02,0.000000000000000000e+00,5.589422612165477755e-01
4.000000000000000083e-03,4.399999999999999745e-02,0.000000000000000000e+00,5.472059419666234215e-01
4.000000000000000083e-03,4.499999999999999833e-02,0.000000000000000000e+00,5.025701645878823953e-01
4.000000000000000083e-03,4.599999999999999922e-02,0.000000000000000000e+00,6.238149276520021935e-01
4.000000000000000083e-03,4.700000000000000011e-02,0.000000000000000000e+00,5.704729911544892396e-01
4.000000000000000083e-03,4.800000000000000100e-02,0.000000000000000000e+00,6.158954021203872919e-01
4.000000000000000083e-03,4.900000000000000189e-02,0.000000000000000000e+00,5.834865008671898945e-01
4.000000000000000083e-03,5.000000000000000278e-02,0.000000000000000000e+00,4.688862786536233118e-01
4.000000000000000083e-03,5.100000000000000366e-02,0.000000000000000000e+00,5.214106345070230741e-01
4.000000000000000083e-03,5.200000000000000455e-02,0.000000000000000000e+00,5.443987919866626335e-01
4.000000000000000083e-03,5.299999999999999850e-02,0.000000000000000000e+00,4.962972193818538935e-01
4.000000000000000083e-03,5.399999999999999939e-02,0.000000000000000000e+00,5.364555727078992309e-01
4.000000000000000083e-03,5.500000000000000028e-02,0.000000000000000000e+00,4.597026530703334224e-01
4.000000000000000083e-03,5.600000000000000117e-02,0.000000000000000000e+00,5.288583379303903875e-01
4.000000000000000083e-03,5.700000000000000205e-02,0.000000000000000000e+00,5.088163306593096458e-01
4.000000000000000083e-03,5.800000000000000294e-02,0.000000000000000000e+00,5.720669255472420334e-01
4.000000000000000083e-03,5.900000000000000383e-02,0.000000000000000000e+00,5.657746176295557206e-01
4.000000000000000083e-03,5.999999999999999778e-02,0.000000000000000000e+00,5.716572535726027748e-01
4.000000000000000083e-03,6.099999999999999867e-02,0.000000000000000000e+00,6.458541644507307389e-01
4.000000000000000083e-03,6.199999999999999956e-02,0.000000000000000000e+00,6.469529356496450667e-01
4.000000000000000083e-03,6.300000000000000044e-02,0.000000000000000000e+00,5.853718128717697589e-01
4.000000000000000083e-03,6.400000000000000133e-02,0.000000000000000000e+00,5.976883428459810466e-01
4.000000000000000083e-03,6.500000000000000222e-02,0.000000000000000000e+00,5.916118486308217239e-01
4.000000000000000083e-03,6.600000000000000311e-02,0.000000000000000000e+00,5.780874195835117302e-01
4.000000000000000083e-03,6.700000000000000400e-02,0.000000000000000000e+00,5.479524976954783799e-01
4.000000000000000083e-03,6.800000000000000488e-02,0.000000000000000000e+00,4.772356850422198038e-01
4.000000000000000083e-03,6.900000000000000577e-02,0.000000000000000000e+00,4.335684270465784973e-01
4.000000000000000083e-03,7.000000000000000666e-02,0.000000000000000000e+00,4.342296108342862948e-01
4.000000000000000083e-03,7.100000000000000755e-02,0.000000000000000000e+00,4.857944333543120496e-01
4.000000000000000083e-03,7.200000000000000844e-02,0.000000000000000000e+00,4.085497516479632552e-01
4.000000000000000083e-03,7.299999999999999545e-02,0.000000000000000000e+00,4.653362703199375727e-01
4.000000000000000083e-03,7.399999999999999634e-02,0.000000000000000000e+00,5.179103644769094128e-01
4.000000000000000083e-03,7.499999999999999722e-02,0.000000000000000000e+00,5.614530465403041459e-01
4.000000000000000083e-03,7.599999999999999811e-02,0.000000000000000000e+00,5.577700196055296322e-01
4.000000000000000083e-03,7.699999999999999900e-02,0.000000000000000000e+00,5.542031713424260264e-01
4.000000000000000083e-03,7.799999999999999989e-02,0.000000000000000000e+00,5.748316941191544682e-01
4.000000000000000083e-03,7.900000000000000078e-02,0.000000000000000000e+00,6.346197248321826523e-01
4.000000000000000083e-03,8.000000000000000167e-02,0.000000000000000000e+00,5.658260054391084370e-01
4.000000000000000083e-03,8.100000000000000255e-02,0.000000000000000000e+00,5.176926343770200667e-01
4.000000000000000083e-03,8.200000000000000344e-02,0.000000000000000000e+00,4.224322384089064242e-01
4.000000000000000083e-03,8.300000000000000433e-02,0.000000000000000000e+00,4.946710648095399843e-01
4.000000000000000083e-03,8.400000000000000522e-02,0.000000000000000000e+00,4.961454326851368335e-01
4.000000000000000083e-03,8.500000000000000611e-02,0.000000000000000000e+00,4.481658525106674285e-01
4.000000000000000083e-03,8.600000000000000699e-02,0.000000000000000000e+00,4.788472724978869444e-01
4.000000000000000083e-03,8.700000000000000788e-02,0.000000000000000000e+00,4.484399350103161486e-01
4.000000000000000083e-03,8.799999999999999489e-02,0.000000000000000000e+00,5.088287177329517963e-01
4.000000000000000083e-03,8.899999999999999578e-02,0.000000000000000000e+00,5.208838064259064815e-01
4.000000000000000083e-03,8.999999999999999667e-02,0.000000000000000000e+00,5.142820111517655279e-01
4.000000000000000083e-03,9.099999999999999756e-02,0.000000000000000000e+00,5.415143208955436327e-01
4.000000000000000083e-03,9.199999999999999845e-02,0.000000000000000000e+00,5.944120519928492996e-01
4.000000000000000083e-03,9.299999999999999933e-02,0.000000000000000000e+00,5.290653896367851772e-01
4.000000000000000083e-03,9.400000000000000022e-02,0.000000000000000000e+00,4.960305849734091832e-01
4.000000000000000083e-03,9.500000000000000111e-02,0.000000000000000000e+00,4.437775095556975580e-01
4.000000000000000083e-03,9.600000000000000200e-02,0.000000000000000000e+00,5.327643174346224919e-01
4.000000000000000083e-03,9.700000000000000289e-02,0.000000000000000000e+00,5.139489029241883777e-01
4.000000000000000083e-03,9.800000000000000377e-02,0.000000000000000000e+00,5.005373377267579027e-01
4.000000000000000083e-03,9.900000000000000466e-02,0.000000000000000000e+00,4.946428257056459943e-01
4.000000000000000083e-03,1.000000000000000056e-01,0.000000000000000000e+00,4.427155307616574831e-01
6.000000000000000125e-03,0.000000000000000000e+00,0.000000000000000000e+00,5.736184723150261622e-01
6.000000000000000125e-03,1.000000000000000021e-03,0.000000000000000000e+00,5.370591621934063253e-01
6.000000000000000125e-03,2.000000000000000042e-03,0.000000000000000000e+00,4.866290387345514334e-01
6.000000000000000125e-03,3.000000000000000062e-03,0.000000000000000000e+00,5.053478137873832488e-01
6.000000000000000125e-03,4.000000000000000083e-03,0.000000000000000000e+00,4.762399204331731473e-01
6.000000000000000125e-03,5.000000000000000104e-03,0.000000000000000000e+00,5.005126224265853407e-01
6.000000000000000125e-03,6.000000000000000125e-03,0.000000000000000000e+00,5.870236231797698601e-01
6.000000000000000125e-03,7.000000000000000146e-03,0.000000000000000000e+00,4.492124718489785007e-01
6.000000000000000125e-03,8.000000000000000167e-03,0.000000000000000000e+00,5.023477728328227254e-01
6.000000000000000125e-03,9.000000000000001055e-03,0.000000000000000000e+00,4.888314426671845347e-01
6.000000000000000125e-03,1.000000000000000021e-02,0.000000000000000000e+00,5.524999091532145634e-01
6.000000000000000125e-03,1.099999999999999936e-02,0.000000000000000000e+00,5.749040991858713756e-01
6.000000000000000125e-03,1.200000000000000025e-02,0.000000000000000000e+00,6.062112490020121758e-01
6.000000000000000125e-03,1.300000000000000114e-02,0.000000000000000000e+00,5.745784517281635750e-01
6.000000000000000125e-03,1.400000000000000029e-02,0.000000000000000000e+00,5.444742489708473965e-01
6.000000000000000125e-03,1.499999999999999944e-02,0.000000000000000000e+00,4.584647468680582705e-01
6.000000000000000125e-03,1.600000000000000033e-02,0.000000000000000000e+00,4.852585685747617950e-01
6.000000000000000125e-03,1.700000000000000122e-02,0.000000000000000000e+00,4.562817206126213998e-01
6.000000000000000125e-03,1.800000000000000211e-02,0.000000000000000000e+00,5.181710100688694531e-01
6.000000000000000125e-03,1.899999999999999953e-02,0.000000000000000000e+00,4.880356702483318321e-01
6.000000000000000125e-03,2.000000000000000042e-02,0.000000000000000000e+00,4.244353709262342345e-01
6.000000000000000125e-03,2.100000000000000130e-02,0.000000000000000000e+00,4.894566689775063373e-01
6.000000000000000125e-03,2.199999999999999872e-02,0.000000000000000000e+00,4.899341374432031326e-01
6.000000000000000125e-03,2.299999999999999961e-02,0.000000000000000000e+00,5.814593987662457497e-01
6.000000000000000125e-03,2.400000000000000050e-02,0.000000000000000000e+00,5.294085013504132853e-01
6.000000000000000125e-03,2.500000000000000139e-02,0.000000000000000000e+00,5.805417531535543851e-01
6.000000000000000125e-03,2.600000000000000228e-02,0.000000000000000000e+00,5.308332869988584557e-01
6.000000000000000125e-03,2.699999999999999969e-02,0.000000000000000000e+00,5.299001396587601498e-01
6.000000000000000125e-03,2.800000000000000058e-02,0.000000000000000000e+00,4.638789575012310928e-01
6.000000000000000125e-03,2.900000000000000147e-02,0.000000000000000000e+00,4.788228850631592870e-01
6.000000000000000125e-03,2.999999999999999889e-02,0.000000000000000000e+00,4.935120728445037130e-01
6.000000000000000125e-03,3.099999999999999978e-02,0.000000000000000000e+00,5.550266876506766422e-01
6.000000000000000125e-03,3.200000000000000067e-02,0.000000000000000000e+00,4.301799780063237932e-01
6.000000000000000125e-03,3.300000000000000155e-02,0.000000000000000000e+00,5.383244916404914537e-01
6.000000000000000125e-03,3.400000000000000244e-02,0.000000000000000000e+00,5.624553857419052338e-01
6.000000000000000125e-03,3.500000000000000333e-02,0.000000000000000000e+00,5.572473139974329914e-01
6.000000000000000125e-03,3.600000000000000422e-02,0.000000000000000000e+00,5.965057424930102492e-01
6.000000000000000125e-03,3.699999999999999817e-02,0.000000000000000000e+00,4.408962142696792874e-01
6.000000000000000125e-03,3.799999999999999906e-02,0.000000000000000000e+00,5.272090444312850233e-01
6.000000000000000125e-03,3.899999999999999994e-02,0.000000000000000000e+00,5.164949244980051590e-01
6.000000000000000125e-03,4.000000000000000083e-02,0.000000000000000000e+00,4.790313199120677656e-01
6.000000000000000125e-03,4.100000000000000172e-02,0.000000000000000000e+00,4.764674199056221360e-01
6.000000000000000125e-03,4.200000000000000261e-02,0.000000000000000000e+00,4.393848864590843561e-01
6.000000000000000125e-03,4.300000000000000350e-02,0.000000000000000000e+00,5.193199892664538408e-01
6.000000000000000125e-03,4.399999999999999745e-02,0.000000000000000000e+00,5.287726886095565071e-01
6.000000000000000125e-03,4.499999999999999833e-02,0.000000000000000000e+00,4.744957798581808106e-01
6.000000000000000125e-03,4.599999999999999922e-02,0.000000000000000000e+00,5.757215627170121364e-01
6.000000000000000125e-03,4.700000000000000011e-02,0.000000000000000000e+00,5.825884500437921165e-01
6.000000000000000125e-03,4.800000000000000100e-02,0.000000000000000000e+00,5.688061983644838726e-01
6.000000000000000125e-03,4.900000000000000189e-02,0.000000000000000000e+00,5.605531931197291762e-01
6.000000000000000125e-03,5.000000000000000278e-02,0.000000000000000000e+00,4.263850648669536558e-01
6.000000000000000125e-03,5.100000000000000366e-02,0.000000000000000000e+00,5.220613621900036527e-01
6.000000000000000125e-03,5.200000000000000455e-02,0.000000000000000000e+00,5.550384955297360534e-01
6.000000000000000125e-03,5.299999999999999850e-02,0.000000000000000000e+00,4.948259061801577041e-01
6.000000000000000125e-03,5.399999999999999939e-02,0.000000000000000000e+00,5.278747480499169642e-01
6.000000000000000125e-03,5.500000000000000028e-02,0.000000000000000000e+00,4.808057488282341807e-01
6.000000000000000125e-03,5.600000000000000117e-02,0.000000000000000000e+00,5.824358277365553338e-01
6.000000000000000125e-03,5.700000000000000205e-02,0.000000000000000000e+00,5.511382301935683348e-01
6.000000000000000125e-03,5.800000000000000294e-02,0.000000000000000000e+00,5.867275510465972399e-01
6.000000000000000125e-03,5.900000000000000383e-02,0.000000000000000000e+00,5.478737631384998918e-01
6.000000000000000125e-03,5.999999999999999778e-02,0.000000000000000000e+00,6.063765370691429624e-01
6.000000000000000125e-03,6.099999999999999867e-02,0.000000000000000000e+00,6.001597788117568610e-01
6.000000000000000125e-03,6.199999999999999956e-02,0.000000000000000000e+00,6.076935630088312612e-01
6.000000000000000125e-03,6.300000000000000044e-02,0.000000000000000000e+00,5.466615865721902168e-01
6.000000000000000125e-03,6.400000000000000133e-02,0.000000000000000000e+00,5.678929375071143371e-01
6.000000000000000125e-03,6.500000000000000222e-02,0.000000000000000000e+00,5.972001719926678387e-01
6.000000000000000125e-03,6.600000000000000311e-02,0.000000000000000000e+00,5.714433491737076487e-01
6.000000000000000125e-03,6.700000000000000400e-02,0.000000000000000000e+00,5.246320435531819371e-01
6.000000000000000125e-03,6.800000000000000488e-02,0.000000000000000000e+00,4.940474463044966513e-01
6.000000000000000125e-03,6.900000000000000577e-02,0.000000000000000000e+00,4.875002728833528476e-01
6.000000000000000125e-03,7.000000000000000666e-02,0.000000000000000000e+00,4.557777398960285997e-01
6.000000000000000125e-03,7.100000000000000755e-02,0.000000000000000000e+00,4.675951452889935966e-01
6.000000000000000125e-03,7.200000000000000844e-02,0.000000000000000000e+00,3.719833945812713316e-01
6.000000000000000125e-03,7.299999999999999545e-02,0.000000000000000000e+00,4.860148472427880395e-01
6.000000000000000125e-03,7.399999999999999634e-02,0.000000000000000000e+00,4.803726096044063643e-01
6.000000000000000125e-03,7.499999999999999722e-02,0.000000000000000000e+00,5.523755091917816884e-01
6.000000000000000125e-03,7.599999999999999811e-02,0.000000000000000000e+00,5.437661736782423150e-01
6.000000000000000125e-03,7.699999999999999900e-02,0.000000000000000000e+00,5.340643435502369085e-01
6.000000000000000125e-03,7.799999999999999989e-02,0.000000000000000000e+00,5.978470643040412202e-01
6.000000000000000125e-03,7.900000000000000078e-02,0.000000000000000000e+00,6.596615266077363593e-01
6.000000000000000125e-03,8.000000000000000167e-02,0.000000000000000000e+00,5.650897382539901148e-01
6.000000000000000125e-03,8.100000000000000255e-02,0.000000000000000000e+00,5.725517092429889265e-01
6.000000000000000125e-03,8.200000000000000344e-02,0.000000000000000000e+00,4.831229919697394570e-01
6.000000000000000125e-03,8.300000000000000433e-02,0.000000000000000000e+00,5.289068076697069909e-01
6.000000000000000125e-03,8.400000000000000522e-02,0.000000000000000000e+00,4.905914855849659584e-01
6.000000000000000125e-03,8.500000000000000611e-02,0.000000000000000000e+00,4.393826434282929183e-01
6.000000000000000125e-03,8.600000000000000699e-02,0.000000000000000000e+00,5.200926328282534650e-01
6.000000000000000125e-03,8.700000000000000788e-02,0.000000000000000000e+00,4.564287413755004352e-01
6.000000000000000125e-03,8.799999999999999489e-02,0.000000000000000000e+00,5.259183498660227052e-01
6.000000000000000125e-03,8.899999999999999578e-02,0.000000000000000000e+00,5.106397181695012666e-01
6.000000000000000125e-03,8.999999999999999667e-02,0.000000000000000000e+00,4.978015921663209165e-01
6.000000000000000125e-03,9.099999999999999756e-02,0.000000000000000000e+00,5.503625947582297950e-01
6.000000000000000125e-03,9.199999999999999845e-02,0.000000000000000000e+00,6.139495600074424964e-01
6.000000000000000125e-03,9.299999999999999933e-02,0.000000000000000000e+00,5.312379173761643258e-01
6.000000000000000125e-03,9.400000000000000022e-02,0.000000000000000000e+00,5.451508869715668837e-01
6.000000000000000125e-03,9.500000000000000111e-02,0.000000000000000000e+00,4.814805124165142947e-01
6.000000000000000125e-03,9.600000000000000200e-02,0.000000000000000000e+00,5.672817264882490385e-01
6.000000000000000125e-03,9.700000000000000289e-02,0.000000000000000000e+00,5.302168362796703116e-01
6.000000000000000125e-03,9.800000000000000377e-02,0.000000000000000000e+00,5.267917331530775904e-01
6.000000000000000125e-03,9.900000000000000466e-02,0.000000000000000000e+00,5.511359016989054727e-01
6.000000000000000125e-03,1.000000000000000056e-01,0.000000000000000000e+00,4.809818666470091486e-01
8.000000000000000167e-03,0.000000000000000000e+00,0.000000000000000000e+00,4.960415643374266326e-01
8.000000000000000167e-03,1.000000000000000021e-03,0.000000000000000000e+00,4.910038356704854445e-01
8.000000000000000167e-03,2.000000000000000042e-03,0.000000000000000000e+00,4.916793463794720820e-01
8.000000000000000167e-03,3.000000000000000062e-03,0.000000000000000000e+00,4.921711964178160370e-01
8.000000000000000167e-03,4.000000000000000083e-03,0.000000000000000000e+00,4.700319404202266127e-01
8.000000000000000167e-03,5.000000000000000104e-03,0.000000000000000000e+00,5.175113738053158663e-01
8.000000000000000167e-03,6.000000000000000125e-03,0.000000000000000000e+00,6.078114956202962382e-01
8.000000000000000167e-03,7.000000000000000146e-03,0.000000000000000000e+00,4.751922461974628642e-01
8.000000000000000167e-03,8.000000000000000167e-03,0.000000000000000000e+00,5.492738257493487986e-01
8.000000000000000167e-03,9.000000000000001055e-03,0.000000000000000000e+00,5.099788332761513443e-01
8.000000000000000167e-03,1.000000000000000021e-02,0.000000000000000000e+00,5.685593115564799849e-01
8.000000000000000167e-03,1.099999999999999936e-02,0.000000000000000000e+00,5.646448939201562656e-01
8.000000000000000167e-03,1.200000000000000025e-02,0.000000000000000000e+00,5.623257894013111713e-01
8.000000000000000167e-03,1.300000000000000114e-02,0.000000000000000000e+00,4.741592682358820032e-01
8.000000000000000167e-03,1.400000000000000029e-02,0.000000000000000000e+00,4.610851467459087805e-01
8.000000000000000167e-03,1.499999999999999944e-02,0.000000000000000000e+00,4.227983071519570979e-01
8.000000000000000167e-03,1.600000000000000033e-02,0.000000000000000000e+00,4.146025076520979957e-01
8.000000000000000167e-03,1.700000000000000122e-02,0.000000000000000000e+00,3.861683137679354227e-01
8.000000000000000167e-03,1.800000000000000211e-02,0.000000000000000000e+00,4.617058198904365196e-01
8.000000000000000167e-03,1.899999999999999953e-02,0.000000000000000000e+00,4.678763210841424547e-01
8.000000000000000167e-03,2.000000000000000042e-02,0.000000000000000000e+00,4.085725388823748805e-01
8.000000000000000167e-03,2.100000000000000130e-02,0.000000000000000000e+00,5.238002072197012193e-01
8.000000000000000167e-03,2.199999999999999872e-02,0.000000000000000000e+00,4.851980087380663997e-01
8.000000000000000167e-03,2.299999999999999961e-02,0.000000000000000000e+00,5.987741996668318745e-01
8.000000000000000167e-03,2.400000000000000050e-02,0.000000000000000000e+00,5.333852604566584610e-01
8.000000000000000167e-03,2.500000000000000139e-02,0.000000000000000000e+00,5.899192086355712350e-01
8.000000000000000167e-03,2.600000000000000228e-02,0.000000000000000000e+00,5.009822369628053051e-01
8.000000000000000167e-03,2.699999999999999969e-02,0.000000000000000000e+00,4.881044456205860804e-01
8.000000000000000167e-03,2.800000000000000058e-02,0.000000000000000000e+00,4.448940655973379066e-01
8.000000000000000167e-03,2.900000000000000147e-02,0.000000000000000000e+00,4.336208151373716069e-01
8.000000000000000167e-03,2.999999999999999889e-02,0.000000000000000000e+00,4.273739534916696226e-01
8.000000000000000167e-03,3.099999999999999978e-02,0.000000000000000000e+00,4.834525575469521552e-01
8.000000000000000167e-03,3.200000000000000067e-02,0.000000000000000000e+00,4.138364581143711418e-01
8.000000000000000167e-03,3.300000000000000155e-02,0.000000000000000000e+00,4.940582662273590997e-01
8.000000000000000167e-03,3.400000000000000244e-02,0.000000000000000000e+00,5.812462553065453896e-01
8.000000000000000167e-03,3.500000000000000333e-02,0.000000000000000000e+00,5.092038031654895214e-01
8.000000000000000167e-03,3.600000000000000422e-02,0.000000000000000000e+00,5.909195840707397451e-01
8.000000000000000167e-03,3.699999999999999817e-02,0.000000000000000000e+00,4.572116962789706252e-01
8.000000000000000167e-03,3.799999999999999906e-02,0.000000000000000000e+00,5.869249751427184636e-01
8.000000000000000167e-03,3.899999999999999994e-02,0.000000000000000000e+00,5.344223147430563481e-01
8.000000000000000167e-03,4.000000000000000083e-02,0.000000000000000000e+00,4.773198438116340592e-01
8.000000000000000167e-03,4.100000000000000172e-02,0.000000000000000000e+00,4.716887161180347010e-01
8.000000000000000167e-03,4.200000000000000261e-02,0.000000000000000000e+00,4.238676492909355664e-01
8.000000000000000167e-03,4.300000000000000350e-02,0.000000000000000000e+00,4.800754164308574379e-01
8.000000000000000167e-03,4.399999999999999745e-02,0.000000000000000000e+00,4.858391937229766255e-01
8.000000000000000167e-03,4.499999999999999833e-02,0.000000000000000000e+00,4.709838227035236802e-01
8.000000000000000167e-03,4.599999999999999922e-02,0.000000000000000000e+00,5.308466480459397285e-01
8.000000000000000167e-03,4.700000000000000011e-02,0.000000000000000000e+00,5.926106579448188194e-01
8.000000000000000167e-03,4.800000000000000100e-02,0.000000000000000000e+00,4.974106746850948668e-01
8.000000000000000167e-03,4.900000000000000189e-02,0.000000000000000000e+00,5.368489872181021472e-01
8.000000000000000167e-03,5.000000000000000278e-02,0.000000000000000000e+00,4.669652907114074103e-01
8.000000000000000167e-03,5.100000000000000366e-02,0.000000000000000000e+00,5.867911982488680511e-01
8.000000000000000167e-03,5.200000000000000455e-02,0.000000000000000000e+00,5.922902854713680831e-01
8.000000000000000167e-03,5.299999999999999850e-02,0.000000000000000000e+00,5.098137781410956304e-01
8.000000000000000167e-03,5.399999999999999939e-02,0.000000000000000000e+00,5.128371970709153516e-01
8.000000000000000167e-03,5.500000000000000028e-02,0.000000000000000000e+00,4.529196849725707907e-01
8.000000000000000167e-03,5.600000000000000117e-02,0.000000000000000000e+00,5.563887227246160361e-01
8.000000000000000167e-03,5.700000000000000205e-02,0.000000000000000000e+00,5.183430063473647431e-01
8.000000000000000167e-03,5.800000000000000294e-02,0.000000000000000000e+00,5.599184091946476372e-01
8.000000000000000167e-03,5.900000000000000383e-02,0.000000000000000000e+00,4.957326863409466933e-01
8.000000000000000167e-03,5.999999999999999778e-02,0.000000000000000000e+00,5.748036755060685898e-01
8.000000000000000167e-03,6.099999999999999867e-02,0.000000000000000000e+00,5.059741017031060828e-01
8.000000000000000167e-03,6.199999999999999956e-02,0.000000000000000000e+00,5.613125789789665809e-01
8.000000000000000167e-03,6.300000000000000044e-02,0.000000000000000000e+00,5.776551777790726039e-01
8.000000000000000167e-03,6.400000000000000133e-02,0.000000000000000000e+00,5.777620307195467930e-01
8.000000000000000167e-03,6.500000000000000222e-02,0.000000000000000000e+00,6.333668258393430062e-01
8.000000000000000167e-03,6.600000000000000311e-02,0.000000000000000000e+00,5.573222456433264416e-01
8.000000000000000167e-03,6.700000000000000400e-02,0.000000000000000000e+00,4.839754504803085444e-01
8.000000000000000167e-03,6.800000000000000488e-02,0.000000000000000000e+00,4.464405755272923826e-01
8.000000000000000167e-03,6.900000000000000577e-02,0.000000000000000000e+00,4.939191639429633129e-01
8.000000000000000167e-03,7.000000000000000666e-02,0.000000000000000000e+00,4.406670687643067796e-01
8.000000000000000167e-03,7.100000000000000755e-02,0.000000000000000000e+00,4.687472663799774342e-01
8.000000000000000167e-03,7.200000000000000844e-02,0.000000000000000000e+00,3.743548718998969682e-01
8.000000000000000167e-03,7.299999999999999545e-02,0.000000000000000000e+00,4.760796145341414376e-01
8.000000000000000167e-03,7.399999999999999634e-02,0.000000000000000000e+00,4.510764969884947240e-01
8.000000000000000167e-03,7.499999999999999722e-02,0.000000000000000000e+00,5.637325211528532165e-01
8.000000000000000167e-03,7.599999999999999811e-02,0.000000000000000000e+00,5.964677193338511207e-01
8.000000000000000167e-03,7.699999999999999900e-02,0.000000000000000000e+00,5.357747752464597779e-01
8.000000000000000167e-03,7.799999999999999989e-02,0.000000000000000000e+00,6.545098022952151595e-01
8.000000000000000167e-03,7.900000000000000078e-02,0.000000000000000000e+00,6.120265684801405870e-01
8.000000000000000167e-03,8.000000000000000167e-02,0.000000000000000000e+00,5.110130411656021998e-01
8.000000000000000167e-03,8.100000000000000255e-02,0.000000000000000000e+00,5.124570398184189468e-01
8.000000000000000167e-03,8.200000000000000344e-02,0.000000000000000000e+00,4.997990803915282054e-01
8.000000000000000167e-03,8.300000000000000433e-02,0.000000000000000000e+00,5.002961025175323151e-01
8.000000000000000167e-03,8.400000000000000522e-02,0.000000000000000000e+00,5.140733626365533437e-01
8.000000000000000167e-03,8.500000000000000611e-02,0.000000000000000000e+00,4.683859700473046450e-01
8.000000000000000167e-03,8.600000000000000699e-02,0.000000000000000000e+00,5.328147782463228399e-01
8.000000000000000167e-03,8.700000000000000788e-02,0.000000000000000000e+00,4.876699167475568863e-01
8.000000000000000167e-03,8.799999999999999489e-02,0.000000000000000000e+00,5.782698232029308549e-01
8.000000000000000167e-03,8.899999999999999578e-02,0.000000000000000000e+00,5.658233406863024673e-01
8.000000000000000167e-03,8.999999999999999667e-02,0.000000000000000000e+00,5.102578785820546248e-01
8.000000000000000167e-03,9.099999999999999756e-02,0.000000000000000000e+00,5.989217145963142697e-01
8.000000000000000167e-03,9.199999999999999845e-02,0.000000000000000000e+00,5.563570509821802457e-01
8.000000000000000167e-03,9.299999999999999933e-02,0.000000000000000000e+00,4.842014957269227260e-01
8.000000000000000167e-03,9.400000000000000022e-02,0.000000000000000000e+00,4.886944902591189299e-01
8.000000000000000167e-03,9.500000000000000111e-02,0.000000000000000000e+00,4.713676047010386672e-01
8.000000000000000167e-03,9.600000000000000200e-02,0.000000000000000000e+00,5.149513494650161949e-01
8.000000000000000167e-03,9.700000000000000289e-02,0.000000000000000000e+00,5.256739966874202086e-01
8.000000000000000167e-03,9.800000000000000377e-02,0.000000000000000000e+00,5.210315914343462973e-01
8.000000000000000167e-03,9.900000000000000466e-02,0.000000000000000000e+00,5.415811444467303337e-01
8.000000000000000167e-03,1.000000000000000056e-01,0.000000000000000000e+00,4.976156958874223268e-01
1.000000000000000021e-02,0.000000000000000000e+00,0.000000000000000000e+00,4.513060823677688682e-01
1.000000000000000021e-02,1.000000000000000021e-03,0.000000000000000000e+00,4.999968489078435163e-01
1.000000000000000021e-02,2.000000000000000042e-03,0.000000000000000000e+00,5.380336232018929632e-01
1.000000000000000021e-02,3.000000000000000062e-03,0.000000000000000000e+00,5.237139966883705977e-01
1.000000000000000021e-02,4.000000000000000083e-03,0.000000000000000000e+00,5.051156621583956507e-01
1.000000000000000021e-02,5.000000000000000104e-03,0.000000000000000000e+00,5.453105207729163073e-01
1.000000000000000021e-02,6.000000000000000125e-03,0.000000000000000000e+00,6.240628588734432602e-01
1.000000000000000021e-02,7.000000000000000146e-03,0.000000000000000000e+00,5.252672879440664078e-01
1.000000000000000021e-02,8.000000000000000167e-03,0.000000000000000000e+00,5.525077999003715767e-01
1.000000000000000021e-02,9.000000000000001055e-03,0.000000000000000000e+00,4.783828919428853577e-01
1.000000000000000021e-02,1.000000000000000021e-02,0.000000000000000000e+00,5.066473110497491383e-01
1.000000000000000021e-02,1.099999999999999936e-02,0.000000000000000000e+00,5.554403161424827928e-01
1.000000000000000021e-02,1.200000000000000025e-02,0.000000000000000000e+00,4.824245486338731848e-01
1.000000000000000021e-02,1.300000000000000114e-02,0.000000000000000000e+00,4.060737446260533345e-01
1.000000000000000021e-02,1.400000000000000029e-02,0.000000000000000000e+00,4.538805609279659148e-01
1.000000000000000021e-02,1.499999999999999944e-02,0.000000000000000000e+00,4.897796069882363601e-01
1.000000000000000021e-02,1.600000000000000033e-02,0.000000000000000000e+00,4.665798074583220600e-01
1.000000000000000021e-02,1.700000000000000122e-02,0.000000000000000000e+00,4.730771567051639259e-01
1.000000000000000021e-02,1.800000000000000211e-02,0.000000000000000000e+00,5.339841538762906126e-01
1.000000000000000021e-02,1.899999999999999953e-02,0.000000000000000000e+00,5.569038769692091773e-01
1.000000000000000021e-02,2.000000000000000042e-02,0.000000000000000000e+00,5.200913364505053149e-01
1.000000000000000021e-02,2.100000000000000130e-02,0.000000000000000000e+00,5.765256256561488435e-01
1.000000000000000021e-02,2.199999999999999872e-02,0.000000000000000000e+00,4.870281961909316837e-01
1.000000000000000021e-02,2.299999999999999961e-02,0.000000000000000000e+00,5.747407960163677387e-01
1.000000000000000021e-02,2.400000000000000050e-02,0.000000000000000000e+00,5.731157565767481810e-01
1.000000000000000021e-02,2.500000000000000139e-02,0.000000000000000000e+00,5.083721102461777885e-01
1.000000000000000021e-02,2.600000000000000228e-02,0.000000000000000000e+00,4.423800889557589766e-01
1.000000000000000021e-02,2.699999999999999969e-02,0.000000000000000000e+00,4.454619023730962968e-01
1.000000000000000021e-02,2.800000000000000058e-02,0.000000000000000000e+00,4.785698931671539258e-01
1.000000000000000021e-02,2.900000000000000147e-02,0.000000000000000000e+00,4.498617812683176065e-01
1.000000000000000021e-02,2.999999999999999889e-02,0.000000000000000000e+00,4.731143874330005494e-01
1.000000000000000021e-02,3.099999999999999978e-02,0.000000000000000000e+00,4.980904765815461488e-01
1.000000000000000021e-02,3.200000000000000067e-02,0.000000000000000000e+00,4.742394142226271647e-01
1.000000000000000021e-02,3.300000000000000155e-02,0.000000000000000000e+00,5.453585128726499143e-01
1.000000000000000021e-02,3.400000000000000244e-02,0.000000000000000000e+00,6.240122621503354505e-01
1.000000000000000021e-02,3.500000000000000333e-02,0.000000000000000000e+00,5.148319073625637898e-01
1.000000000000000021e-02,3.600000000000000422e-02,0.000000000000000000e+00,6.193876845265487985e-01
1.000000000000000021e-02,3.699999999999999817e-02,0.000000000000000000e+00,5.563196605187388233e-01
1.000000000000000021e-02,3.799999999999999906e-02,0.000000000000000000e+00,5.762562080479940452e-01
1.000000000000000021e-02,3.899999999999999994e-02,0.000000000000000000e+00,5.310217274500298457e-01
1.000000000000000021e-02,4.000000000000000083e-02,0.000000000000000000e+00,4.748895237613068865e-01
1.000000000000000021e-02,4.100000000000000172e-02,0.000000000000000000e+00,5.197122489050758354e-01
1.000000000000000021e-02,4.200000000000000261e-02,0.000000000000000000e+00,4.543007280109797041e-01
1.000000000000000021e-02,4.300000000000000350e-02,0.000000000000000000e+00,4.806773701622402140e-01
1.000000000000000021e-02,4.399999999999999745e-02,0.000000000000000000e+00,4.592858054336797502e-01
1.000000000000000021e-02,4.499999999999999833e-02,0.000000000000000000e+00,4.732551674836812383e-01
1.000000000000000021e-02,4.599999999999999922e-02,0.000000000000000000e+00,5.003882552587646249e-01
1.000000000000000021e-02,4.700000000000000011e-02,0.000000000000000000e+00,5.821575250703041604e-01
1.000000000000000021e-02,4.800000000000000100e-02,0.000000000000000000e+00,4.470662710035376852e-01
1.000000000000000021e-02,4.900000000000000189e-02,0.000000000000000000e+00,5.281367538812060669e-01
1.000000000000000021e-02,5.000000000000000278e-02,0.000000000000000000e+00,5.232125459113884380e-01
1.000000000000000021e-02,5.100000000000000366e-02,0.000000000000000000e+00,5.773877890496660337e-01
1.000000000000000021e-02,5.200000000000000455e-02,0.000000000000000000e+00,5.737603703150540024e-01
1.000000000000000021e-02,5.299999999999999850e-02,0.000000000000000000e+00,5.077165951797535381e-01
1.000000000000000021e-02,5.399999999999999939e-02,0.000000000000000000e+00,5.454962458189316354e-01
1.000000000000000021e-02,5.500000000000000028e-02,0.000000000000000000e+00,4.894800199418532505e-01
1.000000000000000021e-02,5.600000000000000117e-02,0.000000000000000000e+00,5.333735051529480131e-01
1.000000000000000021e-02,5.700000000000000205e-02,0.000000000000000000e+00,5.192768685232765913e-01
1.000000000000000021e-02,5.800000000000000294e-02,0.000000000000000000e+00,5.672755381856703361e-01
1.000000000000000021e-02,5.900000000000000383e-02,0.000000000000000000e+00,4.968012348990420435e-01
1.000000000000000021e-02,5.999999999999999778e-02,0.000000000000000000e+00,5.707563135275118826e-01
1.000000000000000021e-02,6.099999999999999867e-02,0.000000000000000000e+00,4.606419112107034697e-01
1.000000000000000021e-02,6.199999999999999956e-02,0.000000000000000000e+00,5.197268745982223104e-01
1.000000000000000021e-02,6.300000000000000044e-02,0.000000000000000000e+00,5.898990610626008158e-01
1.000000000000000021e-02,6.400000000000000133e-02,0.000000000000000000e+00,5.625944431535103707e-01
1.000000000000000021e-02,6.500000000000000222e-02,0.000000000000000000e+00,6.049589122842915501e-01
1.000000000000000021e-02,6.600000000000000311e-02,0.000000000000000000e+00,5.117449753824721004e-01
1.000000000000000021e-02,6.700000000000000400e-02,0.000000000000000000e+00,4.855525595861540644e-01
1.000000000000000021e-02,6.800000000000000488e-02,0.000000000000000000e+00,4.573281058478837480e-01
1.000000000000000021e-02,6.900000000000000577e-02,0.000000000000000000e+00,4.821421291197793280e-01
1.000000000000000021e-02,7.000000000000000666e-02,0.000000000000000000e+00,4.875907109867952949e-01
1.000000000000000021e-02,7.100000000000000755e-02,0.000000000000000000e+00,5.303285694011652396e-01
1.000000000000000021e-02,7.200000000000000844e-02,0.000000000000000000e+00,4.681929439673853666e-01
1.000000000000000021e-02,7.299999999999999545e-02,0.000000000000000000e+00,5.294584496152294761e-01
1.000000000000000021e-02,7.399999999999999634e-02,0.000000000000000000e+00,4.768402996562142726e-01
1.000000000000000021e-02,7.499999999999999722e-02,0.000000000000000000e+00,5.516358548028741371e-01
1.000000000000000021e-02,7.599999999999999811e-02,0.000000000000000000e+00,6.347515030276366099e-01
1.000000000000000021e-02,7.699999999999999900e-02,0.000000000000000000e+00,5.685310048349585532e-01
1.000000000000000021e-02,7.799999999999999989e-02,0.000000000000000000e+00,6.707032481594311646e-01
1.000000000000000021e-02,7.900000000000000078e-02,0.000000000000000000e+00,5.362627704367604053e-01
1.000000000000000021e-02,8.000000000000000167e-02,0.000000000000000000e+00,5.015852348005123140e-01
1.000000000000000021e-02,8.100000000000000255e-02,0.000000000000000000e+00,4.810243674350479504e-01
1.000000000000000021e-02,8.200000000000000344e-02,0.000000000000000000e+00,4.959238632750955778e-01
1.000000000000000021e-02,8.300000000000000433e-02,0.000000000000000000e+00,5.211497868706106429e-01
1.000000000000000021e-02,8.400000000000000522e-02,0.000000000000000000e+00,5.595116910201853866e-01
1.000000000000000021e-02,8.500000000000000611e-02,0.000000000000000000e+00,5.445084421712680367e-01
1.000000000000000021e-02,8.600000000000000699e-02,0.000000000000000000e+00,5.467467595505841604e-01
1.000000000000000021e-02,8.700000000000000788e-02,0.000000000000000000e+00,4.860326823541844532e-01
1.000000000000000021e-02,8.799999999999999489e-02,0.000000000000000000e+00,5.447300754073565177e-01
1.000000000000000021e-02,8.899999999999999578e-02,0.000000000000000000e+00,5.743084875175084036e-01
1.000000000000000021e-02,8.999999999999999667e-02,0.000000000000000000e+00,5.157136193726499229e-01
1.000000000000000021e-02,9.099999999999999756e-02,0.000000000000000000e+00,5.915276471161838856e-01
1.000000000000000021e-02,9.199999999999999845e-02,0.000000000000000000e+00,4.514443518342194928e-01
1.000000000000000021e-02,9.299999999999999933e-02,0.000000000000000000e+00,4.459736740785650855e-01
1.000000000000000021e-02,9.400000000000000022e-02,0.000000000000000000e+00,4.252759325344468988e-01
1.000000000000000021e-02,9.500000000000000111e-02,0.000000000000000000e+00,4.532638778379366462e-01
1.000000000000000021e-02,9.600000000000000200e-02,0.000000000000000000e+00,4.929109485341910402e-01
1.000000000000000021e-02,9.700000000000000289e-02,0.000000000000000000e+00,5.310454675710991612e-01
1.000000000000000021e-02,9.800000000000000377e-02,0.000000000000000000e+00,5.428758928770710535e-01
1.000000000000000021e-02,9.900000000000000466e-02,0.000000000000000000e+00,5.274589712707478117e-01
1.000000000000000021e-02,1.000000000000000056e-01,0.000000000000000000e+00,4.851408441310847697e-01
1.200000000000000025e-02,0.000000000000000000e+00,0.000000000000000000e+00,4.650982229504609933e-01
1.200000000000000025e-02,1.000000000000000021e-03,0.000000000000000000e+00,5.215602782949719796e-01
1.200000000000000025e-02,2.000000000000000042e-03,0.000000000000000000e+00,5.107315265261463955e-01
1.200000000000000025e-02,3.000000000000000062e-03,0.000000000000000000e+00,4.857393844358912638e-01
1.200000000000000025e-02,4.000000000000000083e-03,0.000000000000000000e+00,4.471828729308192640e-01
1.200000000000000025e-02,5.000000000000000104e-03,0.000000000000000000e+00,4.877929012981991885e-01
1.200000000000000025e-02,6.000000000000000125e-03,0.000000000000000000e+00,6.091530362112912433e-01
1.200000000000000025e-02,7.000000000000000146e-03,0.000000000000000000e+00,5.085597782432997871e-01
1.200000000000000025e-02,8.000000000000000167e-03,0.000000000000000000e+00,5.094906262041873912e-01
1.200000000000000025e-02,9.000000000000001055e-03,0.000000000000000000e+00,4.362799905081403140e-01
1.200000000000000025e-02,1.000000000000000021e-02,0.000000000000000000e+00,4.082687002317144098e-01
1.200000000000000025e-02,1.099999999999999936e-02,0.000000000000000000e+00,4.926456832429196298e-01
1.200000000000000025e-02,1.200000000000000025e-02,0.000000000000000000e+00,4.598627708748662668e-01
1.200000000000000025e-02,1.300000000000000114e-02,0.000000000000000000e+00,4.122569285212627221e-01
1.200000000000000025e-02,1.400000000000000029e-02,0.000000000000000000e+00,4.841739923159630865e-01
1.200000000000000025e-02,1.499999999999999944e-02,0.000000000000000000e+00,4.805961673391473954e-01
1.200000000000000025e-02,1.600000000000000033e-02,0.000000000000000000e+00,4.695606326523464880e-01
1.200000000000000025e-02,1.700000000000000122e-02,0.000000000000000000e+00,4.826403038868357087e-01
1.200000000000000025e-02,1.800000000000000211e-02,0.000000000000000000e+00,5.651679483352892719e-01
1.200000000000000025e-02,1.899999999999999953e-02,0.000000000000000000e+00,6.264623295758308119e-01
1.200000000000000025e-02,2.000000000000000042e-02,0.000000000000000000e+00,5.552077826083383627e-01
1.200000000000000025e-02,2.100000000000000130e-02,0.000000000000000000e+00,5.594270745518964416e-01
1.200000000000000025e-02,2.199999999999999872e-02,0.000000000000000000e+00,4.565713734676954960e-01
1.200000000000000025e-02,2.299999999999999961e-02,0.000000000000000000e+00,4.631158029351528649e-01
1.200000000000000025e-02,2.400000000000000050e-02,0.000000000000000000e+00,4.976218957837015289e-01
1.200000000000000025e-02,2.500000000000000139e-02,0.000000000000000000e+00,4.536970586605519329e-01
1.200000000000000025e-02,2.600000000000000228e-02,0.000000000000000000e+00,4.043624238031895413e-01
1.200000000000000025e-02,2.699999999999999969e-02,0.000000000000000000e+00,4.502776218377131379e-01
1.200000000000000025e-02,2.800000000000000058e-02,0.000000000000000000e+00,4.647706302047089344e-01
1.200000000000000025e-02,2.900000000000000147e-02,0.000000000000000000e+00,4.684440004245590816e-01
1.200000000000000025e-02,2.999999999999999889e-02,0.000000000000000000e+00,5.094113344253721198e-01
1.200000000000000025e-02,3.099999999999999978e-02,0.000000000000000000e+00,5.556679728520291794e-01
1.200000000000000025e-02,3.200000000000000067e-02,0.000000000000000000e+00,5.497683175158845081e-01
1.200000000000000025e-02,3.300000000000000155e-02,0.000000000000000000e+00,5.654405473465011767e-01
1.200000000000000025e-02,3.400000000000000244e-02,0.000000000000000000e+00,6.065804681301332213e-01
1.200000000000000025e-02,3.500000000000000333e-02,0.000000000000000000e+00,4.816343495012395670e-01
1.200000000000000025e-02,3.600000000000000422e-02,0.000000000000000000e+00,5.519658104475990701e-01
1.200000000000000025e-02,3.699999999999999817e-02,0.000000000000000000e+00,5.032525608409205153e-01
1.200000000000000025e-02,3.799999999999999906e-02,0.000000000000000000e+00,5.297808073648184735e-01
1.200000000000000025e-02,3.899999999999999994e-02,0.000000000000000000e+00,4.909604041297517263e-01
1.200000000000000025e-02,4.000000000000000083e-02,0.000000000000000000e+00,5.197901656450937269e-01
1.200000000000000025e-02,4.100000000000000172e-02,0.000000000000000000e+00,5.500896215237682796e-01
1.200000000000000025e-02,4.200000000000000261e-02,0.000000000000000000e+00,5.250546866580924066e-01
1.200000000000000025e-02,4.300000000000000350e-02,0.000000000000000000e+00,5.282784426722695326e-01
1.200000000000000025e-02,4.399999999999999745e-02,0.000000000000000000e+00,5.126066686931627370e-01
1.200000000000000025e-02,4.499999999999999833e-02,0.000000000000000000e+00,5.372556675782059754e-01
1.200000000000000025e-02,4.599999999999999922e-02,0.000000000000000000e+00,5.025816823917990117e-01
1.200000000000000025e-02,4.700000000000000011e-02,0.000000000000000000e+00,5.579742468875091843e-01
1.200000000000000025e-02,4.800000000000000100e-02,0.000000000000000000e+00,4.001234626342922707e-01
1.200000000000000025e-02,4.900000000000000189e-02,0.000000000000000000e+00,4.973734303807980095e-01
1.200000000000000025e-02,5.000000000000000278e-02,0.000000000000000000e+00,4.820552723901730952e-01
1.200000000000000025e-02,5.100000000000000366e-02,0.000000000000000000e+00,5.481992690336735530e-01
1.200000000000000025e-02,5.200000000000000455e-02,0.000000000000000000e+00,5.256108635269467477e-01
1.200000000000000025e-02,5.299999999999999850e-02,0.000000000000000000e+00,5.640138625663051464e-01
1.200000000000000025e-02,5.399999999999999939e-02,0.000000000000000000e+00,5.846171443600064466e-01
1.200000000000000025e-02,5.500000000000000028e-02,0.000000000000000000e+00,5.544852089626807201e-01
1.200000000000000025e-02,5.600000000000000117e-02,0.000000000000000000e+00,5.324972589048573290e-01
1.200000000000000025e-02,5.700000000000000205e-02,0.000000000000000000e+00,5.325624579520201740e-01
1.200000000000000025e-02,5.800000000000000294e-02,0.000000000000000000e+00,6.074164074481005482e-01
1.200000000000000025e-02,5.900000000000000383e-02,0.000000000000000000e+00,4.872624948671357425e-01
1.200000000000000025e-02,5.999999999999999778e-02,0.000000000000000000e+00,5.498958658184798232e-01
1.200000000000000025e-02,6.099999999999999867e-02,0.000000000000000000e+00,4.292387477596413259e-01
1.200000000000000025e-02,6.199999999999999956e-02,0.000000000000000000e+00,5.176860692520388607e-01
1.200000000000000025e-02,6.300000000000000044e-02,0.000000000000000000e+00,5.873670365087116929e-01
1.200000000000000025e-02,6.400000000000000133e-02,0.000000000000000000e+00,5.839895230939491366e-01
1.200000000000000025e-02,6.500000000000000222e-02,0.000000000000000000e+00,5.801382329272040117e-01
1.200000000000000025e-02,6.600000000000000311e-02,0.000000000000000000e+00,5.637423483027825810e-01
1.200000000000000025e-02,6.700000000000000400e-02,0.000000000000000000e+00,5.462613551188599814e-01
1.200000000000000025e-02,6.800000000000000488e-02,0.000000000000000000e+00,4.865968523442782967e-01
1.200000000000000025e-02,6.900000000000000577e-02,0.000000000000000000e+00,4.591248782312070675e-01
1.200000000000000025e-02,7.000000000000000666e-02,0.000000000000000000e+00,4.858128435770240339e-01
1.200000000000000025e-02,7.100000000000000755e-02,0.000000000000000000e+00,5.589890598245497166e-01
1.200000000000000025e-02,7.200000000000000844e-02,0.000000000000000000e+00,4.610692184125123050e-01
1.200000000000000025e-02,7.299999999999999545e-02,0.000000000000000000e+00,5.302163869677334329e-01
1.200000000000000025e-02,7.399999999999999634e-02,0.000000000000000000e+00,4.742809814911996824e-01
1.200000000000000025e-02,7.499999999999999722e-02,0.000000000000000000e+00,5.344522264655249266e-01
1.200000000000000025e-02,7.599999999999999811e-02,0.000000000000000000e+00,6.448380842496330700e-01
1.200000000000000025e-02,7.699999999999999900e-02,0.000000000000000000e+00,5.937004827189049649e-01
1.200000000000000025e-02,7.799999999999999989e-02,0.000000000000000000e+00,6.450082904043556997e-01
1.200000000000000025e-02,7.900000000000000078e-02,0.000000000000000000e+00,5.326700887318408517e-01
1.200000000000000025e-02,8.000000000000000167e-02,0.000000000000000000e+00,5.493592707856376212e-01
1.200000000000000025e-02,8.100000000000000255e-02,0.000000000000000000e+00,4.379925535915857315e-01
1.200000000000000025e-02,8.200000000000000344e-02,0.000000000000000000e+00,4.716109405087065554e-01
1.200000000000000025e-02,8.300000000000000433e-02,0.000000000000000000e+00,5.082139996764691858e-01
1.200000000000000025e-02,8.400000000000000522e-02,0.000000000000000000e+00,5.696520711789962998e-01
1.200000000000000025e-02,8.500000000000000611e-02,0.000000000000000000e+00,5.405581024764720688e-01
1.200000000000000025e-02,8.600000000000000699e-02,0.000000000000000000e+00,5.667278907284607481e-01
1.200000000000000025e-02,8.700000000000000788e-02,0.000000000000000000e+00,4.892797161880342305e-01
1.200000000000000025e-02,8.799999999999999489e-02,0.000000000000000000e+00,4.952566723903442103e-01
1.200000000000000025e-02,8.899999999999999578e-02,0.000000000000000000e+00,5.579232175628935364e-01
1.200000000000000025e-02,8.999999999999999667e-02,0.000000000000000000e+00,4.944531488076989167e-01
1.200000000000000025e-02,9.099999999999999756e-02,0.000000000000000000e+00,5.398698517278225362e-01
1.200000000000000025e-02,9.199999999999999845e-02,0.000000000000000000e+00,3.977224966801843897e-01
1.200000000000000025e-02,9.299999999999999933e-02,0.000000000000000000e+00,4.507658874080850420e-01
1.200000000000000025e-02,9.400000000000000022e-02,0.000000000000000000e+00,3.576972864925762052e-01
1.200000000000000025e-02,9.500000000000000111e-02,0.000000000000000000e+00,4.467516898148270466e-01
1.200000000000000025e-02,9.600000000000000200e-02,0.000000000000000000e+00,4.931962944041116126e-01
1.200000000000000025e-02,9.700000000000000289e-02,0.000000000000000000e+00,5.536361011132153731e-01
1.200000000000000025e-02,9.800000000000000377e-02,0.000000000000000000e+00,5.757341061465803822e-01
1.200000000000000025e-02,9.900000000000000466e-02,0.000000000000000000e+00,5.847828705134490157e-01
1.200000000000000025e-02,1.000000000000000056e-01,0.000000000000000000e+00,5.239301003353304953e-01
1.400000000000000029e-02,0.000000000000000000e+00,0.000000000000000000e+00,5.600162383131654931e-01
1.400000000000000029e-02,1.000000000000000021e-03,0.000000000000000000e+00,5.666030955444045780e-01
1.400000000000000029e-02,2.000000000000000042e-03,0.000000000000000000e+00,5.287697898163359334e-01
1.400000000000000029e-02,3.000000000000000062e-03,0.000000000000000000e+00,5.503855565131008376e-01
1.400000000000000029e-02,4.000000000000000083e-03,0.000000000000000000e+00,5.601368186238142588e-01
1.400000000000000029e-02,5.000000000000000104e-03,0.000000000000000000e+00,5.038578978937831021e-01
1.400000000000000029e-02,6.000000000000000125e-03,0.000000000000000000e+00,6.229879737407961748e-01
1.400000000000000029e-02,7.000000000000000146e-03,0.000000000000000000e+00,5.076152140911615041e-01
1.400000000000000029e-02,8.000000000000000167e-03,0.000000000000000000e+00,5.231191361797888906e-01
1.400000000000000029e-02,9.000000000000001055e-03,0.000000000000000000e+00,4.771227804111593529e-01
1.400000000000000029e-02,1.000000000000000021e-02,0.000000000000000000e+00,3.936835602830486280e-01
1.400000000000000029e-02,1.099999999999999936e-02,0.000000000000000000e+00,4.360517385383557154e-01
1.400000000000000029e-02,1.200000000000000025e-02,0.000000000000000000e+00,4.823721186317831977e-01
1.400000000000000029e-02,1.300000000000000114e-02,0.000000000000000000e+00,5.248747227997048181e-01
1.400000000000000029e-02,1.400000000000000029e-02,0.000000000000000000e+00,5.112807876630075521e-01
1.400000000000000029e-02,1.499999999999999944e-02,0.000000000000000000e+00,4.713433896864059336e-01
1.400000000000000029e-02,1.600000000000000033e-02,0.000000000000000000e+00,5.120713520493331838e-01
1.400000000000000029e-02,1.700000000000000122e-02,0.000000000000000000e+00,5.780435366246485795e-01
1.400000000000000029e-02,1.800000000000000211e-02,0.000000000000000000e+00,5.474551245816701162e-01
1.400000000000000029e-02,1.899999999999999953e-02,0.000000000000000000e+00,5.764387608144390107e-01
1.400000000000000029e-02,2.000000000000000042e-02,0.000000000000000000e+00,4.945668781375169853e-01
1.400000000000000029e-02,2.100000000000000130e-02,0.000000000000000000e+00,5.305901148014721125e-01
1.400000000000000029e-02,2.199999999999999872e-02,0.000000000000000000e+00,5.070584661956520911e-01
1.400000000000000029e-02,2.299999999999999961e-02,0.000000000000000000e+00,4.300992093236942204e-01
1.400000000000000029e-02,2.400000000000000050e-02,0.000000000000000000e+00,4.384665965007380484e-01
1.400000000000000029e-02,2.500000000000000139e-02,0.000000000000000000e+00,5.108603742299238082e-01
1.400000000000000029e-02,2.600000000000000228e-02,0.000000000000000000e+00,5.375571139549154553e-01
1.400000000000000029e-02,2.699999999999999969e-02,0.000000000000000000e+00,5.252199580808808443e-01
1.400000000000000029e-02,2.800000000000000058e-02,0.000000000000000000e+00,5.076124886238497780e-01
1.400000000000000029e-02,2.900000000000000147e-02,0.000000000000000000e+00,5.257345714497611011e-01
1.400000000000000029e-02,2.999999999999999889e-02,0.000000000000000000e+00,6.283431690875469489e-01
1.400000000000000029e-02,3.099999999999999978e-02,0.000000000000000000e+00,5.792608227452211711e-01
1.400000000000000029e-02,3.200000000000000067e-02,0.000000000000000000e+00,4.752465854403941647e-01
1.400000000000000029e-02,3.300000000000000155e-02,0.000000000000000000e+00,4.846562017436794600e-01
1.400000000000000029e-02,3.400000000000000244e-02,0.000000000000000000e+00,5.460287547414514053e-01
1.400000000000000029e-02,3.500000000000000333e-02,0.000000000000000000e+00,5.140548951538397304e-01
1.400000000000000029e-02,3.600000000000000422e-02,0.000000000000000000e+00,4.754049231367700190e-01
1.400000000000000029e-02,3.699999999999999817e-02,0.000000000000000000e+00,3.834182772881442602e-01
1.400000000000000029e-02,3.799999999999999906e-02,0.000000000000000000e+00,4.930250816211314557e-01
1.400000000000000029e-02,3.899999999999999994e-02,0.000000000000000000e+00,5.206953563789373796e-01
1.400000000000000029e-02,4.000000000000000083e-02,0.000000000000000000e+00,5.269197999588649539e-01
1.400000000000000029e-02,4.100000000000000172e-02,0.000000000000000000e+00,5.242048010507087685e-01
1.400000000000000029e-02,4.200000000000000261e-02,0.000000000000000000e+00,4.901071785420703097e-01
1.400000000000000029e-02,4.300000000000000350e-02,0.000000000000000000e+00,6.133703461984965077e-01
1.400000000000000029e-02,4.399999999999999745e-02,0.000000000000000000e+00,5.232071916840175252e-01
1.400000000000000029e-02,4.499999999999999833e-02,0.000000000000000000e+00,4.795294332722650488e-01
1.400000000000000029e-02,4.599999999999999922e-02,0.000000000000000000e+00,4.709843166694396843e-01
1.400000000000000029e-02,4.700000000000000011e-02,0.000000000000000000e+00,5.586354825413586411e-01
1.400000000000000029e-02,4.800000000000000100e-02,0.000000000000000000e+00,4.891315016061142384e-01
1.400000000000000029e-02,4.900000000000000189e-02,0.000000000000000000e+00,4.954893157476666365e-01
1.400000000000000029e-02,5.000000000000000278e-02,0.000000000000000000e+00,3.922662816229566252e-01
1.400000000000000029e-02,5.100000000000000366e-02,0.000000000000000000e+00,5.260797496588163202e-01
1.400000000000000029e-02,5.200000000000000455e-02,0.000000000000000000e+00,5.400437668729499707e-01
1.400000000000000029e-02,5.299999999999999850e-02,0.000000000000000000e+00,5.481207272853483303e-01
1.400000000000000029e-02,5.399999999999999939e-02,0.000000000000000000e+00,5.122547450938471636e-01
1.400000000000000029e-02,5.500000000000000028e-02,0.000000000000000000e+00,4.540594928607343816e-01
1.400000000000000029e-02,5.600000000000000117e-02,0.000000000000000000e+00,5.547144199028153366e-01
1.400000000000000029e-02,5.700000000000000205e-02,0.000000000000000000e+00,4.638840774982659343e-01
1.400000000000000029e-02,5.800000000000000294e-02,0.000000000000000000e+00,5.375461688804064053e-01
1.400000000000000029e-02,5.900000000000000383e-02,0.000000000000000000e+00,4.284071844202862467e-01
1.400000000000000029e-02,5.999999999999999778e-02,0.000000000000000000e+00,5.268498875413640814e-01
1.400000000000000029e-02,6.099999999999999867e-02,0.000000000000000000e+00,4.825394663218979807e-01
1.400000000000000029e-02,6.199999999999999956e-02,0.000000000000000000e+00,5.334477425027042141e-01
1.400000000000000029e-02,6.300000000000000044e-02,0.000000000000000000e+00,5.092360562274265146e-01
1.400000000000000029e-02,6.400000000000000133e-02,0.000000000000000000e+00,6.296112613915511025e-01
1.400000000000000029e-02,6.500000000000000222e-02,0.000000000000000000e+00,6.097980514261945872e-01
1.400000000000000029e-02,6.600000000000000311e-02,0.000000000000000000e+00,5.927264730236609935e-01
1.400000000000000029e-02,6.700000000000000400e-02,0.000000000000000000e+00,5.316353495107969396e-01
1.400000000000000029e-02,6.800000000000000488e-02,0.000000000000000000e+00,4.617840986683091065e-01
1.400000000000000029e-02,6.900000000000000577e-02,0.000000000000000000e+00,4.984100177227757111e-01
1.400000000000000029e-02,7.000000000000000666e-02,0.000000000000000000e+00,4.478252394944619574e-01
1.400000000000000029e-02,7.100000000000000755e-02,0.000000000000000000e+00,5.302843936619761056e-01
1.400000000000000029e-02,7.200000000000000844e-02,0.000000000000000000e+00,3.919563892234653735e-01
1.400000000000000029e-02,7.299999999999999545e-02,0.000000000000000000e+00,4.836008953133963950e-01
1.400000000000000029e-02,7.399999999999999634e-02,0.000000000000000000e+00,4.894283410935638123e-01
1.400000000000000029e-02,7.499999999999999722e-02,0.000000000000000000e+00,5.361294831024181473e-01
1.400000000000000029e-02,7.599999999999999811e-02,0.000000000000000000e+00,5.671514934519183981e-01
1.400000000000000029e-02,7.699999999999999900e-02,0.000000000000000000e+00,6.569080358197674219e-01
1.400000000000000029e-02,7.799999999999999989e-02,0.000000000000000000e+00,6.140635767905491260e-01
1.400000000000000029e-02,7.900000000000000078e-02,0.000000000000000000e+00,5.520888436813877753e-01
1.400000000000000029e-02,8.000000000000000167e-02,0.000000000000000000e+00,5.366426715648924262e-01
1.400000000000000029e-02,8.100000000000000255e-02,0.000000000000000000e+00,4.288904556946076529e-01
1.400000000000000029e-02,8.200000000000000344e-02,0.000000000000000000e+00,4.571062737017453359e-01
1.400000000000000029e-02,8.300000000000000433e-02,0.000000000000000000e+00,4.685953096563848508e-01
1.400000000000000029e-02,8.400000000000000522e-02,0.000000000000000000e+00,5.102416170573631504e-01
1.400000000000000029e-02,8.500000000000000611e-02,0.000000000000000000e+00,4.447060550309074878e-01
1.400000000000000029e-02,8.600000000000000699e-02,0.000000000000000000e+00,5.174932126383063880e-01
1.400000000000000029e-02,8.700000000000000788e-02,0.000000000000000000e+00,5.201033437416873184e-01
1.400000000000000029e-02,8.799999999999999489e-02,0.000000000000000000e+00,5.269610951124906739e-01
1.400000000000000029e-02,8.899999999999999578e-02,0.000000000000000000e+00,5.574531483499107765e-01
1.400000000000000029e-02,8.999999999999999667e-02,0.000000000000000000e+00,5.997359064476319723e-01
1.400000000000000029e-02,9.099999999999999756e-02,0.000000000000000000e+00,5.530251820667129170e-01
1.400000000000000029e-02,9.199999999999999845e-02,0.000000000000000000e+00,4.782887370632443735e-01
1.400000000000000029e-02,9.299999999999999933e-02,0.000000000000000000e+00,5.049708130094766600e-01
1.400000000000000029e-02,9.400000000000000022e-02,0.000000000000000000e+00,4.019073210175074240e-01
1.400000000000000029e-02,9.500000000000000111e-02,0.000000000000000000e+00,4.539166276531215738e-01
1.400000000000000029e-02,9.600000000000000200e-02,0.000000000000000000e+00,4.910150763451021083e-01
1.400000000000000029e-02,9.700000000000000289e-02,0.000000000000000000e+00,5.039296666942311154e-01
1.400000000000000029e-02,9.800000000000000377e-02,0.000000000000000000e+00,5.087900359435358899e-01
1.400000000000000029e-02,9.900000000000000466e-02,0.000000000000000000e+00,5.476229920265709428e-01
1.400000000000000029e-02,1.000000000000000056e-01,0.000000000000000000e+00,5.366866823321835289e-01
1.600000000000000033e-02,0.000000000000000000e+00,0.000000000000000000e+00,5.181320851723582033e-01
1.600000000000000033e-02,1.000000000000000021e-03,0.000000000000000000e+00,4.808943212827617164e-01
1.600000000000000033e-02,2.000000000000000042e-03,0.000000000000000000e+00,4.582836053296157064e-01
1.600000000000000033e-02,3.000000000000000062e-03,0.000000000000000000e+00,4.998991831298646993e-01
1.600000000000000033e-02,4.000000000000000083e-03,0.000000000000000000e+00,5.374943721468308233e-01
1.600000000000000033e-02,5.000000000000000104e-03,0.000000000000000000e+00,4.887226706781754859e-01
1.600000000000000033e-02,6.000000000000000125e-03,0.000000000000000000e+00,6.268176749489856592e-01
1.600000000000000033e-02,7.000000000000000146e-03,0.000000000000000000e+00,5.642898080023757146e-01
1.600000000000000033e-02,8.000000000000000167e-03,0.000000000000000000e+00,5.924577281248208926e-01
1.600000000000000033e-02,9.000000000000001055e-03,0.000000000000000000e+00,5.016767723991063521e-01
1.600000000000000033e-02,1.000000000000000021e-02,0.000000000000000000e+00,4.535493250724008663e-01
1.600000000000000033e-02,1.099999999999999936e-02,0.000000000000000000e+00,5.027902622545386002e-01
1.600000000000000033e-02,1.200000000000000025e-02,0.000000000000000000e+00,5.128804452219806187e-01
1.600000000000000033e-02,1.300000000000000114e-02,0.000000000000000000e+00,5.127209605684038829e-01
1.600000000000000033e-02,1.400000000000000029e-02,0.000000000000000000e+00,4.409594504327291054e-01
1.600000000000000033e-02,1.499999999999999944e-02,0.000000000000000000e+00,4.449944596364857063e-01
1.600000000000000033e-02,1.600000000000000033e-02,0.000000000000000000e+00,4.995399196298249134e-01
1.600000000000000033e-02,1.700000000000000122e-02,0.000000000000000000e+00,5.765424998543592361e-01
1.600000000000000033e-02,1.800000000000000211e-02,0.000000000000000000e+00,5.716008936902314819e-01
1.600000000000000033e-02,1.899999999999999953e-02,0.000000000000000000e+00,6.215175403253239139e-01
1.600000000000000033e-02,2.000000000000000042e-02,0.000000000000000000e+00,5.945154784963662120e-01
1.600000000000000033e-02,2.100000000000000130e-02,0.000000000000000000e+00,5.916884987840341781e-01
1.600000000000000033e-02,2.199999999999999872e-02,0.000000000000000000e+00,5.108000804912864456e-01
1.600000000000000033e-02,2.299999999999999961e-02,0.000000000000000000e+00,5.007519660702635100e-01
1.600000000000000033e-02,2.400000000000000050e-02,0.000000000000000000e+00,5.225208637514067167e-01
1.600000000000000033e-02,2.500000000000000139e-02,0.000000000000000000e+00,5.391231560245527410e-01
1.600000000000000033e-02,2.600000000000000228e-02,0.000000000000000000e+00,5.138681760873111681e-01
1.600000000000000033e-02,2.699999999999999969e-02,0.000000000000000000e+00,4.403349769410896952e-01
1.600000000000000033e-02,2.800000000000000058e-02,0.000000000000000000e+00,4.921386627093087829e-01
1.600000000000000033e-02,2.900000000000000147e-02,0.000000000000000000e+00,4.958593925292191784e-01
1.600000000000000033e-02,2.999999999999999889e-02,0.000000000000000000e+00,6.051927685908815580e-01
1.600000000000000033e-02,3.099999999999999978e-02,0.000000000000000000e+00,6.138786573172351213e-01
1.600000000000000033e-02,3.200000000000000067e-02,0.000000000000000000e+00,5.363905293615536252e-01
1.600000000000000033e-02,3.300000000000000155e-02,0.000000000000000000e+00,5.817537438358402202e-01
1.600000000000000033e-02,3.400000000000000244e-02,0.000000000000000000e+00,5.809444210487533233e-01
1.600000000000000033e-02,3.500000000000000333e-02,0.000000000000000000e+00,5.532830732231677207e-01
1.600000000000000033e-02,3.600000000000000422e-02,0.000000000000000000e+00,6.161703848823352203e-01
1.600000000000000033e-02,3.699999999999999817e-02,0.000000000000000000e+00,5.341090183708635530e-01
1.600000000000000033e-02,3.799999999999999906e-02,0.000000000000000000e+00,5.705152042067406226e-01
1.600000000000000033e-02,3.899999999999999994e-02,0.000000000000000000e+00,5.523828723138346497e-01
1.600000000000000033e-02,4.000000000000000083e-02,0.000000000000000000e+00,4.722793041527386659e-01
1.600000000000000033e-02,4.100000000000000172e-02,0.000000000000000000e+00,5.251219745298001396e-01
1.600000000000000033e-02,4.200000000000000261e-02,0.000000000000000000e+00,4.168496577591588870e-01
1.600000000000000033e-02,4.300000000000000350e-02,0.000000000000000000e+00,5.406252210978115258e-01
1.600000000000000033e-02,4.399999999999999745e-02,0.000000000000000000e+00,4.692667819342862257e-01
1.600000000000000033e-02,4.499999999999999833e-02,0.000000000000000000e+00,4.321511576145153910e-01
1.600000000000000033e-02,4.599999999999999922e-02,0.000000000000000000e+00,4.271079059704027681e-01
1.600000000000000033e-02,4.700000000000000011e-02,0.000000000000000000e+00,4.703164791679356749e-01
1.600000000000000033e-02,4.800000000000000100e-02,0.000000000000000000e+00,4.683228930949061564e-01
1.600000000000000033e-02,4.900000000000000189e-02,0.000000000000000000e+00,5.912624451611534493e-01
1.600000000000000033e-02,5.000000000000000278e-02,0.000000000000000000e+00,4.788385185397120991e-01
1.600000000000000033e-02,5.100000000000000366e-02,0.000000000000000000e+00,5.633746093727086679e-01
1.600000000000000033e-02,5.200000000000000455e-02,0.000000000000000000e+00,5.996043291124331098e-01
1.600000000000000033e-02,5.299999999999999850e-02,0.000000000000000000e+00,5.479771839509525178e-01
1.600000000000000033e-02,5.399999999999999939e-02,0.000000000000000000e+00,5.732987510096418937e-01
1.600000000000000033e-02,5.500000000000000028e-02,0.000000000000000000e+00,4.637896239324564851e-01
1.600000000000000033e-02,5.600000000000000117e-02,0.000000000000000000e+00,5.747936196884897431e-01
1.600000000000000033e-02,5.700000000000000205e-02,0.000000000000000000e+00,4.770621251625788983e-01
1.600000000000000033e-02,5.800000000000000294e-02,0.000000000000000000e+00,5.588780241095496759e-01
1.600000000000000033e-02,5.900000000000000383e-02,0.000000000000000000e+00,4.366608280804478159e-01
1.600000000000000033e-02,5.999999999999999778e-02,0.000000000000000000e+00,4.960405868077425451e-01
1.600000000000000033e-02,6.099999999999999867e-02,0.000000000000000000e+00,5.024841354617741729e-01
1.600000000000000033e-02,6.199999999999999956e-02,0.000000000000000000e+00,6.268401561922011256e-01
1.600000000000000033e-02,6.300000000000000044e-02,0.000000000000000000e+00,5.217080078174206603e-01
1.600000000000000033e-02,6.400000000000000133e-02,0.000000000000000000e+00,6.116868180285311984e-01
1.600000000000000033e-02,6.500000000000000222e-02,0.000000000000000000e+00,6.101380912208589358e-01
1.600000000000000033e-02,6.600000000000000311e-02,0.000000000000000000e+00,5.831237496560006672e-01
1.600000000000000033e-02,6.700000000000000400e-02,0.000000000000000000e+00,5.359374228140182383e-01
1.600000000000000033e-02,6.800000000000000488e-02,0.000000000000000000e+00,4.924885300007101896e-01
1.600000000000000033e-02,6.900000000000000577e-02,0.000000000000000000e+00,4.891245185445217691e-01
1.600000000000000033e-02,7.000000000000000666e-02,0.000000000000000000e+00,4.713064227296002717e-01
1.600000000000000033e-02,7.100000000000000755e-02,0.000000000000000000e+00,5.616296359695873708e-01
1.600000000000000033e-02,7.200000000000000844e-02,0.000000000000000000e+00,4.213224653037404566e-01
1.600000000000000033e-02,7.299999999999999545e-02,0.000000000000000000e+00,4.742578070581016658e-01
1.600000000000000033e-02,7.399999999999999634e-02,0.000000000000000000e+00,5.108101794006396634e-01
1.600000000000000033e-02,7.499999999999999722e-02,0.000000000000000000e+00,6.242035273604220613e-01
1.600000000000000033e-02,7.599999999999999811e-02,0.000000000000000000e+00,5.451882592857353327e-01
1.600000000000000033e-02,7.699999999999999900e-02,0.000000000000000000e+00,6.582932273604100715e-01
1.600000000000000033e-02,7.799999999999999989e-02,0.000000000000000000e+00,5.938572880256884901e-01
1.600000000000000033e-02,7.900000000000000078e-02,0.000000000000000000e+00,6.137362438334187376e-01
1.600000000000000033e-02,8.000000000000000167e-02,0.000000000000000000e+00,5.475261741652266423e-01
1.600000000000000033e-02,8.100000000000000255e-02,0.000000000000000000e+00,5.354024612268395433e-01
1.600000000000000033e-02,8.200000000000000344e-02,0.000000000000000000e+00,4.372094021449968171e-01
1.600000000000000033e-02,8.300000000000000433e-02,0.000000000000000000e+00,5.275738294555433194e-01
1.600000000000000033e-02,8.400000000000000522e-02,0.000000000000000000e+00,5.250337441459852483e-01
1.600000000000000033e-02,8.500000000000000611e-02,0.000000000000000000e+00,4.434091946298489018e-01
1.600000000000000033e-02,8.600000000000000699e-02,0.000000000000000000e+00,4.514457683146250178e-01
1.600000000000000033e-02,8.700000000000000788e-02,0.000000000000000000e+00,4.613642875406361865e-01
1.600000000000000033e-02,8.799999999999999489e-02,0.000000000000000000e+00,5.162448212370989165e-01
1.600000000000000033e-02,8.899999999999999578e-02,0.000000000000000000e+00,4.670746461430146934e-01
1.600000000000000033e-02,8.999999999999999667e-02,0.000000000000000000e+00,5.672054932066687982e-01
1.600000000000000033e-02,9.099999999999999756e-02,0.000000000000000000e+00,4.995226816784061330e-01
1.600000000000000033e-02,9.199999999999999845e-02,0.000000000000000000e+00,5.508975060719255579e-01
1.600000000000000033e-02,9.299999999999999933e-02,0.000000000000000000e+00,5.326536468555707060e-01
1.600000000000000033e-02,9.400000000000000022e-02,0.000000000000000000e+00,5.353310276513039145e-01
1.600000000000000033e-02,9.500000000000000111e-02,0.000000000000000000e+00,4.859383860294325119e-01
1.600000000000000033e-02,9.600000000000000200e-02,0.000000000000000000e+00,6.099254920372483291e-01
1.600000000000000033e-02,9.700000000000000289e-02,0.000000000000000000e+00,5.742039257049298406e-01
1.600000000000000033e-02,9.800000000000000377e-02,0.000000000000000000e+00,5.639484498142710578e-01
1.600000000000000033e-02,9.900000000000000466e-02,0.000000000000000000e+00,5.474681400322192193e-01
1.600000000000000033e-02,1.000000000000000056e-01,0.000000000000000000e+00,5.301688209088704085e-01
1.800000000000000211e-02,0.000000000000000000e+00,0.000000000000000000e+00,6.139751890379703259e-01
1.800000000000000211e-02,1.000000000000000021e-03,0.000000000000000000e+00,6.273626976589090631e-01
1.800000000000000211e-02,2.000000000000000042e-03,0.000000000000000000e+00,5.912585652174446871e-01
1.800000000000000211e-02,3.000000000000000062e-03,0.000000000000000000e+00,5.650818682435321261e-01
1.800000000000000211e-02,4.000000000000000083e-03,0.000000000000000000e+00,5.570128500637294700e-01
1.800000000000000211e-02,5.000000000000000104e-03,0.000000000000000000e+00,5.520343609470126367e-01
1.800000000000000211e-02,6.000000000000000125e-03,0.000000000000000000e+00,6.270344088011131634e-01
1.800000000000000211e-02,7.000000000000000146e-03,0.000000000000000000e+00,5.046856119520861661e-01
1.800000000000000211e-02,8.000000000000000167e-03,0.000000000000000000e+00,5.440920449615218590e-01
1.800000000000000211e-02,9.000000000000001055e-03,0.000000000000000000e+00,4.852351796833460629e-01
1.800000000000000211e-02,1.000000000000000021e-02,0.000000000000000000e+00,5.365138190922095207e-01
1.800000000000000211e-02,1.099999999999999936e-02,0.000000000000000000e+00,5.391083465085468873e-01
1.800000000000000211e-02,1.200000000000000025e-02,0.000000000000000000e+00,5.542032336407045623e-01
1.800000000000000211e-02,1.300000000000000114e-02,0.000000000000000000e+00,5.878048068301058304e-01
1.800000000000000211e-02,1.400000000000000029e-02,0.000000000000000000e+00,5.540667157205397819e-01
1.800000000000000211e-02,1.499999999999999944e-02,0.000000000000000000e+00,4.954537014313421528e-01
1.800000000000000211e-02,1.600000000000000033e-02,0.000000000000000000e+00,4.777397169649749697e-01
1.800000000000000211e-02,1.700000000000000122e-02,0.000000000000000000e+00,4.827366936876842374e-01
1.800000000000000211e-02,1.800000000000000211e-02,0.000000000000000000e+00,5.506781537532747794e-01
1.800000000000000211e-02,1.899999999999999953e-02,0.000000000000000000e+00,5.580580402100718818e-01
1.800000000000000211e-02,2.000000000000000042e-02,0.000000000000000000e+00,4.670943406859451863e-01
1.800000000000000211e-02,2.100000000000000130e-02,0.000000000000000000e+00,5.140755913889971662e-01
1.800000000000000211e-02,2.199999999999999872e-02,0.000000000000000000e+00,4.815330274327622728e-01
1.800000000000000211e-02,2.299999999999999961e-02,0.000000000000000000e+00,5.980757420923676904e-01
1.800000000000000211e-02,2.400000000000000050e-02,0.000000000000000000e+00,5.171362370158055777e-01
1.800000000000000211e-02,2.500000000000000139e-02,0.000000000000000000e+00,5.585859729296336340e-01
1.800000000000000211e-02,2.600000000000000228e-02,0.000000000000000000e+00,5.377042849398749880e-01
1.800000000000000211e-02,2.699999999999999969e-02,0.000000000000000000e+00,4.727481237349296928e-01
1.800000000000000211e-02,2.800000000000000058e-02,0.000000000000000000e+00,4.409045139609575892e-01
1.800000000000000211e-02,2.900000000000000147e-02,0.000000000000000000e+00,4.280414857394934658e-01
1.800000000000000211e-02,2.999999999999999889e-02,0.000000000000000000e+00,4.665182985620497380e-01
1.800000000000000211e-02,3.099999999999999978e-02,0.000000000000000000e+00,5.576719881273692891e-01
1.800000000000000211e-02,3.200000000000000067e-02,0.000000000000000000e+00,4.803683909360015325e-01
1.800000000000000211e-02,3.300000000000000155e-02,0.000000000000000000e+00,4.690838944717449777e-01
1.800000000000000211e-02,3.400000000000000244e-02,0.000000000000000000e+00,5.246366172471743639e-01
1.800000000000000211e-02,3.500000000000000333e-02,0.000000000000000000e+00,4.964833973257418154e-01
1.800000000000000211e-02,3.600000000000000422e-02,0.000000000000000000e+00,6.238362601507793093e-01
1.800000000000000211e-02,3.699999999999999817e-02,0.000000000000000000e+00,4.333127294054121004e-01
1.800000000000000211e-02,3.799999999999999906e-02,0.000000000000000000e+00,5.172101425560919896e-01
1.800000000000000211e-02,3.899999999999999994e-02,0.000000000000000000e+00,5.192459969406553189e-01
1.800000000000000211e-02,4.000000000000000083e-02,0.000000000000000000e+00,4.477223029340304805e-01
1.800000000000000211e-02,4.100000000000000172e-02,0.000000000000000000e+00,4.438145967730527941e-01
1.800000000000000211e-02,4.200000000000000261e-02,0.000000000000000000e+00,3.827375623908739199e-01
1.800000000000000211e-02,4.300000000000000350e-02,0.000000000000000000e+00,4.888883845029800002e-01
1.800000000000000211e-02,4.399999999999999745e-02,0.000000000000000000e+00,4.905162912239809936e-01
1.800000000000000211e-02,4.499999999999999833e-02,0.000000000000000000e+00,4.531119440429812184e-01
1.800000000000000211e-02,4.599999999999999922e-02,0.000000000000000000e+00,4.071911860584297993e-01
1.800000000000000211e-02,4.700000000000000011e-02,0.000000000000000000e+00,4.974932976799224527e-01
1.800000000000000211e-02,4.800000000000000100e-02,0.000000000000000000e+00,4.230855194376699213e-01
1.800000000000000211e-02,4.900000000000000189e-02,0.000000000000000000e+00,5.353799791502158456e-01
1.800000000000000211e-02,5.000000000000000278e-02,0.000000000000000000e+00,3.745858846495913053e-01
1.800000000000000211e-02,5.100000000000000366e-02,0.000000000000000000e+00,4.774379388160540083e-01
1.800000000000000211e-02,5.200000000000000455e-02,0.000000000000000000e+00,5.783553946493225073e-01
1.800000000000000211e-02,5.299999999999999850e-02,0.000000000000000000e+00,5.274733430323829131e-01
1.800000000000000211e-02,5.399999999999999939e-02,0.000000000000000000e+00,5.123784263713097031e-01
1.800000000000000211e-02,5.500000000000000028e-02,0.000000000000000000e+00,4.550844951216561074e-01
1.800000000000000211e-02,5.600000000000000117e-02,0.000000000000000000e+00,6.037666783758490752e-01
1.800000000000000211e-02,5.700000000000000205e-02,0.000000000000000000e+00,5.202845920296073068e-01
1.800000000000000211e-02,5.800000000000000294e-02,0.000000000000000000e+00,5.487613495219840765e-01
1.800000000000000211e-02,5.900000000000000383e-02,0.000000000000000000e+00,4.099936232443257556e-01
1.800000000000000211e-02,5.999999999999999778e-02,0.000000000000000000e+00,5.290192241280584629e-01
1.800000000000000211e-02,6.099999999999999867e-02,0.000000000000000000e+00,4.379661699113744922e-01
1.800000000000000211e-02,6.199999999999999956e-02,0.000000000000000000e+00,5.573881465463651486e-01
1.800000000000000211e-02,6.300000000000000044e-02,0.000000000000000000e+00,4.745678661883741545e-01
1.800000000000000211e-02,6.400000000000000133e-02,0.000000000000000000e+00,5.401303751028267985e-01
1.800000000000000211e-02,6.500000000000000222e-02,0.000000000000000000e+00,6.379036511342047744e-01
1.800000000000000211e-02,6.600000000000000311e-02,0.000000000000000000e+00,6.082173544342237559e-01
1.800000000000000211e-02,6.700000000000000400e-02,0.000000000000000000e+00,5.195376137953469087e-01
1.800000000000000211e-02,6.800000000000000488e-02,0.000000000000000000e+00,5.208350891041046982e-01
1.800000000000000211e-02,6.900000000000000577e-02,0.000000000000000000e+00,5.668167872291471898e-01
1.800000000000000211e-02,7.000000000000000666e-02,0.000000000000000000e+00,4.868202323254000596e-01
1.800000000000000211e-02,7.100000000000000755e-02,0.000000000000000000e+00,4.890478166432978835e-01
1.800000000000000211e-02,7.200000000000000844e-02,0.000000000000000000e+00,3.473073587941241658e-01
1.800000000000000211e-02,7.299999999999999545e-02,0.000000000000000000e+00,4.902275939607600441e-01
1.800000000000000211e-02,7.399999999999999634e-02,0.000000000000000000e+00,4.462645589133616419e-01
1.800000000000000211e-02,7.499999999999999722e-02,0.000000000000000000e+00,5.914973625438697535e-01
1.800000000000000211e-02,7.599999999999999811e-02,0.000000000000000000e+00,5.289775320782390544e-01
1.800000000000000211e-02,7.699999999999999900e-02,0.000000000000000000e+00,5.908489403945074159e-01
1.800000000000000211e-02,7.799999999999999989e-02,0.000000000000000000e+00,6.105741348332657248e-01
1.800000000000000211e-02,7.900000000000000078e-02,0.000000000000000000e+00,6.443852242617196246e-01
1.800000000000000211e-02,8.000000000000000167e-02,0.000000000000000000e+00,5.454917932754639320e-01
1.800000000000000211e-02,8.100000000000000255e-02,0.000000000000000000e+00,5.951464003671147474e-01
1.800000000000000211e-02,8.200000000000000344e-02,0.000000000000000000e+00,5.278582914742634413e-01
1.800000000000000211e-02,8.300000000000000433e-02,0.000000000000000000e+00,5.389988376218313171e-01
1.800000000000000211e-02,8.400000000000000522e-02,0.000000000000000000e+00,4.846672129320806488e-01
1.800000000000000211e-02,8.500000000000000611e-02,0.000000000000000000e+00,4.108331025593106589e-01
1.800000000000000211e-02,8.600000000000000699e-02,0.000000000000000000e+00,5.397458539022084167e-01
1.800000000000000211e-02,8.700000000000000788e-02,0.000000000000000000e+00,4.915646116135165555e-01
1.800000000000000211e-02,8.799999999999999489e-02,0.000000000000000000e+00,5.430246839652008717e-01
1.800000000000000211e-02,8.899999999999999578e-02,0.000000000000000000e+00,4.574698701290658698e-01
1.800000000000000211e-02,8.999999999999999667e-02,0.000000000000000000e+00,5.078106774094712783e-01
1.800000000000000211e-02,9.099999999999999756e-02,0.000000000000000000e+00,4.773101234271294735e-01
1.800000000000000211e-02,9.199999999999999845e-02,0.000000000000000000e+00,5.482504363599500774e-01
1.800000000000000211e-02,9.299999999999999933e-02,0.000000000000000000e+00,5.111041983014834589e-01
1.800000000000000211e-02,9.400000000000000022e-02,0.000000000000000000e+00,5.655980355362659751e-01
1.800000000000000211e-02,9.500000000000000111e-02,0.000000000000000000e+00,5.232224882490481566e-01
1.800000000000000211e-02,9.600000000000000200e-02,0.000000000000000000e+00,6.090949707959461001e-01
1.800000000000000211e-02,9.700000000000000289e-02,0.000000000000000000e+00,5.763856936007620835e-01
1.800000000000000211e-02,9.800000000000000377e-02,0.000000000000000000e+00,5.874718883469622899e-01
1.800000000000000211e-02,9.900000000000000466e-02,0.000000000000000000e+00,6.633721526888964881e-01
1.800000000000000211e-02,1.000000000000000056e-01,0.000000000000000000e+00,6.137844420289615410e-01
2.000000000000000042e-02,0.000000000000000000e+00,0.000000000000000000e+00,5.003627948043588569e-01
2.000000000000000042e-02,1.000000000000000021e-03,0.000000000000000000e+00,5.290152721365216637e-01
2.000000000000000042e-02,2.000000000000000042e-03,0.000000000000000000e+00,5.417441635952117140e-01
2.000000000000000042e-02,3.000000000000000062e-03,0.000000000000000000e+00,5.230393993684769871e-01
2.000000000000000042e-02,4.000000000000000083e-03,0.000000000000000000e+00,5.224131012675343744e-01
2.000000000000000042e-02,5.000000000000000104e-03,0.000000000000000000e+00,5.562003296320985335e-01
2.000000000000000042e-02,6.000000000000000125e-03,0.000000000000000000e+00,6.434915773712795994e-01
2.000000000000000042e-02,7.000000000000000146e-03,0.000000000000000000e+00,5.459303068396259562e-01
2.000000000000000042e-02,8.000000000000000167e-03,0.000000000000000000e+00,5.938568223833196047e-01
2.000000000000000042e-02,9.000000000000001055e-03,0.000000000000000000e+00,5.182393191493954721e-01
2.000000000000000042e-02,1.000000000000000021e-02,0.000000000000000000e+00,5.589002099387323508e-01
2.000000000000000042e-02,1.099999999999999936e-02,0.000000000000000000e+00,5.019876728140558741e-01
2.000000000000000042e-02,1.200000000000000025e-02,0.000000000000000000e+00,4.977296761962243243e-01
2.000000000000000042e-02,1.300000000000000114e-02,0.000000000000000000e+00,4.521637669152674399e-01
2.000000000000000042e-02,1.400000000000000029e-02,0.000000000000000000e+00,4.062722750920001458e-01
2.000000000000000042e-02,1.499999999999999944e-02,0.000000000000000000e+00,4.022139287481699133e-01
2.000000000000000042e-02,1.600000000000000033e-02,0.000000000000000000e+00,3.820415151041730017e-01
2.000000000000000042e-02,1.700000000000000122e-02,0.000000000000000000e+00,3.852302282970942460e-01
2.000000000000000042e-02,1.800000000000000211e-02,0.000000000000000000e+00,4.828532550709012661e-01
2.000000000000000042e-02,1.899999999999999953e-02,0.000000000000000000e+00,5.681961921207485666e-01
2.000000000000000042e-02,2.000000000000000042e-02,0.000000000000000000e+00,4.939096537563160694e-01
2.000000000000000042e-02,2.100000000000000130e-02,0.000000000000000000e+00,5.791188023281117481e-01
2.000000000000000042e-02,2.199999999999999872e-02,0.000000000000000000e+00,5.219546490950097706e-01
2.000000000000000042e-02,2.299999999999999961e-02,0.000000000000000000e+00,6.330155990107684261e-01
2.000000000000000042e-02,2.400000000000000050e-02,0.000000000000000000e+00,5.174052340703031438e-01
2.000000000000000042e-02,2.500000000000000139e-02,0.000000000000000000e+00,5.880836703712017943e-01
2.000000000000000042e-02,2.600000000000000228e-02,0.000000000000000000e+00,5.270797497763385353e-01
2.000000000000000042e-02,2.699999999999999969e-02,0.000000000000000000e+00,4.145722081074765808e-01
2.000000000000000042e-02,2.800000000000000058e-02,0.000000000000000000e+00,4.140456981572556705e-01
2.000000000000000042e-02,2.900000000000000147e-02,0.000000000000000000e+00,3.823492976469778926e-01
2.000000000000000042e-02,2.999999999999999889e-02,0.000000000000000000e+00,3.952422154727415760e-01
2.000000000000000042e-02,3.099999999999999978e-02,0.000000000000000000e+00,4.897659477117226601e-01
2.000000000000000042e-02,3.200000000000000067e-02,0.000000000000000000e+00,5.210239379587069397e-01
2.000000000000000042e-02,3.300000000000000155e-02,0.000000000000000000e+00,4.697295230062873417e-01
2.000000000000000042e-02,3.400000000000000244e-02,0.000000000000000000e+00,5.665692573684952826e-01
2.000000000000000042e-02,3.500000000000000333e-02,0.000000000000000000e+00,4.719232698263939318e-01
2.000000000000000042e-02,3.600000000000000422e-02,0.000000000000000000e+00,5.919931397966942122e-01
2.000000000000000042e-02,3.699999999999999817e-02,0.000000000000000000e+00,4.381463812519623136e-01
2.000000000000000042e-02,3.799999999999999906e-02,0.000000000000000000e+00,5.728342039042657596e-01
2.000000000000000042e-02,3.899999999999999994e-02,0.000000000000000000e+00,5.577476799321317014e-01
2.000000000000000042e-02,4.000000000000000083e-02,0.000000000000000000e+00,4.467889083007728357e-01
2.000000000000000042e-02,4.100000000000000172e-02,0.000000000000000000e+00,4.486531445355858572e-01
2.000000000000000042e-02,4.200000000000000261e-02,0.000000000000000000e+00,3.678375388070088681e-01
2.000000000000000042e-02,4.300000000000000350e-02,0.000000000000000000e+00,4.662425166451925618e-01
2.000000000000000042e-02,4.399999999999999745e-02,0.000000000000000000e+00,4.871697502136257407e-01
2.000000000000000042e-02,4.499999999999999833e-02,0.000000000000000000e+00,5.250437870024933229e-01
2.000000000000000042e-02,4.599999999999999922e-02,0.000000000000000000e+00,4.313031822969297102e-01
2.000000000000000042e-02,4.700000000000000011e-02,0.000000000000000000e+00,5.443467845304248431e-01
2.000000000000000042e-02,4.800000000000000100e-02,0.000000000000000000e+00,3.766699746236662483e-01
2.000000000000000042e-02,4.900000000000000189e-02,0.000000000000000000e+00,4.857836649832558140e-01
2.000000000000000042e-02,5.000000000000000278e-02,0.000000000000000000e+00,4.205490852834028459e-01
2.000000000000000042e-02,5.100000000000000366e-02,0.000000000000000000e+00,5.127669872489304392e-01
2.000000000000000042e-02,5.200000000000000455e-02,0.000000000000000000e+00,6.147656810103638847e-01
2.000000000000000042e-02,5.299999999999999850e-02,0.000000000000000000e+00,5.273060677059845380e-01
2.000000000000000042e-02,5.399999999999999939e-02,0.000000000000000000e+00,4.757330958457318681e-01
2.000000000000000042e-02,5.500000000000000028e-02,0.000000000000000000e+00,3.764448708287373435e-01
2.000000000000000042e-02,5.600000000000000117e-02,0.000000000000000000e+00,5.556247571701597998e-01
2.000000000000000042e-02,5.700000000000000205e-02,0.000000000000000000e+00,4.759790214888051652e-01
2.000000000000000042e-02,5.800000000000000294e-02,0.000000000000000000e+00,5.139215509202110788e-01
2.000000000000000042e-02,5.900000000000000383e-02,0.000000000000000000e+00,3.675758839815824186e-01
2.000000000000000042e-02,5.999999999999999778e-02,0.000000000000000000e+00,4.687452963027720632e-01
2.000000000000000042e-02,6.099999999999999867e-02,0.000000000000000000e+00,3.166660332164986658e-01
2.000000000000000042e-02,6.199999999999999956e-02,0.000000000000000000e+00,4.681185441348009180e-01
2.000000000000000042e-02,6.300000000000000044e-02,0.000000000000000000e+00,4.980815538396103914e-01
2.000000000000000042e-02,6.400000000000000133e-02,0.000000000000000000e+00,5.011297924536246562e-01
2.000000000000000042e-02,6.500000000000000222e-02,0.000000000000000000e+00,6.769468861872969256e-01
2.000000000000000042e-02,6.600000000000000311e-02,0.000000000000000000e+00,6.000159925331275401e-01
2.000000000000000042e-02,6.700000000000000400e-02,0.000000000000000000e+00,4.884801499671137526e-01
2.000000000000000042e-02,6.800000000000000488e-02,0.000000000000000000e+00,4.505153902658517451e-01
2.000000000000000042e-02,6.900000000000000577e-02,0.000000000000000000e+00,5.970646986351363372e-01
2.000000000000000042e-02,7.000000000000000666e-02,0.000000000000000000e+00,4.700085894082482452e-01
2.000000000000000042e-02,7.100000000000000755e-02,0.000000000000000000e+00,4.894208643320038243e-01
2.000000000000000042e-02,7.200000000000000844e-02,0.000000000000000000e+00,3.551415208955899239e-01
2.000000000000000042e-02,7.299999999999999545e-02,0.000000000000000000e+00,4.433975421903705305e-01
2.000000000000000042e-02,7.399999999999999634e-02,0.000000000000000000e+00,3.758883864039185840e-01
2.000000000000000042e-02,7.499999999999999722e-02,0.000000000000000000e+00,5.763580216704667913e-01
2.000000000000000042e-02,7.599999999999999811e-02,0.000000000000000000e+00,5.607755888988522619e-01
2.000000000000000042e-02,7.699999999999999900e-02,0.000000000000000000e+00,5.423628527291123325e-01
2.000000000000000042e-02,7.799999999999999989e-02,0.000000000000000000e+00,6.700157984439445435e-01
2.000000000000000042e-02,7.900000000000000078e-02,0.000000000000000000e+00,5.938470563128199764e-01
2.000000000000000042e-02,8.000000000000000167e-02,0.000000000000000000e+00,4.924358763107293258e-01
2.000000000000000042e-02,8.100000000000000255e-02,0.000000000000000000e+00,5.079738153941514289e-01
2.000000000000000042e-02,8.200000000000000344e-02,0.000000000000000000e+00,5.666868631305881365e-01
2.000000000000000042e-02,8.300000000000000433e-02,0.000000000000000000e+00,4.743397312908574359e-01
2.000000000000000042e-02,8.400000000000000522e-02,0.000000000000000000e+00,5.002218384382604022e-01
2.000000000000000042e-02,8.500000000000000611e-02,0.000000000000000000e+00,4.150263562555175922e-01
2.000000000000000042e-02,8.600000000000000699e-02,0.000000000000000000e+00,4.980897421518457602e-01
2.000000000000000042e-02,8.700000000000000788e-02,0.000000000000000000e+00,4.773626385879105039e-01
2.000000000000000042e-02,8.799999999999999489e-02,0.000000000000000000e+00,5.928008600202745448e-01
2.000000000000000042e-02,8.899999999999999578e-02,0.000000000000000000e+00,5.098029033840634217e-01
2.000000000000000042e-02,8.999999999999999667e-02,0.000000000000000000e+00,5.141827728006331810e-01
2.000000000000000042e-02,9.099999999999999756e-02,0.000000000000000000e+00,5.562733133019226450e-01
2.000000000000000042e-02,9.199999999999999845e-02,0.000000000000000000e+00,5.054581592388317501e-01
2.000000000000000042e-02,9.299999999999999933e-02,0.000000000000000000e+00,4.765966802792067636e-01
2.000000000000000042e-02,9.400000000000000022e-02,0.000000000000000000e+00,5.006904731897452443e-01
2.000000000000000042e-02,9.500000000000000111e-02,0.000000000000000000e+00,5.290353862197103574e-01
2.000000000000000042e-02,9.600000000000000200e-02,0.000000000000000000e+00,5.152880908310661923e-01
2.000000000000000042e-02,9.700000000000000289e-02,0.000000000000000000e+00,5.546980605841757006e-01
2.000000000000000042e-02,9.800000000000000377e-02,0.000000000000000000e+00,5.323855282257854427e-01
2.000000000000000042e-02,9.900000000000000466e-02,0.000000000000000000e+00,5.913870289517371148e-01
2.000000000000000042e-02,1.000000000000000056e-01,0.000000000000000000e+00,5.794076131565406573e-01
2.199999999999999872e-02,0.000000000000000000e+00,0.000000000000000000e+00,4.592822564018691489e-01
2.199999999999999872e-02,1.000000000000000021e-03,0.000000000000000000e+00,5.377136738547405592e-01
2.199999999999999872e-02,2.000000000000000042e-03,0.000000000000000000e+00,5.677999137221552139e-01
2.199999999999999872e-02,3.000000000000000062e-03,0.000000000000000000e+00,5.305074753067156035e-01
2.199999999999999872e-02,4.000000000000000083e-03,0.000000000000000000e+00,5.220753393827850530e-01
2.199999999999999872e-02,5.000000000000000104e-03,0.000000000000000000e+00,5.478384305373883434e-01
2.199999999999999872e-02,6.000000000000000125e-03,0.000000000000000000e+00,6.180727196925259737e-01
2.199999999999999872e-02,7.000000000000000146e-03,0.000000000000000000e+00,5.868354126712529428e-01
2.199999999999999872e-02,8.000000000000000167e-03,0.000000000000000000e+00,5.733165006395302132e-01
2.199999999999999872e-02,9.000000000000001055e-03,0.000000000000000000e+00,4.790574253385087022e-01
2.199999999999999872e-02,1.000000000000000021e-02,0.000000000000000000e+00,4.982846566488703388e-01
2.199999999999999872e-02,1.099999999999999936e-02,0.000000000000000000e+00,5.169621729319231473e-01
2.199999999999999872e-02,1.200000000000000025e-02,0.000000000000000000e+00,4.550405557368567000e-01
2.199999999999999872e-02,1.300000000000000114e-02,0.000000000000000000e+00,4.166042248269981596e-01
2.199999999999999872e-02,1.400000000000000029e-02,0.000000000000000000e+00,4.331694929375726200e-01
2.199999999999999872e-02,1.499999999999999944e-02,0.000000000000000000e+00,4.867618925685714970e-01
2.199999999999999872e-02,1.600000000000000033e-02,0.000000000000000000e+00,4.504826011508714645e-01
2.199999999999999872e-02,1.700000000000000122e-02,0.000000000000000000e+00,4.676132524838063631e-01
2.199999999999999872e-02,1.800000000000000211e-02,0.000000000000000000e+00,5.445282640397133278e-01
2.199999999999999872e-02,1.899999999999999953e-02,0.000000000000000000e+00,6.332995383497416197e-01
2.199999999999999872e-02,2.000000000000000042e-02,0.000000000000000000e+00,6.099882535412408657e-01
2.199999999999999872e-02,2.100000000000000130e-02,0.000000000000000000e+00,6.068206691849449275e-01
2.199999999999999872e-02,2.199999999999999872e-02,0.000000000000000000e+00,5.219957800320302876e-01
2.199999999999999872e-02,2.299999999999999961e-02,0.000000000000000000e+00,5.824152802123051531e-01
2.199999999999999872e-02,2.400000000000000050e-02,0.000000000000000000e+00,5.714991528062596249e-01
2.199999999999999872e-02,2.500000000000000139e-02,0.000000000000000000e+00,5.205053599391767927e-01
2.199999999999999872e-02,2.600000000000000228e-02,0.000000000000000000e+00,4.945694559499685949e-01
2.199999999999999872e-02,2.699999999999999969e-02,0.000000000000000000e+00,4.072698509437458481e-01
2.199999999999999872e-02,2.800000000000000058e-02,0.000000000000000000e+00,4.875689338207197521e-01
2.199999999999999872e-02,2.900000000000000147e-02,0.000000000000000000e+00,4.409764684905660426e-01
2.199999999999999872e-02,2.999999999999999889e-02,0.000000000000000000e+00,4.626531134317443672e-01
2.199999999999999872e-02,3.099999999999999978e-02,0.000000000000000000e+00,5.263746510557211211e-01
2.199999999999999872e-02,3.200000000000000067e-02,0.000000000000000000e+00,5.955388239160137598e-01
2.199999999999999872e-02,3.300000000000000155e-02,0.000000000000000000e+00,5.461105711930565043e-01
2.199999999999999872e-02,3.400000000000000244e-02,0.000000000000000000e+00,6.064065828074250986e-01
2.199999999999999872e-02,3.500000000000000333e-02,0.000000000000000000e+00,4.853349479347008333e-01
2.199999999999999872e-02,3.600000000000000422e-02,0.000000000000000000e+00,5.594990831710657808e-01
2.199999999999999872e-02,3.699999999999999817e-02,0.000000000000000000e+00,5.244491254444416661e-01
2.199999999999999872e-02,3.799999999999999906e-02,0.000000000000000000e+00,5.232605653454426298e-01
2.199999999999999872e-02,3.899999999999999994e-02,0.000000000000000000e+00,5.418744687567854657e-01
2.199999999999999872e-02,4.000000000000000083e-02,0.000000000000000000e+00,4.427027860023962647e-01
2.199999999999999872e-02,4.100000000000000172e-02,0.000000000000000000e+00,5.228998572881109475e-01
2.199999999999999872e-02,4.200000000000000261e-02,0.000000000000000000e+00,4.316144561641257482e-01
2.199999999999999872e-02,4.300000000000000350e-02,0.000000000000000000e+00,4.922636852992883782e-01
2.199999999999999872e-02,4.399999999999999745e-02,0.000000000000000000e+00,5.034403157744120616e-01
2.199999999999999872e-02,4.499999999999999833e-02,0.000000000000000000e+00,5.717132004752671914e-01
2.199999999999999872e-02,4.599999999999999922e-02,0.000000000000000000e+00,4.620577578542509611e-01
2.199999999999999872e-02,4.700000000000000011e-02,0.000000000000000000e+00,5.776756533613970346e-01
2.199999999999999872e-02,4.800000000000000100e-02,0.000000000000000000e+00,3.636276690886517393e-01
2.199999999999999872e-02,4.900000000000000189e-02,0.000000000000000000e+00,4.393271738203087806e-01
2.199999999999999872e-02,5.000000000000000278e-02,0.000000000000000000e+00,4.631651566825140121e-01
2.199999999999999872e-02,5.100000000000000366e-02,0.000000000000000000e+00,4.492568544524536134e-01
2.199999999999999872e-02,5.200000000000000455e-02,0.000000000000000000e+00,5.537401615278290112e-01
2.199999999999999872e-02,5.299999999999999850e-02,0.000000000000000000e+00,4.816115812499932591e-01
2.199999999999999872e-02,5.399999999999999939e-02,0.000000000000000000e+00,5.029427353491369157e-01
2.199999999999999872e-02,5.500000000000000028e-02,0.000000000000000000e+00,4.071334389553038502e-01
2.199999999999999872e-02,5.600000000000000117e-02,0.000000000000000000e+00,5.205272465460195619e-01
2.199999999999999872e-02,5.700000000000000205e-02,0.000000000000000000e+00,4.866500944916701821e-01
2.199999999999999872e-02,5.800000000000000294e-02,0.000000000000000000e+00,5.352031264235395103e-01
2.199999999999999872e-02,5.900000000000000383e-02,0.000000000000000000e+00,4.127996715165526131e-01
2.199999999999999872e-02,5.999999999999999778e-02,0.000000000000000000e+00,5.035175944140430904e-01
2.199999999999999872e-02,6.099999999999999867e-02,0.000000000000000000e+00,3.064982926927849460e-01
2.199999999999999872e-02,6.199999999999999956e-02,0.000000000000000000e+00,4.170813360877088094e-01
2.199999999999999872e-02,6.300000000000000044e-02,0.000000000000000000e+00,4.947071327985654854e-01
2.199999999999999872e-02,6.400000000000000133e-02,0.000000000000000000e+00,4.538723605198848876e-01
2.199999999999999872e-02,6.500000000000000222e-02,0.000000000000000000e+00,6.176512210024689420e-01
2.199999999999999872e-02,6.600000000000000311e-02,0.000000000000000000e+00,5.251470346120261645e-01
2.199999999999999872e-02,6.700000000000000400e-02,0.000000000000000000e+00,4.994498389726944043e-01
2.199999999999999872e-02,6.800000000000000488e-02,0.000000000000000000e+00,4.591620863578572687e-01
2.199999999999999872e-02,6.900000000000000577e-02,0.000000000000000000e+00,5.739378716307113049e-01
2.199999999999999872e-02,7.000000000000000666e-02,0.000000000000000000e+00,5.133598883154142367e-01
2.199999999999999872e-02,7.100000000000000755e-02,0.000000000000000000e+00,5.406678297696814184e-01
2.199999999999999872e-02,7.200000000000000844e-02,0.000000000000000000e+00,4.703362752023013127e-01
2.199999999999999872e-02,7.299999999999999545e-02,0.000000000000000000e+00,5.024539056407767434e-01
2.199999999999999872e-02,7.399999999999999634e-02,0.000000000000000000e+00,4.183358246023759497e-01
2.199999999999999872e-02,7.499999999999999722e-02,0.000000000000000000e+00,5.608557158241340712e-01
2.199999999999999872e-02,7.599999999999999811e-02,0.000000000000000000e+00,5.792339872722855887e-01
2.199999999999999872e-02,7.699999999999999900e-02,0.000000000000000000e+00,5.731937496479382332e-01
2.199999999999999872e-02,7.799999999999999989e-02,0.000000000000000000e+00,6.819522578980757865e-01
2.199999999999999872e-02,7.900000000000000078e-02,0.000000000000000000e+00,5.231029041142292169e-01
2.199999999999999872e-02,8.000000000000000167e-02,0.000000000000000000e+00,5.036051074192779975e-01
2.199999999999999872e-02,8.100000000000000255e-02,0.000000000000000000e+00,4.792353489658909282e-01
2.199999999999999872e-02,8.200000000000000344e-02,0.000000000000000000e+00,5.537806775550385696e-01
2.199999999999999872e-02,8.300000000000000433e-02,0.000000000000000000e+00,4.747597663557764358e-01
2.199999999999999872e-02,8.400000000000000522e-02,0.000000000000000000e+00,5.067676016918986059e-01
2.199999999999999872e-02,8.500000000000000611e-02,0.000000000000000000e+00,4.741651103584075821e-01
2.199999999999999872e-02,8.600000000000000699e-02,0.000000000000000000e+00,4.665838930536085893e-01
2.199999999999999872e-02,8.700000000000000788e-02,0.000000000000000000e+00,4.683672866420712233e-01
2.199999999999999872e-02,8.799999999999999489e-02,0.000000000000000000e+00,5.577290540714119338e-01
2.199999999999999872e-02,8.899999999999999578e-02,0.000000000000000000e+00,5.183899296258525080e-01
2.199999999999999872e-02,8.999999999999999667e-02,0.000000000000000000e+00,5.535660185467556893e-01
2.199999999999999872e-02,9.099999999999999756e-02,0.000000000000000000e+00,5.863291335898742629e-01
2.199999999999999872e-02,9.199999999999999845e-02,0.000000000000000000e+00,4.462602764516825360e-01
2.199999999999999872e-02,9.299999999999999933e-02,0.000000000000000000e+00,4.761873128935268373e-01
2.199999999999999872e-02,9.400000000000000022e-02,0.000000000000000000e+00,4.618212057665734838e-01
2.199999999999999872e-02,9.500000000000000111e-02,0.000000000000000000e+00,5.214188138971995734e-01
2.199999999999999872e-02,9.600000000000000200e-02,0.000000000000000000e+00,4.799750914662060941e-01
2.199999999999999872e-02,9.700000000000000289e-02,0.000000000000000000e+00,5.219733080754835886e-01
2.199999999999999872e-02,9.800000000000000377e-02,0.000000000000000000e+00,5.174683001434774443e-01
2.199999999999999872e-02,9.900000000000000466e-02,0.000000000000000000e+00,5.102710393685347956e-01
2.199999999999999872e-02,1.000000000000000056e-01,0.000000000000000000e+00,5.338267103672258429e-01
2.400000000000000050e-02,0.000000000000000000e+00,0.000000000000000000e+00,4.878736681818238718e-01
2.400000000000000050e-02,1.000000000000000021e-03,0.000000000000000000e+00,5.644817074248494881e-01
2.400000000000000050e-02,2.000000000000000042e-03,0.000000000000000000e+00,5.199208785017749301e-01
2.400000000000000050e-02,3.000000000000000062e-03,0.000000000000000000e+00,4.531625786701889980e-01
2.400000000000000050e-02,4.000000000000000083e-03,0.000000000000000000e+00,4.342672001869789522e-01
2.400000000000000050e-02,5.000000000000000104e-03,0.000000000000000000e+00,4.501808451300396974e-01
2.400000000000000050e-02,6.000000000000000125e-03,0.000000000000000000e+00,5.638761531483464928e-01
2.400000000000000050e-02,7.000000000000000146e-03,0.000000000000000000e+00,5.476156681869246423e-01
2.400000000000000050e-02,8.000000000000000167e-03,0.000000000000000000e+00,5.348496897221943769e-01
2.400000000000000050e-02,9.000000000000001055e-03,0.000000000000000000e+00,4.591258616267890336e-01
2.400000000000000050e-02,1.000000000000000021e-02,0.000000000000000000e+00,4.179038223657337014e-01
2.400000000000000050e-02,1.099999999999999936e-02,0.000000000000000000e+00,4.710883254563548173e-01
2.400000000000000050e-02,1.200000000000000025e-02,0.000000000000000000e+00,5.090057725410889189e-01
2.400000000000000050e-02,1.300000000000000114e-02,0.000000000000000000e+00,4.805964117635250221e-01
2.400000000000000050e-02,1.400000000000000029e-02,0.000000000000000000e+00,5.095668252981002677e-01
2.400000000000000050e-02,1.499999999999999944e-02,0.000000000000000000e+00,4.771953057475668558e-01
2.400000000000000050e-02,1.600000000000000033e-02,0.000000000000000000e+00,4.333825784649209534e-01
2.400000000000000050e-02,1.700000000000000122e-02,0.000000000000000000e+00,4.488599749821349794e-01
2.400000000000000050e-02,1.800000000000000211e-02,0.000000000000000000e+00,5.304972827136031910e-01
2.400000000000000050e-02,1.899999999999999953e-02,0.000000000000000000e+00,6.420946336857900061e-01
2.400000000000000050e-02,2.000000000000000042e-02,0.000000000000000000e+00,5.870324748637545387e-01
2.400000000000000050e-02,2.100000000000000130e-02,0.000000000000000000e+00,5.603483561100437438e-01
2.400000000000000050e-02,2.199999999999999872e-02,0.000000000000000000e+00,4.904981610926149593e-01
2.400000000000000050e-02,2.299999999999999961e-02,0.000000000000000000e+00,4.336232210713216184e-01
2.400000000000000050e-02,2.400000000000000050e-02,0.000000000000000000e+00,4.906559055261550117e-01
2.400000000000000050e-02,2.500000000000000139e-02,0.000000000000000000e+00,5.522991371725751719e-01
2.400000000000000050e-02,2.600000000000000228e-02,0.000000000000000000e+00,5.125870808934911427e-01
2.400000000000000050e-02,2.699999999999999969e-02,0.000000000000000000e+00,4.715368345094608227e-01
2.400000000000000050e-02,2.800000000000000058e-02,0.000000000000000000e+00,4.955652088856088433e-01
2.400000000000000050e-02,2.900000000000000147e-02,0.000000000000000000e+00,4.910552134012065584e-01
2.400000000000000050e-02,2.999999999999999889e-02,0.000000000000000000e+00,5.155212482266027241e-01
2.400000000000000050e-02,3.099999999999999978e-02,0.000000000000000000e+00,5.951640413466103841e-01
2.400000000000000050e-02,3.200000000000000067e-02,0.000000000000000000e+00,6.465004509088159157e-01
2.400000000000000050e-02,3.300000000000000155e-02,0.000000000000000000e+00,5.376262227187930121e-01
2.400000000000000050e-02,3.400000000000000244e-02,0.000000000000000000e+00,5.746304531845596308e-01
2.400000000000000050e-02,3.500000000000000333e-02,0.000000000000000000e+00,4.602864561969425838e-01
2.400000000000000050e-02,3.600000000000000422e-02,0.000000000000000000e+00,4.263410615130805437e-01
2.400000000000000050e-02,3.699999999999999817e-02,0.000000000000000000e+00,4.560748862968184714e-01
2.400000000000000050e-02,3.799999999999999906e-02,0.000000000000000000e+00,5.282114242711311025e-01
2.400000000000000050e-02,3.899999999999999994e-02,0.000000000000000000e+00,5.090251552922508971e-01
2.400000000000000050e-02,4.000000000000000083e-02,0.000000000000000000e+00,4.970227923738547160e-01
2.400000000000000050e-02,4.100000000000000172e-02,0.000000000000000000e+00,5.427747159064043592e-01
2.400000000000000050e-02,4.200000000000000261e-02,0.000000000000000000e+00,5.302136919211268840e-01
2.400000000000000050e-02,4.300000000000000350e-02,0.000000000000000000e+00,5.666313842564959513e-01
2.400000000000000050e-02,4.399999999999999745e-02,0.000000000000000000e+00,5.883984706919003216e-01
2.400000000000000050e-02,4.499999999999999833e-02,0.000000000000000000e+00,6.434543094365081650e-01
2.400000000000000050e-02,4.599999999999999922e-02,0.000000000000000000e+00,4.904657090986606627e-01
2.400000000000000050e-02,4.700000000000000011e-02,0.000000000000000000e+00,5.905135886817609592e-01
2.400000000000000050e-02,4.800000000000000100e-02,0.000000000000000000e+00,3.683115287109508529e-01
2.400000000000000050e-02,4.900000000000000189e-02,0.000000000000000000e+00,4.040620572785934561e-01
2.400000000000000050e-02,5.000000000000000278e-02,0.000000000000000000e+00,4.439551694297833584e-01
2.400000000000000050e-02,5.100000000000000366e-02,0.000000000000000000e+00,4.711646672226875721e-01
2.400000000000000050e-02,5.200000000000000455e-02,0.000000000000000000e+00,4.993936434294022342e-01
2.400000000000000050e-02,5.299999999999999850e-02,0.000000000000000000e+00,5.139436032777062735e-01
2.400000000000000050e-02,5.399999999999999939e-02,0.000000000000000000e+00,5.151357554064213140e-01
2.400000000000000050e-02,5.500000000000000028e-02,0.000000000000000000e+00,4.716997054505590592e-01
2.400000000000000050e-02,5.600000000000000117e-02,0.000000000000000000e+00,5.246509651671074081e-01
2.400000000000000050e-02,5.700000000000000205e-02,0.000000000000000000e+00,4.902170654147173234e-01
2.400000000000000050e-02,5.800000000000000294e-02,0.000000000000000000e+00,5.646368795743008651e-01
2.400000000000000050e-02,5.900000000000000383e-02,0.000000000000000000e+00,4.147816279195601918e-01
2.400000000000000050e-02,5.999999999999999778e-02,0.000000000000000000e+00,4.963798124337358564e-01
2.400000000000000050e-02,6.099999999999999867e-02,0.000000000000000000e+00,3.041439668483369996e-01
2.400000000000000050e-02,6.199999999999999956e-02,0.000000000000000000e+00,4.273626951853781164e-01
2.400000000000000050e-02,6.300000000000000044e-02,0.000000000000000000e+00,4.980177640479408474e-01
2.400000000000000050e-02,6.400000000000000133e-02,0.000000000000000000e+00,5.062077958481230322e-01
2.400000000000000050e-02,6.500000000000000222e-02,0.000000000000000000e+00,5.781782733515763439e-01
2.400000000000000050e-02,6.600000000000000311e-02,0.000000000000000000e+00,5.550782431217928803e-01
2.400000000000000050e-02,6.700000000000000400e-02,0.000000000000000000e+00,5.512946117196808604e-01
2.400000000000000050e-02,6.800000000000000488e-02,0.000000000000000000e+00,4.873157499767182821e-01
2.400000000000000050e-02,6.900000000000000577e-02,0.000000000000000000e+00,5.580518741938957916e-01
2.400000000000000050e-02,7.000000000000000666e-02,0.000000000000000000e+00,4.914857757173310970e-01
2.400000000000000050e-02,7.100000000000000755e-02,0.000000000000000000e+00,5.504096309528221376e-01
2.400000000000000050e-02,7.200000000000000844e-02,0.000000000000000000e+00,4.485201868421746507e-01
2.400000000000000050e-02,7.299999999999999545e-02,0.000000000000000000e+00,4.689158671905298559e-01
2.400000000000000050e-02,7.399999999999999634e-02,0.000000000000000000e+00,4.093834592549494555e-01
2.400000000000000050e-02,7.499999999999999722e-02,0.000000000000000000e+00,5.370751151355888098e-01
2.400000000000000050e-02,7.599999999999999811e-02,0.000000000000000000e+00,5.601015302725973477e-01
2.400000000000000050e-02,7.699999999999999900e-02,0.000000000000000000e+00,5.979355646903572463e-01
2.400000000000000050e-02,7.799999999999999989e-02,0.000000000000000000e+00,6.311074576604546182e-01
2.400000000000000050e-02,7.900000000000000078e-02,0.000000000000000000e+00,5.172947481629988076e-01
2.400000000000000050e-02,8.000000000000000167e-02,0.000000000000000000e+00,5.482217434535429090e-01
2.400000000000000050e-02,8.100000000000000255e-02,0.000000000000000000e+00,4.378595156261912424e-01
2.400000000000000050e-02,8.200000000000000344e-02,0.000000000000000000e+00,5.386336817529238097e-01
2.400000000000000050e-02,8.300000000000000433e-02,0.000000000000000000e+00,4.556336144562671553e-01
2.400000000000000050e-02,8.400000000000000522e-02,0.000000000000000000e+00,5.000536567353313089e-01
2.400000000000000050e-02,8.500000000000000611e-02,0.000000000000000000e+00,4.504600082841851427e-01
2.400000000000000050e-02,8.600000000000000699e-02,0.000000000000000000e+00,4.424147590822551379e-01
2.400000000000000050e-02,8.700000000000000788e-02,0.000000000000000000e+00,4.867682834767408373e-01
2.400000000000000050e-02,8.799999999999999489e-02,0.000000000000000000e+00,5.295589505883107062e-01
2.400000000000000050e-02,8.899999999999999578e-02,0.000000000000000000e+00,5.165970355086280108e-01
2.400000000000000050e-02,8.999999999999999667e-02,0.000000000000000000e+00,5.761644894723578769e-01
2.400000000000000050e-02,9.099999999999999756e-02,0.000000000000000000e+00,5.718762380113335819e-01
2.400000000000000050e-02,9.199999999999999845e-02,0.000000000000000000e+00,4.593357277999614574e-01
2.400000000000000050e-02,9.299999999999999933e-02,0.000000000000000000e+00,5.273696786231070188e-01
2.400000000000000050e-02,9.400000000000000022e-02,0.000000000000000000e+00,4.405605072249508258e-01
2.400000000000000050e-02,9.500000000000000111e-02,0.000000000000000000e+00,5.550107996530810883e-01
2.400000000000000050e-02,9.600000000000000200e-02,0.000000000000000000e+00,5.039129175884338174e-01
2.400000000000000050e-02,9.700000000000000289e-02,0.000000000000000000e+00,5.387238638639745281e-01
2.400000000000000050e-02,9.800000000000000377e-02,0.000000000000000000e+00,5.310105032222283139e-01
2.400000000000000050e-02,9.900000000000000466e-02,0.000000000000000000e+00,5.216529466773118795e-01
2.400000000000000050e-02,1.000000000000000056e-01,0.000000000000000000e+00,5.719191801042029510e-01
2.600000000000000228e-02,0.000000000000000000e+00,0.000000000000000000e+00,5.413598356101411158e-01
2.600000000000000228e-02,1.000000000000000021e-03,0.000000000000000000e+00,5.926259291683252384e-01
2.600000000000000228e-02,2.000000000000000042e-03,0.000000000000000000e+00,5.389266933266554371e-01
2.600000000000000228e-02,3.000000000000000062e-03,0.000000000000000000e+00,5.618868491545401245e-01
2.600000000000000228e-02,4.000000000000000083e-03,0.000000000000000000e+00,5.982139099886372158e-01
2.600000000000000228e-02,5.000000000000000104e-03,0.000000000000000000e+00,5.079750938959168849e-01
2.600000000000000228e-02,6.000000000000000125e-03,0.000000000000000000e+00,5.671558797861109280e-01
2.600000000000000228e-02,7.000000000000000146e-03,0.000000000000000000e+00,5.676241961569081784e-01
2.600000000000000228e-02,8.000000000000000167e-03,0.000000000000000000e+00,5.710051365888688668e-01
2.600000000000000228e-02,9.000000000000001055e-03,0.000000000000000000e+00,5.205889203068061466e-01
2.600000000000000228e-02,1.000000000000000021e-02,0.000000000000000000e+00,4.198364457106851799e-01
2.600000000000000228e-02,1.099999999999999936e-02,0.000000000000000000e+00,4.411310491623419150e-01
2.600000000000000228e-02,1.200000000000000025e-02,0.000000000000000000e+00,5.221928029658138293e-01
2.600000000000000228e-02,1.300000000000000114e-02,0.000000000000000000e+00,5.306736795375367466e-01
2.600000000000000228e-02,1.400000000000000029e-02,0.000000000000000000e+00,5.192116578067642596e-01
2.600000000000000228e-02,1.499999999999999944e-02,0.000000000000000000e+00,4.883217406120934356e-01
2.600000000000000228e-02,1.600000000000000033e-02,0.000000000000000000e+00,5.394601296644838673e-01
2.600000000000000228e-02,1.700000000000000122e-02,0.000000000000000000e+00,5.944736452037672203e-01
2.600000000000000228e-02,1.800000000000000211e-02,0.000000000000000000e+00,5.388244145930431994e-01
2.600000000000000228e-02,1.899999999999999953e-02,0.000000000000000000e+00,5.671736953414019400e-01
2.600000000000000228e-02,2.000000000000000042e-02,0.000000000000000000e+00,5.645548505858014599e-01
2.600000000000000228e-02,2.100000000000000130e-02,0.000000000000000000e+00,5.766060468776961212e-01
2.600000000000000228e-02,2.199999999999999872e-02,0.000000000000000000e+00,5.953472043862825247e-01
2.600000000000000228e-02,2.299999999999999961e-02,0.000000000000000000e+00,4.513964300454262335e-01
2.600000000000000228e-02,2.400000000000000050e-02,0.000000000000000000e+00,4.954596279570295247e-01
2.600000000000000228e-02,2.500000000000000139e-02,0.000000000000000000e+00,6.145373072709814366e-01
2.600000000000000228e-02,2.600000000000000228e-02,0.000000000000000000e+00,5.801794706197945795e-01
2.600000000000000228e-02,2.699999999999999969e-02,0.000000000000000000e+00,5.191642231920226003e-01
2.600000000000000228e-02,2.800000000000000058e-02,0.000000000000000000e+00,5.475277534511562294e-01
2.600000000000000228e-02,2.900000000000000147e-02,0.000000000000000000e+00,5.634159076691029888e-01
2.600000000000000228e-02,2.999999999999999889e-02,0.000000000000000000e+00,6.006409896770537049e-01
2.600000000000000228e-02,3.099999999999999978e-02,0.000000000000000000e+00,5.673207254786267750e-01
2.600000000000000228e-02,3.200000000000000067e-02,0.000000000000000000e+00,5.032956825904733034e-01
2.600000000000000228e-02,3.300000000000000155e-02,0.000000000000000000e+00,4.670793518689694279e-01
2.600000000000000228e-02,3.400000000000000244e-02,0.000000000000000000e+00,5.388841719293169241e-01
2.600000000000000228e-02,3.500000000000000333e-02,0.000000000000000000e+00,5.645636020552201595e-01
2.600000000000000228e-02,3.600000000000000422e-02,0.000000000000000000e+00,4.418684547632379389e-01
2.600000000000000228e-02,3.699999999999999817e-02,0.000000000000000000e+00,4.435699394042574295e-01
2.600000000000000228e-02,3.799999999999999906e-02,0.000000000000000000e+00,5.535342896167049220e-01
2.600000000000000228e-02,3.899999999999999994e-02,0.000000000000000000e+00,5.259589600135974319e-01
2.600000000000000228e-02,4.000000000000000083e-02,0.000000000000000000e+00,5.105182841060678101e-01
2.600000000000000228e-02,4.100000000000000172e-02,0.000000000000000000e+00,5.542612615627848793e-01
2.600000000000000228e-02,4.200000000000000261e-02,0.000000000000000000e+00,5.188458760157745875e-01
2.600000000000000228e-02,4.300000000000000350e-02,0.000000000000000000e+00,6.027014533972383514e-01
2.600000000000000228e-02,4.399999999999999745e-02,0.000000000000000000e+00,5.494476152870475527e-01
2.600000000000000228e-02,4.499999999999999833e-02,0.000000000000000000e+00,5.271267424577232852e-01
2.600000000000000228e-02,4.599999999999999922e-02,0.000000000000000000e+00,4.702590415692416426e-01
2.600000000000000228e-02,4.700000000000000011e-02,0.000000000000000000e+00,6.017224066602571142e-01
2.600000000000000228e-02,4.800000000000000100e-02,0.000000000000000000e+00,5.339930811768088814e-01
2.600000000000000228e-02,4.900000000000000189e-02,0.000000000000000000e+00,5.051057595520681565e-01
2.600000000000000228e-02,5.000000000000000278e-02,0.000000000000000000e+00,4.504480252881440938e-01
2.600000000000000228e-02,5.100000000000000366e-02,0.000000000000000000e+00,5.058229350099540111e-01
2.600000000000000228e-02,5.200000000000000455e-02,0.000000000000000000e+00,5.168799425268397751e-01
2.600000000000000228e-02,5.299999999999999850e-02,0.000000000000000000e+00,4.960390004854958179e-01
2.600000000000000228e-02,5.399999999999999939e-02,0.000000000000000000e+00,4.801448506743711819e-01
2.600000000000000228e-02,5.500000000000000028e-02,0.000000000000000000e+00,4.133637002519714998e-01
2.600000000000000228e-02,5.600000000000000117e-02,0.000000000000000000e+00,5.266536309649688663e-01
2.600000000000000228e-02,5.700000000000000205e-02,0.000000000000000000e+00,4.109728324914722619e-01
2.600000000000000228e-02,5.800000000000000294e-02,0.000000000000000000e+00,4.679415463370629746e-01
2.600000000000000228e-02,5.900000000000000383e-02,0.000000000000000000e+00,3.978772628604232420e-01
2.600000000000000228e-02,5.999999999999999778e-02,0.000000000000000000e+00,4.961503366453288155e-01
2.600000000000000228e-02,6.099999999999999867e-02,0.000000000000000000e+00,4.359136917177755532e-01
2.600000000000000228e-02,6.199999999999999956e-02,0.000000000000000000e+00,5.341918117584644188e-01
2.600000000000000228e-02,6.300000000000000044e-02,0.000000000000000000e+00,4.906495800769956617e-01
2.600000000000000228e-02,6.400000000000000133e-02,0.000000000000000000e+00,5.743908671034000379e-01
2.600000000000000228e-02,6.500000000000000222e-02,0.000000000000000000e+00,6.277021971798959488e-01
2.600000000000000228e-02,6.600000000000000311e-02,0.000000000000000000e+00,5.877994732052136406e-01
2.600000000000000228e-02,6.700000000000000400e-02,0.000000000000000000e+00,5.850603016017879021e-01
2.600000000000000228e-02,6.800000000000000488e-02,0.000000000000000000e+00,5.372957635424111533e-01
2.600000000000000228e-02,6.900000000000000577e-02,0.000000000000000000e+00,6.269432906933769534e-01
2.600000000000000228e-02,7.000000000000000666e-02,0.000000000000000000e+00,4.766495909698693079e-01
2.600000000000000228e-02,7.100000000000000755e-02,0.000000000000000000e+00,5.307930304593959647e-01
2.600000000000000228e-02,7.200000000000000844e-02,0.000000000000000000e+00,4.447513755653087486e-01
2.600000000000000228e-02,7.299999999999999545e-02,0.000000000000000000e+00,4.370194416167256790e-01
2.600000000000000228e-02,7.399999999999999634e-02,0.000000000000000000e+00,4.646046767208636963e-01
2.600000000000000228e-02,7.499999999999999722e-02,0.000000000000000000e+00,5.540913237902244104e-01
2.600000000000000228e-02,7.599999999999999811e-02,0.000000000000000000e+00,4.820544025595397963e-01
2.600000000000000228e-02,7.699999999999999900e-02,0.000000000000000000e+00,6.061412281597744478e-01
2.600000000000000228e-02,7.799999999999999989e-02,0.000000000000000000e+00,5.953162833436238532e-01
2.600000000000000228e-02,7.900000000000000078e-02,0.000000000000000000e+00,5.231478145723920115e-01
2.600000000000000228e-02,8.000000000000000167e-02,0.000000000000000000e+00,5.552062023451727057e-01
2.600000000000000228e-02,8.100000000000000255e-02,0.000000000000000000e+00,4.936237409534714460e-01
2.600000000000000228e-02,8.200000000000000344e-02,0.000000000000000000e+00,5.692283508186960495e-01
2.600000000000000228e-02,8.300000000000000433e-02,0.000000000000000000e+00,4.508951747431130808e-01
2.600000000000000228e-02,8.400000000000000522e-02,0.000000000000000000e+00,4.901693101296112354e-01
2.600000000000000228e-02,8.500000000000000611e-02,0.000000000000000000e+00,4.492195199745974699e-01
2.600000000000000228e-02,8.600000000000000699e-02,0.000000000000000000e+00,4.187443463656456699e-01
2.600000000000000228e-02,8.700000000000000788e-02,0.000000000000000000e+00,5.428070979370049898e-01
2.600000000000000228e-02,8.799999999999999489e-02,0.000000000000000000e+00,5.637080748490028714e-01
2.600000000000000228e-02,8.899999999999999578e-02,0.000000000000000000e+00,5.144097540674653635e-01
2.600000000000000228e-02,8.999999999999999667e-02,0.000000000000000000e+00,6.319696524316829045e-01
2.600000000000000228e-02,9.099999999999999756e-02,0.000000000000000000e+00,5.855664822587234308e-01
2.600000000000000228e-02,9.199999999999999845e-02,0.000000000000000000e+00,5.318626913265658285e-01
2.600000000000000228e-02,9.299999999999999933e-02,0.000000000000000000e+00,5.753779466373680762e-01
2.600000000000000228e-02,9.400000000000000022e-02,0.000000000000000000e+00,5.132342374604518254e-01
2.600000000000000228e-02,9.500000000000000111e-02,0.000000000000000000e+00,5.757764858280984832e-01
2.600000000000000228e-02,9.600000000000000200e-02,0.000000000000000000e+00,5.090438640272203497e-01
2.600000000000000228e-02,9.700000000000000289e-02,0.000000000000000000e+00,5.203153168705785259e-01
2.600000000000000228e-02,9.800000000000000377e-02,0.000000000000000000e+00,5.119263467095322984e-01
2.600000000000000228e-02,9.900000000000000466e-02,0.000000000000000000e+00,4.830591377594704028e-01
2.600000000000000228e-02,1.000000000000000056e-01,0.000000000000000000e+00,5.826018300762725310e-01
2.800000000000000058e-02,0.000000000000000000e+00,0.000000000000000000e+00,5.294234281581273738e-01
2.800000000000000058e-02,1.000000000000000021e-03,0.000000000000000000e+00,5.667847322396769583e-01
2.800000000000000058e-02,2.000000000000000042e-03,0.000000000000000000e+00,4.857320029437218745e-01
2.800000000000000058e-02,3.000000000000000062e-03,0.000000000000000000e+00,5.175917230108042499e-01
2.800000000000000058e-02,4.000000000000000083e-03,0.000000000000000000e+00,5.472047103746973118e-01
2.800000000000000058e-02,5.000000000000000104e-03,0.000000000000000000e+00,4.949035242502192178e-01
2.800000000000000058e-02,6.000000000000000125e-03,0.000000000000000000e+00,4.963938223729840726e-01
2.800000000000000058e-02,7.000000000000000146e-03,0.000000000000000000e+00,5.634386422492365654e-01
2.800000000000000058e-02,8.000000000000000167e-03,0.000000000000000000e+00,5.718904352224360998e-01
2.800000000000000058e-02,9.000000000000001055e-03,0.000000000000000000e+00,4.993697048797921534e-01
2.800000000000000058e-02,1.000000000000000021e-02,0.000000000000000000e+00,4.474496010724000605e-01
2.800000000000000058e-02,1.099999999999999936e-02,0.000000000000000000e+00,5.251112830324582426e-01
2.800000000000000058e-02,1.200000000000000025e-02,0.000000000000000000e+00,5.513262313977785878e-01
2.800000000000000058e-02,1.300000000000000114e-02,0.000000000000000000e+00,5.461430934681370530e-01
2.800000000000000058e-02,1.400000000000000029e-02,0.000000000000000000e+00,5.388058213571169652e-01
2.800000000000000058e-02,1.499999999999999944e-02,0.000000000000000000e+00,5.197111165825325507e-01
2.800000000000000058e-02,1.600000000000000033e-02,0.000000000000000000e+00,5.757250875226502806e-01
2.800000000000000058e-02,1.700000000000000122e-02,0.000000000000000000e+00,6.095791595073341007e-01
2.800000000000000058e-02,1.800000000000000211e-02,0.000000000000000000e+00,6.049224533819592686e-01
2.800000000000000058e-02,1.899999999999999953e-02,0.000000000000000000e+00,5.688685620111202379e-01
2.800000000000000058e-02,2.000000000000000042e-02,0.000000000000000000e+00,6.399993503721537191e-01
2.800000000000000058e-02,2.100000000000000130e-02,0.000000000000000000e+00,5.948385610815225544e-01
2.800000000000000058e-02,2.199999999999999872e-02,0.000000000000000000e+00,5.563550035010766948e-01
2.800000000000000058e-02,2.299999999999999961e-02,0.000000000000000000e+00,4.834563058247377532e-01
2.800000000000000058e-02,2.400000000000000050e-02,0.000000000000000000e+00,5.650046152975783942e-01
2.800000000000000058e-02,2.500000000000000139e-02,0.000000000000000000e+00,5.680006850569012666e-01
2.800000000000000058e-02,2.600000000000000228e-02,0.000000000000000000e+00,4.957184638918850639e-01
2.800000000000000058e-02,2.699999999999999969e-02,0.000000000000000000e+00,4.374482165976987802e-01
2.800000000000000058e-02,2.800000000000000058e-02,0.000000000000000000e+00,5.263844545570675049e-01
2.800000000000000058e-02,2.900000000000000147e-02,0.000000000000000000e+00,5.188519349806381964e-01
2.800000000000000058e-02,2.999999999999999889e-02,0.000000000000000000e+00,5.335644840223303653e-01
2.800000000000000058e-02,3.099999999999999978e-02,0.000000000000000000e+00,5.797843103406001841e-01
2.800000000000000058e-02,3.200000000000000067e-02,0.000000000000000000e+00,5.128014171528960663e-01
2.800000000000000058e-02,3.300000000000000155e-02,0.000000000000000000e+00,5.576069238058015687e-01
2.800000000000000058e-02,3.400000000000000244e-02,0.000000000000000000e+00,5.505736952569969533e-01
2.800000000000000058e-02,3.500000000000000333e-02,0.000000000000000000e+00,5.767650632979373082e-01
2.800000000000000058e-02,3.600000000000000422e-02,0.000000000000000000e+00,5.810304647037973780e-01
2.800000000000000058e-02,3.699999999999999817e-02,0.000000000000000000e+00,5.825324235008543239e-01
2.800000000000000058e-02,3.799999999999999906e-02,0.000000000000000000e+00,5.678542520075831046e-01
2.800000000000000058e-02,3.899999999999999994e-02,0.000000000000000000e+00,5.006488351623312738e-01
2.800000000000000058e-02,4.000000000000000083e-02,0.000000000000000000e+00,4.616368242183716553e-01
2.800000000000000058e-02,4.100000000000000172e-02,0.000000000000000000e+00,5.678918157935818334e-01
2.800000000000000058e-02,4.200000000000000261e-02,0.000000000000000000e+00,4.575730537969429634e-01
2.800000000000000058e-02,4.300000000000000350e-02,0.000000000000000000e+00,4.795505200666730361e-01
2.800000000000000058e-02,4.399999999999999745e-02,0.000000000000000000e+00,4.773805960709728291e-01
2.800000000000000058e-02,4.499999999999999833e-02,0.000000000000000000e+00,4.488095618272941456e-01
2.800000000000000058e-02,4.599999999999999922e-02,0.000000000000000000e+00,4.380833653441397191e-01
2.800000000000000058e-02,4.700000000000000011e-02,0.000000000000000000e+00,4.943130630107508416e-01
2.800000000000000058e-02,4.800000000000000100e-02,0.000000000000000000e+00,4.936201854858371374e-01
2.800000000000000058e-02,4.900000000000000189e-02,0.000000000000000000e+00,6.001034396943563110e-01
2.800000000000000058e-02,5.000000000000000278e-02,0.000000000000000000e+00,5.048343133483517153e-01
2.800000000000000058e-02,5.100000000000000366e-02,0.000000000000000000e+00,4.908879492234819453e-01
2.800000000000000058e-02,5.200000000000000455e-02,0.000000000000000000e+00,5.292677579605519211e-01
2.800000000000000058e-02,5.299999999999999850e-02,0.000000000000000000e+00,5.038875086360863342e-01
2.800000000000000058e-02,5.399999999999999939e-02,0.000000000000000000e+00,5.668312514408417879e-01
2.800000000000000058e-02,5.500000000000000028e-02,0.000000000000000000e+00,4.757495409515847262e-01
2.800000000000000058e-02,5.600000000000000117e-02,0.000000000000000000e+00,5.148817318590082071e-01
2.800000000000000058e-02,5.700000000000000205e-02,0.000000000000000000e+00,4.543146629437883055e-01
2.800000000000000058e-02,5.800000000000000294e-02,0.000000000000000000e+00,4.844939282436773742e-01
2.800000000000000058e-02,5.900000000000000383e-02,0.000000000000000000e+00,4.474281654778975437e-01
2.800000000000000058e-02,5.999999999999999778e-02,0.000000000000000000e+00,4.845802828336772672e-01
2.800000000000000058e-02,6.099999999999999867e-02,0.000000000000000000e+00,4.791471677039456645e-01
2.800000000000000058e-02,6.199999999999999956e-02,0.000000000000000000e+00,6.334071122747189087e-01
2.800000000000000058e-02,6.300000000000000044e-02,0.000000000000000000e+00,4.938583130172082281e-01
2.800000000000000058e-02,6.400000000000000133e-02,0.000000000000000000e+00,5.243821713918328520e-01
2.800000000000000058e-02,6.500000000000000222e-02,0.000000000000000000e+00,6.069407913955129352e-01
2.800000000000000058e-02,6.600000000000000311e-02,0.000000000000000000e+00,5.854439269309956728e-01
2.800000000000000058e-02,6.700000000000000400e-02,0.000000000000000000e+00,6.117739781738920080e-01
2.800000000000000058e-02,6.800000000000000488e-02,0.000000000000000000e+00,6.293554808022978619e-01
2.800000000000000058e-02,6.900000000000000577e-02,0.000000000000000000e+00,6.031555045477632326e-01
2.800000000000000058e-02,7.000000000000000666e-02,0.000000000000000000e+00,5.479933939097306750e-01
2.800000000000000058e-02,7.100000000000000755e-02,0.000000000000000000e+00,5.624852641346896887e-01
2.800000000000000058e-02,7.200000000000000844e-02,0.000000000000000000e+00,5.301884239994658632e-01
2.800000000000000058e-02,7.299999999999999545e-02,0.000000000000000000e+00,4.863693419711593302e-01
2.800000000000000058e-02,7.399999999999999634e-02,0.000000000000000000e+00,5.269511128031973968e-01
2.800000000000000058e-02,7.499999999999999722e-02,0.000000000000000000e+00,6.293201421990656241e-01
2.800000000000000058e-02,7.599999999999999811e-02,0.000000000000000000e+00,4.620969021113716657e-01
2.800000000000000058e-02,7.699999999999999900e-02,0.000000000000000000e+00,5.526098424091108186e-01
2.800000000000000058e-02,7.799999999999999989e-02,0.000000000000000000e+00,5.388218968708039514e-01
2.800000000000000058e-02,7.900000000000000078e-02,0.000000000000000000e+00,5.528529368882877382e-01
2.800000000000000058e-02,8.000000000000000167e-02,0.000000000000000000e+00,5.435483910601380808e-01
2.800000000000000058e-02,8.100000000000000255e-02,0.000000000000000000e+00,6.146895568810539778e-01
2.800000000000000058e-02,8.200000000000000344e-02,0.000000000000000000e+00,5.218984173868199683e-01
2.800000000000000058e-02,8.300000000000000433e-02,0.000000000000000000e+00,5.260772224463692304e-01
2.800000000000000058e-02,8.400000000000000522e-02,0.000000000000000000e+00,5.133388025513687669e-01
2.800000000000000058e-02,8.500000000000000611e-02,0.000000000000000000e+00,5.097351961100351492e-01
2.800000000000000058e-02,8.600000000000000699e-02,0.000000000000000000e+00,4.376082633471427563e-01
2.800000000000000058e-02,8.700000000000000788e-02,0.000000000000000000e+00,5.230370007742617400e-01
2.800000000000000058e-02,8.799999999999999489e-02,0.000000000000000000e+00,5.368489786701603483e-01
2.800000000000000058e-02,8.899999999999999578e-02,0.000000000000000000e+00,4.185111915698976337e-01
2.800000000000000058e-02,8.999999999999999667e-02,0.000000000000000000e+00,5.277430614980693768e-01
2.800000000000000058e-02,9.099999999999999756e-02,0.000000000000000000e+00,4.701045120233256491e-01
2.800000000000000058e-02,9.199999999999999845e-02,0.000000000000000000e+00,5.295500478123900123e-01
2.800000000000000058e-02,9.299999999999999933e-02,0.000000000000000000e+00,5.269742400670262006e-01
2.800000000000000058e-02,9.400000000000000022e-02,0.000000000000000000e+00,5.925241212380381040e-01
2.800000000000000058e-02,9.500000000000000111e-02,0.000000000000000000e+00,5.422244399850235652e-01
2.800000000000000058e-02,9.600000000000000200e-02,0.000000000000000000e+00,5.895201895311775742e-01
2.800000000000000058e-02,9.700000000000000289e-02,0.000000000000000000e+00,5.821185092004597106e-01
2.800000000000000058e-02,9.800000000000000377e-02,0.000000000000000000e+00,5.953546979151602692e-01
2.800000000000000058e-02,9.900000000000000466e-02,0.000000000000000000e+00,5.419959394738577130e-01
2.800000000000000058e-02,1.000000000000000056e-01,0.000000000000000000e+00,6.028913043814971839e-01
2.999999999999999889e-02,0.000000000000000000e+00,0.000000000000000000e+00,6.165963594631456157e-01
2.999999999999999889e-02,1.000000000000000021e-03,0.000000000000000000e+00,6.964477779058597662e-01
2.999999999999999889e-02,2.000000000000000042e-03,0.000000000000000000e+00,5.832817507617410469e-01
2.999999999999999889e-02,3.000000000000000062e-03,0.000000000000000000e+00,5.693695871059691882e-01
2.999999999999999889e-02,4.000000000000000083e-03,0.000000000000000000e+00,5.637923624729699323e-01
2.999999999999999889e-02,5.000000000000000104e-03,0.000000000000000000e+00,5.893643032066886445e-01
2.999999999999999889e-02,6.000000000000000125e-03,0.000000000000000000e+00,5.319272140874508059e-01
2.999999999999999889e-02,7.000000000000000146e-03,0.000000000000000000e+00,5.074149639980434223e-01
2.999999999999999889e-02,8.000000000000000167e-03,0.000000000000000000e+00,5.108958460367942767e-01
2.999999999999999889e-02,9.000000000000001055e-03,0.000000000000000000e+00,5.002720619458180806e-01
2.999999999999999889e-02,1.000000000000000021e-02,0.000000000000000000e+00,5.364426311239058887e-01
2.999999999999999889e-02,1.099999999999999936e-02,0.000000000000000000e+00,5.351046648949306928e-01
2.999999999999999889e-02,1.200000000000000025e-02,0.000000000000000000e+00,5.582323874533509089e-01
2.999999999999999889e-02,1.300000000000000114e-02,0.000000000000000000e+00,6.102527471340808418e-01
2.999999999999999889e-02,1.400000000000000029e-02,0.000000000000000000e+00,6.358778928350614645e-01
2.999999999999999889e-02,1.499999999999999944e-02,0.000000000000000000e+00,5.193891274431619021e-01
2.999999999999999889e-02,1.600000000000000033e-02,0.000000000000000000e+00,5.392430947302417898e-01
2.999999999999999889e-02,1.700000000000000122e-02,0.000000000000000000e+00,5.350374211208939190e-01
2.999999999999999889e-02,1.800000000000000211e-02,0.000000000000000000e+00,6.237222685422045831e-01
2.999999999999999889e-02,1.899999999999999953e-02,0.000000000000000000e+00,5.502499340958277863e-01
2.999999999999999889e-02,2.000000000000000042e-02,0.000000000000000000e+00,5.356557968069828313e-01
2.999999999999999889e-02,2.100000000000000130e-02,0.000000000000000000e+00,5.192036969522226819e-01
2.999999999999999889e-02,2.199999999999999872e-02,0.000000000000000000e+00,5.730608453938343949e-01
2.999999999999999889e-02,2.299999999999999961e-02,0.000000000000000000e+00,6.028271453156754944e-01
2.999999999999999889e-02,2.400000000000000050e-02,0.000000000000000000e+00,5.434452001936871390e-01
2.999999999999999889e-02,2.500000000000000139e-02,0.000000000000000000e+00,5.584011549720475642e-01
2.999999999999999889e-02,2.600000000000000228e-02,0.000000000000000000e+00,5.371492955418460946e-01
2.999999999999999889e-02,2.699999999999999969e-02,0.000000000000000000e+00,4.807843799479933899e-01
2.999999999999999889e-02,2.800000000000000058e-02,0.000000000000000000e+00,4.438841722130319467e-01
2.999999999999999889e-02,2.900000000000000147e-02,0.000000000000000000e+00,4.541344025370490645e-01
2.999999999999999889e-02,2.999999999999999889e-02,0.000000000000000000e+00,4.261964268524677801e-01
2.999999999999999889e-02,3.099999999999999978e-02,0.000000000000000000e+00,5.358613706767789697e-01
2.999999999999999889e-02,3.200000000000000067e-02,0.000000000000000000e+00,4.734789667125432477e-01
2.999999999999999889e-02,3.300000000000000155e-02,0.000000000000000000e+00,4.680931122942778577e-01
2.999999999999999889e-02,3.400000000000000244e-02,0.000000000000000000e+00,4.683911412668211871e-01
2.999999999999999889e-02,3.500000000000000333e-02,0.000000000000000000e+00,5.344839839834167883e-01
2.999999999999999889e-02,3.600000000000000422e-02,0.000000000000000000e+00,5.715034529151490350e-01
2.999999999999999889e-02,3.699999999999999817e-02,0.000000000000000000e+00,4.415444736155711980e-01
2.999999999999999889e-02,3.799999999999999906e-02,0.000000000000000000e+00,4.738676471521515166e-01
2.999999999999999889e-02,3.899999999999999994e-02,0.000000000000000000e+00,4.713113817663704963e-01
2.999999999999999889e-02,4.000000000000000083e-02,0.000000000000000000e+00,4.421638302107633312e-01
2.999999999999999889e-02,4.100000000000000172e-02,0.000000000000000000e+00,4.661986758398806718e-01
2.999999999999999889e-02,4.200000000000000261e-02,0.000000000000000000e+00,4.494697955671384526e-01
2.999999999999999889e-02,4.300000000000000350e-02,0.000000000000000000e+00,4.572139092573274111e-01
2.999999999999999889e-02,4.399999999999999745e-02,0.000000000000000000e+00,5.200460897505652103e-01
2.999999999999999889e-02,4.499999999999999833e-02,0.000000000000000000e+00,4.982047378179184083e-01
2.999999999999999889e-02,4.599999999999999922e-02,0.000000000000000000e+00,4.833427935046484269e-01
2.999999999999999889e-02,4.700000000000000011e-02,0.000000000000000000e+00,5.165186353681572307e-01
2.999999999999999889e-02,4.800000000000000100e-02,0.000000000000000000e+00,4.810030862683765673e-01
2.999999999999999889e-02,4.900000000000000189e-02,0.000000000000000000e+00,5.432694340003230149e-01
2.999999999999999889e-02,5.000000000000000278e-02,0.000000000000000000e+00,3.926752376607926531e-01
2.999999999999999889e-02,5.100000000000000366e-02,0.000000000000000000e+00,4.084187645723295068e-01
2.999999999999999889e-02,5.200000000000000455e-02,0.000000000000000000e+00,4.951010872968388821e-01
2.999999999999999889e-02,5.299999999999999850e-02,0.000000000000000000e+00,4.680742415197687856e-01
2.999999999999999889e-02,5.399999999999999939e-02,0.000000000000000000e+00,4.703028947293135253e-01
2.999999999999999889e-02,5.500000000000000028e-02,0.000000000000000000e+00,4.692377890342618874e-01
2.999999999999999889e-02,5.600000000000000117e-02,0.000000000000000000e+00,5.092950723911318089e-01
2.999999999999999889e-02,5.700000000000000205e-02,0.000000000000000000e+00,4.918248866586874546e-01
2.999999999999999889e-02,5.800000000000000294e-02,0.000000000000000000e+00,4.643306882373923750e-01
2.999999999999999889e-02,5.900000000000000383e-02,0.000000000000000000e+00,4.451910941975769087e-01
2.999999999999999889e-02,5.999999999999999778e-02,0.000000000000000000e+00,5.046223346573650570e-01
2.999999999999999889e-02,6.099999999999999867e-02,0.000000000000000000e+00,4.367406390984424625e-01
2.999999999999999889e-02,6.199999999999999956e-02,0.000000000000000000e+00,5.622076281815355792e-01
2.999999999999999889e-02,6.300000000000000044e-02,0.000000000000000000e+00,4.716374628079061937e-01
2.999999999999999889e-02,6.400000000000000133e-02,0.000000000000000000e+00,4.899794224556871525e-01
2.999999999999999889e-02,6.500000000000000222e-02,0.000000000000000000e+00,6.067694666794352099e-01
2.999999999999999889e-02,6.600000000000000311e-02,0.000000000000000000e+00,5.917222516350757466e-01
2.999999999999999889e-02,6.700000000000000400e-02,0.000000000000000000e+00,5.706670815505809902e-01
2.999999999999999889e-02,6.800000000000000488e-02,0.000000000000000000e+00,6.489103308584791563e-01
2.999999999999999889e-02,6.900000000000000577e-02,0.000000000000000000e+00,6.336960084317585506e-01
2.999999999999999889e-02,7.000000000000000666e-02,0.000000000000000000e+00,5.673463903127681229e-01
2.999999999999999889e-02,7.100000000000000755e-02,0.000000000000000000e+00,4.858468245728241874e-01
2.999999999999999889e-02,7.200000000000000844e-02,0.000000000000000000e+00,4.527967601479470638e-01
2.999999999999999889e-02,7.299999999999999545e-02,0.000000000000000000e+00,5.218431762631233761e-01
2.999999999999999889e-02,7.399999999999999634e-02,0.000000000000000000e+00,4.770056408086961741e-01
2.999999999999999889e-02,7.499999999999999722e-02,0.000000000000000000e+00,5.888191250961705148e-01
2.999999999999999889e-02,7.599999999999999811e-02,0.000000000000000000e+00,4.759307187992425359e-01
2.999999999999999889e-02,7.699999999999999900e-02,0.000000000000000000e+00,4.958347061220111929e-01
2.999999999999999889e-02,7.799999999999999989e-02,0.000000000000000000e+00,4.853436754745023562e-01
2.999999999999999889e-02,7.900000000000000078e-02,0.000000000000000000e+00,5.325326427609569091e-01
2.999999999999999889e-02,8.000000000000000167e-02,0.000000000000000000e+00,4.903960119966013775e-01
2.999999999999999889e-02,8.100000000000000255e-02,0.000000000000000000e+00,6.227109535496335724e-01
2.999999999999999889e-02,8.200000000000000344e-02,0.000000000000000000e+00,5.542052335191933743e-01
2.999999999999999889e-02,8.300000000000000433e-02,0.000000000000000000e+00,5.224351665977271519e-01
2.999999999999999889e-02,8.400000000000000522e-02,0.000000000000000000e+00,4.758876408465980146e-01
2.999999999999999889e-02,8.500000000000000611e-02,0.000000000000000000e+00,4.614031350925690833e-01
2.999999999999999889e-02,8.600000000000000699e-02,0.000000000000000000e+00,5.700218204371293451e-01
2.999999999999999889e-02,8.700000000000000788e-02,0.000000000000000000e+00,5.589477992127076522e-01
2.999999999999999889e-02,8.799999999999999489e-02,0.000000000000000000e+00,5.632940881320791515e-01
2.999999999999999889e-02,8.899999999999999578e-02,0.000000000000000000e+00,4.305471561368465760e-01
2.999999999999999889e-02,8.999999999999999667e-02,0.000000000000000000e+00,4.565680238001907365e-01
2.999999999999999889e-02,9.099999999999999756e-02,0.000000000000000000e+00,3.784172985855668858e-01
2.999999999999999889e-02,9.199999999999999845e-02,0.000000000000000000e+00,4.654092462739253255e-01
2.999999999999999889e-02,9.299999999999999933e-02,0.000000000000000000e+00,4.398207457911958995e-01
2.999999999999999889e-02,9.400000000000000022e-02,0.000000000000000000e+00,5.464364725147052848e-01
2.999999999999999889e-02,9.500000000000000111e-02,0.000000000000000000e+00,5.123373030258606686e-01
2.999999999999999889e-02,9.600000000000000200e-02,0.000000000000000000e+00,5.416131403350821216e-01
2.999999999999999889e-02,9.700000000000000289e-02,0.000000000000000000e+00,5.667189869978312977e-01
2.999999999999999889e-02,9.800000000000000377e-02,0.000000000000000000e+00,5.832126035253855090e-01
2.999999999999999889e-02,9.900000000000000466e-02,0.000000000000000000e+00,6.746328990188342756e-01
2.999999999999999889e-02,1.000000000000000056e-01,0.000000000000000000e+00,6.735305811290301925e-01
3.200000000000000067e-02,0.000000000000000000e+00,0.000000000000000000e+00,5.018945380493190500e-01
3.200000000000000067e-02,1.000000000000000021e-03,0.000000000000000000e+00,5.663231657755070092e-01
3.200000000000000067e-02,2.000000000000000042e-03,0.000000000000000000e+00,5.053566959724463681e-01
3.200000000000000067e-02,3.000000000000000062e-03,0.000000000000000000e+00,5.164732289968448908e-01
3.200000000000000067e-02,4.000000000000000083e-03,0.000000000000000000e+00,5.301187120660157959e-01
3.200000000000000067e-02,5.000000000000000104e-03,0.000000000000000000e+00,5.707031017782815407e-01
3.200000000000000067e-02,6.000000000000000125e-03,0.000000000000000000e+00,5.590191890896782922e-01
3.200000000000000067e-02,7.000000000000000146e-03,0.000000000000000000e+00,5.234492513996875651e-01
3.200000000000000067e-02,8.000000000000000167e-03,0.000000000000000000e+00,5.355175728126980728e-01
3.200000000000000067e-02,9.000000000000001055e-03,0.000000000000000000e+00,5.139897519924991887e-01
3.200000000000000067e-02,1.000000000000000021e-02,0.000000000000000000e+00,5.514928831495904404e-01
3.200000000000000067e-02,1.099999999999999936e-02,0.000000000000000000e+00,4.650725799271444583e-01
3.200000000000000067e-02,1.200000000000000025e-02,0.000000000000000000e+00,4.809714296529937205e-01
3.200000000000000067e-02,1.300000000000000114e-02,0.000000000000000000e+00,4.761377890767422572e-01
3.200000000000000067e-02,1.400000000000000029e-02,0.000000000000000000e+00,4.673795055722574920e-01
3.200000000000000067e-02,1.499999999999999944e-02,0.000000000000000000e+00,4.140338711886340506e-01
3.200000000000000067e-02,1.600000000000000033e-02,0.000000000000000000e+00,4.592481543767488739e-01
3.200000000000000067e-02,1.700000000000000122e-02,0.000000000000000000e+00,4.781928310271802984e-01
3.200000000000000067e-02,1.800000000000000211e-02,0.000000000000000000e+00,5.645931953390129765e-01
3.200000000000000067e-02,1.899999999999999953e-02,0.000000000000000000e+00,5.948561624661535818e-01
3.200000000000000067e-02,2.000000000000000042e-02,0.000000000000000000e+00,5.732173831204159242e-01
3.200000000000000067e-02,2.100000000000000130e-02,0.000000000000000000e+00,5.881068474055191064e-01
3.200000000000000067e-02,2.199999999999999872e-02,0.000000000000000000e+00,6.292131536603291497e-01
3.200000000000000067e-02,2.299999999999999961e-02,0.000000000000000000e+00,6.438987294307016995e-01
3.200000000000000067e-02,2.400000000000000050e-02,0.000000000000000000e+00,5.220717438042762337e-01
3.200000000000000067e-02,2.500000000000000139e-02,0.000000000000000000e+00,5.729512957739484325e-01
3.200000000000000067e-02,2.600000000000000228e-02,0.000000000000000000e+00,5.521946420773810038e-01
3.200000000000000067e-02,2.699999999999999969e-02,0.000000000000000000e+00,4.453047312447139250e-01
3.200000000000000067e-02,2.800000000000000058e-02,0.000000000000000000e+00,4.294096308109324744e-01
3.200000000000000067e-02,2.900000000000000147e-02,0.000000000000000000e+00,4.374283796437001270e-01
3.200000000000000067e-02,2.999999999999999889e-02,0.000000000000000000e+00,4.109230637769039074e-01
3.200000000000000067e-02,3.099999999999999978e-02,0.000000000000000000e+00,4.884703932163872997e-01
3.200000000000000067e-02,3.200000000000000067e-02,0.000000000000000000e+00,5.413629908535124713e-01
3.200000000000000067e-02,3.300000000000000155e-02,0.000000000000000000e+00,5.145807039002670003e-01
3.200000000000000067e-02,3.400000000000000244e-02,0.000000000000000000e+00,5.249465310853187461e-01
3.200000000000000067e-02,3.500000000000000333e-02,0.000000000000000000e+00,5.499785849943468197e-01
3.200000000000000067e-02,3.600000000000000422e-02,0.000000000000000000e+00,5.436628602183184444e-01
3.200000000000000067e-02,3.699999999999999817e-02,0.000000000000000000e+00,4.434005408450564234e-01
3.200000000000000067e-02,3.799999999999999906e-02,0.000000000000000000e+00,5.305219784090871027e-01
3.200000000000000067e-02,3.899999999999999994e-02,0.000000000000000000e+00,5.519392538538406834e-01
3.200000000000000067e-02,4.000000000000000083e-02,0.000000000000000000e+00,4.842260354131562305e-01
3.200000000000000067e-02,4.100000000000000172e-02,0.000000000000000000e+00,4.990394207129568160e-01
3.200000000000000067e-02,4.200000000000000261e-02,0.000000000000000000e+00,4.586413851158409605e-01
3.200000000000000067e-02,4.300000000000000350e-02,0.000000000000000000e+00,4.765567919387667106e-01
3.200000000000000067e-02,4.399999999999999745e-02,0.000000000000000000e+00,5.332800043441887627e-01
3.200000000000000067e-02,4.499999999999999833e-02,0.000000000000000000e+00,5.843562996685700561e-01
3.200000000000000067e-02,4.599999999999999922e-02,0.000000000000000000e+00,5.495573993073186170e-01
3.200000000000000067e-02,4.700000000000000011e-02,0.000000000000000000e+00,5.574449552270948072e-01
3.200000000000000067e-02,4.800000000000000100e-02,0.000000000000000000e+00,4.622080373323019797e-01
3.200000000000000067e-02,4.900000000000000189e-02,0.000000000000000000e+00,4.888808160332050456e-01
3.200000000000000067e-02,5.000000000000000278e-02,0.000000000000000000e+00,4.295360683182609107e-01
3.200000000000000067e-02,5.100000000000000366e-02,0.000000000000000000e+00,4.518554851123350313e-01
3.200000000000000067e-02,5.200000000000000455e-02,0.000000000000000000e+00,5.487939662298718657e-01
3.200000000000000067e-02,5.299999999999999850e-02,0.000000000000000000e+00,5.048192621385829693e-01
3.200000000000000067e-02,5.399999999999999939e-02,0.000000000000000000e+00,4.840462016175622328e-01
3.200000000000000067e-02,5.500000000000000028e-02,0.000000000000000000e+00,4.306985075561965970e-01
3.200000000000000067e-02,5.600000000000000117e-02,0.000000000000000000e+00,5.131444937272925388e-01
3.200000000000000067e-02,5.700000000000000205e-02,0.000000000000000000e+00,4.988515313113645600e-01
3.200000000000000067e-02,5.800000000000000294e-02,0.000000000000000000e+00,4.842678803074076943e-01
3.200000000000000067e-02,5.900000000000000383e-02,0.000000000000000000e+00,4.509819972642745700e-01
3.200000000000000067e-02,5.999999999999999778e-02,0.000000000000000000e+00,4.641638900805506451e-01
3.200000000000000067e-02,6.099999999999999867e-02,0.000000000000000000e+00,3.441881171191893962e-01
3.200000000000000067e-02,6.199999999999999956e-02,0.000000000000000000e+00,4.690024885776020724e-01
3.200000000000000067e-02,6.300000000000000044e-02,0.000000000000000000e+00,4.448156331442173483e-01
3.200000000000000067e-02,6.400000000000000133e-02,0.000000000000000000e+00,4.243232692080718960e-01
3.200000000000000067e-02,6.500000000000000222e-02,0.000000000000000000e+00,5.781687446512451256e-01
3.200000000000000067e-02,6.600000000000000311e-02,0.000000000000000000e+00,5.686372842644478176e-01
3.200000000000000067e-02,6.700000000000000400e-02,0.000000000000000000e+00,5.454155079316121979e-01
3.200000000000000067e-02,6.800000000000000488e-02,0.000000000000000000e+00,5.779835020841388449e-01
3.200000000000000067e-02,6.900000000000000577e-02,0.000000000000000000e+00,6.631772327893028507e-01
3.200000000000000067e-02,7.000000000000000666e-02,0.000000000000000000e+00,5.773437825427287784e-01
3.200000000000000067e-02,7.100000000000000755e-02,0.000000000000000000e+00,5.332845729199469087e-01
3.200000000000000067e-02,7.200000000000000844e-02,0.000000000000000000e+00,4.921797543732938096e-01
3.200000000000000067e-02,7.299999999999999545e-02,0.000000000000000000e+00,5.142945827847498208e-01
3.200000000000000067e-02,7.399999999999999634e-02,0.000000000000000000e+00,4.303403198048016409e-01
3.200000000000000067e-02,7.499999999999999722e-02,0.000000000000000000e+00,5.826540279526277732e-01
3.200000000000000067e-02,7.599999999999999811e-02,0.000000000000000000e+00,4.633164196304541682e-01
3.200000000000000067e-02,7.699999999999999900e-02,0.000000000000000000e+00,4.405008147626960913e-01
3.200000000000000067e-02,7.799999999999999989e-02,0.000000000000000000e+00,4.936013348977580928e-01
3.200000000000000067e-02,7.900000000000000078e-02,0.000000000000000000e+00,5.060799394804553764e-01
3.200000000000000067e-02,8.000000000000000167e-02,0.000000000000000000e+00,4.505894142486170373e-01
3.200000000000000067e-02,8.100000000000000255e-02,0.000000000000000000e+00,5.334019326169454622e-01
3.200000000000000067e-02,8.200000000000000344e-02,0.000000000000000000e+00,5.708656584571409898e-01
3.200000000000000067e-02,8.300000000000000433e-02,0.000000000000000000e+00,4.590496693709042453e-01
3.200000000000000067e-02,8.400000000000000522e-02,0.000000000000000000e+00,5.024675588250566705e-01
3.200000000000000067e-02,8.500000000000000611e-02,0.000000000000000000e+00,4.491460726133897352e-01
3.200000000000000067e-02,8.600000000000000699e-02,0.000000000000000000e+00,5.105924403145484236e-01
3.200000000000000067e-02,8.700000000000000788e-02,0.000000000000000000e+00,4.954341345456676482e-01
3.200000000000000067e-02,8.799999999999999489e-02,0.000000000000000000e+00,5.911083259714665639e-01
3.200000000000000067e-02,8.899999999999999578e-02,0.000000000000000000e+00,4.428421270304222501e-01
3.200000000000000067e-02,8.999999999999999667e-02,0.000000000000000000e+00,4.674338792763196304e-01
3.200000000000000067e-02,9.099999999999999756e-02,0.000000000000000000e+00,4.443668195017031475e-01
3.200000000000000067e-02,9.199999999999999845e-02,0.000000000000000000e+00,4.750705825348535694e-01
3.200000000000000067e-02,9.299999999999999933e-02,0.000000000000000000e+00,4.294452750889458659e-01
3.200000000000000067e-02,9.400000000000000022e-02,0.000000000000000000e+00,4.963309681426608111e-01
3.200000000000000067e-02,9.500000000000000111e-02,0.000000000000000000e+00,5.138642429932419597e-01
3.200000000000000067e-02,9.600000000000000200e-02,0.000000000000000000e+00,4.518684717520349836e-01
3.200000000000000067e-02,9.700000000000000289e-02,0.000000000000000000e+00,5.455658692311596836e-01
3.200000000000000067e-02,9.800000000000000377e-02,0.000000000000000000e+00,4.962974829486446193e-01
3.200000000000000067e-02,9.900000000000000466e-02,0.000000000000000000e+00,5.523908836508930609e-01
3.200000000000000067e-02,1.000000000000000056e-01,0.000000000000000000e+00,5.698567967088841169e-01
3.400000000000000244e-02,0.000000000000000000e+00,0.000000000000000000e+00,4.675984424786731597e-01
3.400000000000000244e-02,1.000000000000000021e-03,0.000000000000000000e+00,5.525219899148352543e-01
3.400000000000000244e-02,2.000000000000000042e-03,0.000000000000000000e+00,5.159234228705944503e-01
3.400000000000000244e-02,3.000000000000000062e-03,0.000000000000000000e+00,4.955561083259618638e-01
3.400000000000000244e-02,4.000000000000000083e-03,0.000000000000000000e+00,5.056587017696452246e-01
3.400000000000000244e-02,5.000000000000000104e-03,0.000000000000000000e+00,5.422126620709006861e-01
3.400000000000000244e-02,6.000000000000000125e-03,0.000000000000000000e+00,5.351663190015196747e-01
3.400000000000000244e-02,7.000000000000000146e-03,0.000000000000000000e+00,5.393194059935657592e-01
3.400000000000000244e-02,8.000000000000000167e-03,0.000000000000000000e+00,5.145886609662277955e-01
3.400000000000000244e-02,9.000000000000001055e-03,0.000000000000000000e+00,4.765930143646125994e-01
3.400000000000000244e-02,1.000000000000000021e-02,0.000000000000000000e+00,5.266189092156617901e-01
3.400000000000000244e-02,1.099999999999999936e-02,0.000000000000000000e+00,5.049396095354198311e-01
3.400000000000000244e-02,1.200000000000000025e-02,0.000000000000000000e+00,4.616686520442395136e-01
3.400000000000000244e-02,1.300000000000000114e-02,0.000000000000000000e+00,4.453559532079695571e-01
3.400000000000000244e-02,1.400000000000000029e-02,0.000000000000000000e+00,4.830163958977175542e-01
3.400000000000000244e-02,1.499999999999999944e-02,0.000000000000000000e+00,4.682811501044070179e-01
3.400000000000000244e-02,1.600000000000000033e-02,0.000000000000000000e+00,4.880747466276377233e-01
3.400000000000000244e-02,1.700000000000000122e-02,0.000000000000000000e+00,5.079608525823423593e-01
3.400000000000000244e-02,1.800000000000000211e-02,0.000000000000000000e+00,5.720236460871606088e-01
3.400000000000000244e-02,1.899999999999999953e-02,0.000000000000000000e+00,5.981027999696195696e-01
3.400000000000000244e-02,2.000000000000000042e-02,0.000000000000000000e+00,6.133010593202767868e-01
3.400000000000000244e-02,2.100000000000000130e-02,0.000000000000000000e+00,5.797080384827407729e-01
3.400000000000000244e-02,2.199999999999999872e-02,0.000000000000000000e+00,6.026981929794739123e-01
3.400000000000000244e-02,2.299999999999999961e-02,0.000000000000000000e+00,5.925698345771186482e-01
3.400000000000000244e-02,2.400000000000000050e-02,0.000000000000000000e+00,5.649320078401338652e-01
3.400000000000000244e-02,2.500000000000000139e-02,0.000000000000000000e+00,5.051569086493790106e-01
3.400000000000000244e-02,2.600000000000000228e-02,0.000000000000000000e+00,5.180686287846700822e-01
3.400000000000000244e-02,2.699999999999999969e-02,0.000000000000000000e+00,4.619241651610526689e-01
3.400000000000000244e-02,2.800000000000000058e-02,0.000000000000000000e+00,4.950155252614116819e-01
3.400000000000000244e-02,2.900000000000000147e-02,0.000000000000000000e+00,5.038853312453512867e-01
3.400000000000000244e-02,2.999999999999999889e-02,0.000000000000000000e+00,4.584871477603774115e-01
3.400000000000000244e-02,3.099999999999999978e-02,0.000000000000000000e+00,5.032758769097045448e-01
3.400000000000000244e-02,3.200000000000000067e-02,0.000000000000000000e+00,5.590340367539712307e-01
3.400000000000000244e-02,3.300000000000000155e-02,0.000000000000000000e+00,5.554463391936488303e-01
3.400000000000000244e-02,3.400000000000000244e-02,0.000000000000000000e+00,5.466972206789356692e-01
3.400000000000000244e-02,3.500000000000000333e-02,0.000000000000000000e+00,5.450560564316571099e-01
3.400000000000000244e-02,3.600000000000000422e-02,0.000000000000000000e+00,4.704306460376795340e-01
3.400000000000000244e-02,3.699999999999999817e-02,0.000000000000000000e+00,4.810531368889486292e-01
3.400000000000000244e-02,3.799999999999999906e-02,0.000000000000000000e+00,4.571132959716910915e-01
3.400000000000000244e-02,3.899999999999999994e-02,0.000000000000000000e+00,5.281363204912085108e-01
3.400000000000000244e-02,4.000000000000000083e-02,0.000000000000000000e+00,4.957472885104119986e-01
3.400000000000000244e-02,4.100000000000000172e-02,0.000000000000000000e+00,5.750859594239441375e-01
3.400000000000000244e-02,4.200000000000000261e-02,0.000000000000000000e+00,5.479435263742551410e-01
3.400000000000000244e-02,4.300000000000000350e-02,0.000000000000000000e+00,5.013723604677833290e-01
3.400000000000000244e-02,4.399999999999999745e-02,0.000000000000000000e+00,5.495890495344851745e-01
3.400000000000000244e-02,4.499999999999999833e-02,0.000000000000000000e+00,6.204108304290529841e-01
3.400000000000000244e-02,4.599999999999999922e-02,0.000000000000000000e+00,5.882953092592833055e-01
3.400000000000000244e-02,4.700000000000000011e-02,0.000000000000000000e+00,6.048832630308527136e-01
3.400000000000000244e-02,4.800000000000000100e-02,0.000000000000000000e+00,4.658638931694235596e-01
3.400000000000000244e-02,4.900000000000000189e-02,0.000000000000000000e+00,4.258220487514965957e-01
3.400000000000000244e-02,5.000000000000000278e-02,0.000000000000000000e+00,4.475847591815337312e-01
3.400000000000000244e-02,5.100000000000000366e-02,0.000000000000000000e+00,4.024449884033167724e-01
3.400000000000000244e-02,5.200000000000000455e-02,0.000000000000000000e+00,4.972804870705023750e-01
3.400000000000000244e-02,5.299999999999999850e-02,0.000000000000000000e+00,4.696403386902672783e-01
3.400000000000000244e-02,5.399999999999999939e-02,0.000000000000000000e+00,5.391389241653068432e-01
3.400000000000000244e-02,5.500000000000000028e-02,0.000000000000000000e+00,4.931988233491019225e-01
3.400000000000000244e-02,5.600000000000000117e-02,0.000000000000000000e+00,4.901929694710606134e-01
3.400000000000000244e-02,5.700000000000000205e-02,0.000000000000000000e+00,5.262241713024851109e-01
3.400000000000000244e-02,5.800000000000000294e-02,0.000000000000000000e+00,5.419995135389443774e-01
3.400000000000000244e-02,5.900000000000000383e-02,0.000000000000000000e+00,5.154021566250142072e-01
3.400000000000000244e-02,5.999999999999999778e-02,0.000000000000000000e+00,5.502681885719518107e-01
3.400000000000000244e-02,6.099999999999999867e-02,0.000000000000000000e+00,3.951188502365743371e-01
3.400000000000000244e-02,6.199999999999999956e-02,0.000000000000000000e+00,4.639898351702800849e-01
3.400000000000000244e-02,6.300000000000000044e-02,0.000000000000000000e+00,4.531480835593136858e-01
3.400000000000000244e-02,6.400000000000000133e-02,0.000000000000000000e+00,4.141553835342155487e-01
3.400000000000000244e-02,6.500000000000000222e-02,0.000000000000000000e+00,5.068697379729616426e-01
3.400000000000000244e-02,6.600000000000000311e-02,0.000000000000000000e+00,4.835220169785628963e-01
3.400000000000000244e-02,6.700000000000000400e-02,0.000000000000000000e+00,5.471351488571751798e-01
3.400000000000000244e-02,6.800000000000000488e-02,0.000000000000000000e+00,5.586997139364090481e-01
3.400000000000000244e-02,6.900000000000000577e-02,0.000000000000000000e+00,5.781159820729815380e-01
3.400000000000000244e-02,7.000000000000000666e-02,0.000000000000000000e+00,5.697218911734277524e-01
3.400000000000000244e-02,7.100000000000000755e-02,0.000000000000000000e+00,5.447335312797658702e-01
3.400000000000000244e-02,7.200000000000000844e-02,0.000000000000000000e+00,5.544664265234571232e-01
3.400000000000000244e-02,7.299999999999999545e-02,0.000000000000000000e+00,5.843175736483177118e-01
3.400000000000000244e-02,7.399999999999999634e-02,0.000000000000000000e+00,5.223076955102192720e-01
3.400000000000000244e-02,7.499999999999999722e-02,0.000000000000000000e+00,6.189338214027702012e-01
3.400000000000000244e-02,7.599999999999999811e-02,0.000000000000000000e+00,4.985256586890123298e-01
3.400000000000000244e-02,7.699999999999999900e-02,0.000000000000000000e+00,5.149330631036634909e-01
3.400000000000000244e-02,7.799999999999999989e-02,0.000000000000000000e+00,5.173033184636990356e-01
3.400000000000000244e-02,7.900000000000000078e-02,0.000000000000000000e+00,4.837202515714004170e-01
3.400000000000000244e-02,8.000000000000000167e-02,0.000000000000000000e+00,4.748005168008834209e-01
3.400000000000000244e-02,8.100000000000000255e-02,0.000000000000000000e+00,5.118351340820792572e-01
3.400000000000000244e-02,8.200000000000000344e-02,0.000000000000000000e+00,5.076203446574384381e-01
3.400000000000000244e-02,8.300000000000000433e-02,0.000000000000000000e+00,4.432113159490044252e-01
3.400000000000000244e-02,8.400000000000000522e-02,0.000000000000000000e+00,4.702710740959638036e-01
3.400000000000000244e-02,8.500000000000000611e-02,0.000000000000000000e+00,4.810679869330489744e-01
3.400000000000000244e-02,8.600000000000000699e-02,0.000000000000000000e+00,4.929070395376101144e-01
3.400000000000000244e-02,8.700000000000000788e-02,0.000000000000000000e+00,5.359639026299070075e-01
3.400000000000000244e-02,8.799999999999999489e-02,0.000000000000000000e+00,6.040147665238602137e-01
3.400000000000000244e-02,8.899999999999999578e-02,0.000000000000000000e+00,4.771847034391354936e-01
3.400000000000000244e-02,8.999999999999999667e-02,0.000000000000000000e+00,5.518414040383847752e-01
3.400000000000000244e-02,9.099999999999999756e-02,0.000000000000000000e+00,5.093846592780870708e-01
3.400000000000000244e-02,9.199999999999999845e-02,0.000000000000000000e+00,4.874165553739519541e-01
3.400000000000000244e-02,9.299999999999999933e-02,0.000000000000000000e+00,4.492180419097190347e-01
3.400000000000000244e-02,9.400000000000000022e-02,0.000000000000000000e+00,4.821454055696796637e-01
3.400000000000000244e-02,9.500000000000000111e-02,0.000000000000000000e+00,4.792390216889020338e-01
3.400000000000000244e-02,9.600000000000000200e-02,0.000000000000000000e+00,4.201301326227252497e-01
3.400000000000000244e-02,9.700000000000000289e-02,0.000000000000000000e+00,4.814593254793965160e-01
3.400000000000000244e-02,9.800000000000000377e-02,0.000000000000000000e+00,4.656757259505197033e-01
3.400000000000000244e-02,9.900000000000000466e-02,0.000000000000000000e+00,4.577667325181643543e-01
3.400000000000000244e-02,1.000000000000000056e-01,0.000000000000000000e+00,5.314450515376246686e-01
3.600000000000000422e-02,0.000000000000000000e+00,0.000000000000000000e+00,4.913782940413531364e-01
3.600000000000000422e-02,1.000000000000000021e-03,0.000000000000000000e+00,5.705020632210238141e-01
3.600000000000000422e-02,2.000000000000000042e-03,0.000000000000000000e+00,4.945444814727482652e-01
3.600000000000000422e-02,3.000000000000000062e-03,0.000000000000000000e+00,4.242106914659322103e-01
3.600000000000000422e-02,4.000000000000000083e-03,0.000000000000000000e+00,4.430048867898668252e-01
3.600000000000000422e-02,5.000000000000000104e-03,0.000000000000000000e+00,4.698858656017881330e-01
3.600000000000000422e-02,6.000000000000000125e-03,0.000000000000000000e+00,5.154572828449708322e-01
3.600000000000000422e-02,7.000000000000000146e-03,0.000000000000000000e+00,4.972117634686207266e-01
3.600000000000000422e-02,8.000000000000000167e-03,0.000000000000000000e+00,5.088677127628872254e-01
3.600000000000000422e-02,9.000000000000001055e-03,0.000000000000000000e+00,4.610305902232885167e-01
3.600000000000000422e-02,1.000000000000000021e-02,0.000000000000000000e+00,4.764121133766047733e-01
3.600000000000000422e-02,1.099999999999999936e-02,0.000000000000000000e+00,4.804507505458406880e-01
3.600000000000000422e-02,1.200000000000000025e-02,0.000000000000000000e+00,5.363747116298148709e-01
3.600000000000000422e-02,1.300000000000000114e-02,0.000000000000000000e+00,4.952430816161736415e-01
3.600000000000000422e-02,1.400000000000000029e-02,0.000000000000000000e+00,5.429228162773411803e-01
3.600000000000000422e-02,1.499999999999999944e-02,0.000000000000000000e+00,4.619057528705062809e-01
3.600000000000000422e-02,1.600000000000000033e-02,0.000000000000000000e+00,4.493184639359890653e-01
3.600000000000000422e-02,1.700000000000000122e-02,0.000000000000000000e+00,4.908398906629373726e-01
3.600000000000000422e-02,1.800000000000000211e-02,0.000000000000000000e+00,5.520731238559661858e-01
3.600000000000000422e-02,1.899999999999999953e-02,0.000000000000000000e+00,5.959011739798394380e-01
3.600000000000000422e-02,2.000000000000000042e-02,0.000000000000000000e+00,5.563583008164776356e-01
3.600000000000000422e-02,2.100000000000000130e-02,0.000000000000000000e+00,5.610601579685752238e-01
3.600000000000000422e-02,2.199999999999999872e-02,0.000000000000000000e+00,5.721778015578602439e-01
3.600000000000000422e-02,2.299999999999999961e-02,0.000000000000000000e+00,4.842023034935221126e-01
3.600000000000000422e-02,2.400000000000000050e-02,0.000000000000000000e+00,5.211104523639225050e-01
3.600000000000000422e-02,2.500000000000000139e-02,0.000000000000000000e+00,5.859606390544643828e-01
3.600000000000000422e-02,2.600000000000000228e-02,0.000000000000000000e+00,5.391994902062595685e-01
3.600000000000000422e-02,2.699999999999999969e-02,0.000000000000000000e+00,5.263055977457586909e-01
3.600000000000000422e-02,2.800000000000000058e-02,0.000000000000000000e+00,4.973032893126901888e-01
3.600000000000000422e-02,2.900000000000000147e-02,0.000000000000000000e+00,5.481828886061256290e-01
3.600000000000000422e-02,2.999999999999999889e-02,0.000000000000000000e+00,5.205986382394462986e-01
3.600000000000000422e-02,3.099999999999999978e-02,0.000000000000000000e+00,5.645417147667584068e-01
3.600000000000000422e-02,3.200000000000000067e-02,0.000000000000000000e+00,5.839250086734397716e-01
3.600000000000000422e-02,3.300000000000000155e-02,0.000000000000000000e+00,5.308182320597578663e-01
3.600000000000000422e-02,3.400000000000000244e-02,0.000000000000000000e+00,5.491131284645983657e-01
3.600000000000000422e-02,3.500000000000000333e-02,0.000000000000000000e+00,5.439343747657526817e-01
3.600000000000000422e-02,3.600000000000000422e-02,0.000000000000000000e+00,3.836618908469980882e-01
3.600000000000000422e-02,3.699999999999999817e-02,0.000000000000000000e+00,4.725484617133393073e-01
3.600000000000000422e-02,3.799999999999999906e-02,0.000000000000000000e+00,5.429433660022520147e-01
3.600000000000000422e-02,3.899999999999999994e-02,0.000000000000000000e+00,5.292674618392403385e-01
3.600000000000000422e-02,4.000000000000000083e-02,0.000000000000000000e+00,5.497192433110490439e-01
3.600000000000000422e-02,4.100000000000000172e-02,0.000000000000000000e+00,5.902478469094145641e-01
3.600000000000000422e-02,4.200000000000000261e-02,0.000000000000000000e+00,6.529400841970424141e-01
3.600000000000000422e-02,4.300000000000000350e-02,0.000000000000000000e+00,5.915931909370037989e-01
3.600000000000000422e-02,4.399999999999999745e-02,0.000000000000000000e+00,6.265416606894114171e-01
3.600000000000000422e-02,4.499999999999999833e-02,0.000000000000000000e+00,6.700193382441319567e-01
3.600000000000000422e-02,4.599999999999999922e-02,0.000000000000000000e+00,6.068115816325869716e-01
3.600000000000000422e-02,4.700000000000000011e-02,0.000000000000000000e+00,6.305271477592331308e-01
3.600000000000000422e-02,4.800000000000000100e-02,0.000000000000000000e+00,4.979499570615716908e-01
3.600000000000000422e-02,4.900000000000000189e-02,0.000000000000000000e+00,4.173051359244247527e-01
3.600000000000000422e-02,5.000000000000000278e-02,0.000000000000000000e+00,4.929118869530941249e-01
3.600000000000000422e-02,5.100000000000000366e-02,0.000000000000000000e+00,5.030194927335676081e-01
3.600000000000000422e-02,5.200000000000000455e-02,0.000000000000000000e+00,4.875487154187039818e-01
3.600000000000000422e-02,5.299999999999999850e-02,0.000000000000000000e+00,4.889892849125758723e-01
3.600000000000000422e-02,5.399999999999999939e-02,0.000000000000000000e+00,5.549030418419149679e-01
3.600000000000000422e-02,5.500000000000000028e-02,0.000000000000000000e+00,5.744646046473986800e-01
3.600000000000000422e-02,5.600000000000000117e-02,0.000000000000000000e+00,5.249360117953760785e-01
3.600000000000000422e-02,5.700000000000000205e-02,0.000000000000000000e+00,5.439243833474849410e-01
3.600000000000000422e-02,5.800000000000000294e-02,0.000000000000000000e+00,5.876488371303627556e-01
3.600000000000000422e-02,5.900000000000000383e-02,0.000000000000000000e+00,5.213564114068871547e-01
3.600000000000000422e-02,5.999999999999999778e-02,0.000000000000000000e+00,5.564697487785612573e-01
3.600000000000000422e-02,6.099999999999999867e-02,0.000000000000000000e+00,4.234718553592322632e-01
3.600000000000000422e-02,6.199999999999999956e-02,0.000000000000000000e+00,4.956763380467905100e-01
3.600000000000000422e-02,6.300000000000000044e-02,0.000000000000000000e+00,5.128911977456520610e-01
3.600000000000000422e-02,6.400000000000000133e-02,0.000000000000000000e+00,5.027738853325340873e-01
3.600000000000000422e-02,6.500000000000000222e-02,0.000000000000000000e+00,4.858059594259920844e-01
3.600000000000000422e-02,6.600000000000000311e-02,0.000000000000000000e+00,4.723390243923977772e-01
3.600000000000000422e-02,6.700000000000000400e-02,0.000000000000000000e+00,5.600553628445766874e-01
3.600000000000000422e-02,6.800000000000000488e-02,0.000000000000000000e+00,5.518559098596598211e-01
3.600000000000000422e-02,6.900000000000000577e-02,0.000000000000000000e+00,5.395290540622905695e-01
3.600000000000000422e-02,7.000000000000000666e-02,0.000000000000000000e+00,5.234568914840378451e-01
3.600000000000000422e-02,7.100000000000000755e-02,0.000000000000000000e+00,5.445582907829277231e-01
3.600000000000000422e-02,7.200000000000000844e-02,0.000000000000000000e+00,5.042512777544040370e-01
3.600000000000000422e-02,7.299999999999999545e-02,0.000000000000000000e+00,5.289889586029987711e-01
3.600000000000000422e-02,7.399999999999999634e-02,0.000000000000000000e+00,5.042776386375413811e-01
3.600000000000000422e-02,7.499999999999999722e-02,0.000000000000000000e+00,5.953746739195577842e-01
3.600000000000000422e-02,7.599999999999999811e-02,0.000000000000000000e+00,5.149083882538960655e-01
3.600000000000000422e-02,7.699999999999999900e-02,0.000000000000000000e+00,5.478225305269959211e-01
3.600000000000000422e-02,7.799999999999999989e-02,0.000000000000000000e+00,4.963169490358542713e-01
3.600000000000000422e-02,7.900000000000000078e-02,0.000000000000000000e+00,4.816028093290373735e-01
3.600000000000000422e-02,8.000000000000000167e-02,0.000000000000000000e+00,5.044610748698279412e-01
3.600000000000000422e-02,8.100000000000000255e-02,0.000000000000000000e+00,4.737842050628923163e-01
3.600000000000000422e-02,8.200000000000000344e-02,0.000000000000000000e+00,4.979723774519602686e-01
3.600000000000000422e-02,8.300000000000000433e-02,0.000000000000000000e+00,4.501695951484244174e-01
3.600000000000000422e-02,8.400000000000000522e-02,0.000000000000000000e+00,5.037185891055654396e-01
3.600000000000000422e-02,8.500000000000000611e-02,0.000000000000000000e+00,4.808547526465962174e-01
3.600000000000000422e-02,8.600000000000000699e-02,0.000000000000000000e+00,4.743925015913227905e-01
3.600000000000000422e-02,8.700000000000000788e-02,0.000000000000000000e+00,5.575364194103447080e-01
3.600000000000000422e-02,8.799999999999999489e-02,0.000000000000000000e+00,6.008007176945510119e-01
3.600000000000000422e-02,8.899999999999999578e-02,0.000000000000000000e+00,5.211706310914928642e-01
3.600000000000000422e-02,8.999999999999999667e-02,0.000000000000000000e+00,5.979531564495146334e-01
3.600000000000000422e-02,9.099999999999999756e-02,0.000000000000000000e+00,5.482339563462543808e-01
3.600000000000000422e-02,9.199999999999999845e-02,0.000000000000000000e+00,5.378239282704837532e-01
3.600000000000000422e-02,9.299999999999999933e-02,0.000000000000000000e+00,5.073253897427376646e-01
3.600000000000000422e-02,9.400000000000000022e-02,0.000000000000000000e+00,4.857877927674608132e-01
3.600000000000000422e-02,9.500000000000000111e-02,0.000000000000000000e+00,5.255919420351886640e-01
3.600000000000000422e-02,9.600000000000000200e-02,0.000000000000000000e+00,4.747013942900527583e-01
3.600000000000000422e-02,9.700000000000000289e-02,0.000000000000000000e+00,5.285769472749177744e-01
3.600000000000000422e-02,9.800000000000000377e-02,0.000000000000000000e+00,4.893453157519398466e-01
3.600000000000000422e-02,9.900000000000000466e-02,0.000000000000000000e+00,4.523217446551159315e-01
3.600000000000000422e-02,1.000000000000000056e-01,0.000000000000000000e+00,5.467663247935345971e-01
3.799999999999999906e-02,0.000000000000000000e+00,0.000000000000000000e+00,5.015072344442077501e-01
3.799999999999999906e-02,1.000000000000000021e-03,0.000000000000000000e+00,5.717901592800815891e-01
3.799999999999999906e-02,2.000000000000000042e-03,0.000000000000000000e+00,5.212748182335843472e-01
3.799999999999999906e-02,3.000000000000000062e-03,0.000000000000000000e+00,5.387662956622907284e-01
3.799999999999999906e-02,4.000000000000000083e-03,0.000000000000000000e+00,5.973130641993279477e-01
3.799999999999999906e-02,5.000000000000000104e-03,0.000000000000000000e+00,5.370416456959361540e-01
3.799999999999999906e-02,6.000000000000000125e-03,0.000000000000000000e+00,5.106130364559879897e-01
3.799999999999999906e-02,7.000000000000000146e-03,0.000000000000000000e+00,5.235886419688466908e-01
3.799999999999999906e-02,8.000000000000000167e-03,0.000000000000000000e+00,5.600677380509448966e-01
3.799999999999999906e-02,9.000000000000001055e-03,0.000000000000000000e+00,5.088826350933322029e-01
3.799999999999999906e-02,1.000000000000000021e-02,0.000000000000000000e+00,4.866419176542449154e-01
3.799999999999999906e-02,1.099999999999999936e-02,0.000000000000000000e+00,4.869801653011067710e-01
3.799999999999999906e-02,1.200000000000000025e-02,0.000000000000000000e+00,5.404036114041920191e-01
3.799999999999999906e-02,1.300000000000000114e-02,0.000000000000000000e+00,4.900257633002522706e-01
3.799999999999999906e-02,1.400000000000000029e-02,0.000000000000000000e+00,5.301386664974720997e-01
3.799999999999999906e-02,1.499999999999999944e-02,0.000000000000000000e+00,5.026113338944870890e-01
3.799999999999999906e-02,1.600000000000000033e-02,0.000000000000000000e+00,5.710924868421384248e-01
3.799999999999999906e-02,1.700000000000000122e-02,0.000000000000000000e+00,6.345256344847334251e-01
3.799999999999999906e-02,1.800000000000000211e-02,0.000000000000000000e+00,5.634068469523392242e-01
3.799999999999999906e-02,1.899999999999999953e-02,0.000000000000000000e+00,5.092377640701984953e-01
3.799999999999999906e-02,2.000000000000000042e-02,0.000000000000000000e+00,5.476453058816702635e-01
3.799999999999999906e-02,2.100000000000000130e-02,0.000000000000000000e+00,5.991422671385564502e-01
3.799999999999999906e-02,2.199999999999999872e-02,0.000000000000000000e+00,6.334401686919627350e-01
3.799999999999999906e-02,2.299999999999999961e-02,0.000000000000000000e+00,5.176594214255103577e-01
3.799999999999999906e-02,2.400000000000000050e-02,0.000000000000000000e+00,5.638325153831975634e-01
3.799999999999999906e-02,2.500000000000000139e-02,0.000000000000000000e+00,6.190647127060496802e-01
3.799999999999999906e-02,2.600000000000000228e-02,0.000000000000000000e+00,5.264990374193552203e-01
3.799999999999999906e-02,2.699999999999999969e-02,0.000000000000000000e+00,5.206958383147579639e-01
3.799999999999999906e-02,2.800000000000000058e-02,0.000000000000000000e+00,5.488834043780990157e-01
3.799999999999999906e-02,2.900000000000000147e-02,0.000000000000000000e+00,6.005152630502748057e-01
3.799999999999999906e-02,2.999999999999999889e-02,0.000000000000000000e+00,5.769459079742523810e-01
3.799999999999999906e-02,3.099999999999999978e-02,0.000000000000000000e+00,5.018533093904894438e-01
3.799999999999999906e-02,3.200000000000000067e-02,0.000000000000000000e+00,4.261909074224694560e-01
3.799999999999999906e-02,3.300000000000000155e-02,0.000000000000000000e+00,4.751225079817382735e-01
3.799999999999999906e-02,3.400000000000000244e-02,0.000000000000000000e+00,5.349379177214739212e-01
3.799999999999999906e-02,3.500000000000000333e-02,0.000000000000000000e+00,6.115668486367131784e-01
3.799999999999999906e-02,3.600000000000000422e-02,0.000000000000000000e+00,4.587439739488436974e-01
3.799999999999999906e-02,3.699999999999999817e-02,0.000000000000000000e+00,5.363822747377429145e-01
3.799999999999999906e-02,3.799999999999999906e-02,0.000000000000000000e+00,5.929218493748562580e-01
3.799999999999999906e-02,3.899999999999999994e-02,0.000000000000000000e+00,5.164221468966385675e-01
3.799999999999999906e-02,4.000000000000000083e-02,0.000000000000000000e+00,5.415738908781139171e-01
3.799999999999999906e-02,4.100000000000000172e-02,0.000000000000000000e+00,6.174183450752437352e-01
3.799999999999999906e-02,4.200000000000000261e-02,0.000000000000000000e+00,6.326911687405185614e-01
3.799999999999999906e-02,4.300000000000000350e-02,0.000000000000000000e+00,5.921711020229880607e-01
3.799999999999999906e-02,4.399999999999999745e-02,0.000000000000000000e+00,5.541373306201419213e-01
3.799999999999999906e-02,4.499999999999999833e-02,0.000000000000000000e+00,5.356212826313047071e-01
3.799999999999999906e-02,4.599999999999999922e-02,0.000000000000000000e+00,5.603801469759785991e-01
3.799999999999999906e-02,4.700000000000000011e-02,0.000000000000000000e+00,5.976640138473721109e-01
3.799999999999999906e-02,4.800000000000000100e-02,0.000000000000000000e+00,5.941511205906027104e-01
3.799999999999999906e-02,4.900000000000000189e-02,0.000000000000000000e+00,5.308888771068174250e-01
3.799999999999999906e-02,5.000000000000000278e-02,0.000000000000000000e+00,5.357448213091440259e-01
3.799999999999999906e-02,5.100000000000000366e-02,0.000000000000000000e+00,5.480551222720648763e-01
3.799999999999999906e-02,5.200000000000000455e-02,0.000000000000000000e+00,4.904427858038238330e-01
3.799999999999999906e-02,5.299999999999999850e-02,0.000000000000000000e+00,4.605781955964696195e-01
3.799999999999999906e-02,5.399999999999999939e-02,0.000000000000000000e+00,5.428061576950251599e-01
3.799999999999999906e-02,5.500000000000000028e-02,0.000000000000000000e+00,5.365550084294259392e-01
3.799999999999999906e-02,5.600000000000000117e-02,0.000000000000000000e+00,5.359358778698966042e-01
3.799999999999999906e-02,5.700000000000000205e-02,0.000000000000000000e+00,5.098131014858572341e-01
3.799999999999999906e-02,5.800000000000000294e-02,0.000000000000000000e+00,5.291479897099311547e-01
3.799999999999999906e-02,5.900000000000000383e-02,0.000000000000000000e+00,5.179967727321437287e-01
3.799999999999999906e-02,5.999999999999999778e-02,0.000000000000000000e+00,5.353426543439133711e-01
3.799999999999999906e-02,6.099999999999999867e-02,0.000000000000000000e+00,5.290947268325967290e-01
3.799999999999999906e-02,6.199999999999999956e-02,0.000000000000000000e+00,5.890543543208227595e-01
3.799999999999999906e-02,6.300000000000000044e-02,0.000000000000000000e+00,5.225663840319325626e-01
3.799999999999999906e-02,6.400000000000000133e-02,0.000000000000000000e+00,5.398282530685900582e-01
3.799999999999999906e-02,6.500000000000000222e-02,0.000000000000000000e+00,5.171877934851776271e-01
3.799999999999999906e-02,6.600000000000000311e-02,0.000000000000000000e+00,4.494732498781227603e-01
3.799999999999999906e-02,6.700000000000000400e-02,0.000000000000000000e+00,5.524330750731155648e-01
3.799999999999999906e-02,6.800000000000000488e-02,0.000000000000000000e+00,5.764201371553518971e-01
3.799999999999999906e-02,6.900000000000000577e-02,0.000000000000000000e+00,5.954244542994404643e-01
3.799999999999999906e-02,7.000000000000000666e-02,0.000000000000000000e+00,5.405921354398693923e-01
3.799999999999999906e-02,7.100000000000000755e-02,0.000000000000000000e+00,5.598087541643710363e-01
3.799999999999999906e-02,7.200000000000000844e-02,0.000000000000000000e+00,5.347054186745334725e-01
3.799999999999999906e-02,7.299999999999999545e-02,0.000000000000000000e+00,5.090333421724677621e-01
3.799999999999999906e-02,7.399999999999999634e-02,0.000000000000000000e+00,5.556207580004742796e-01
3.799999999999999906e-02,7.499999999999999722e-02,0.000000000000000000e+00,6.026458452778071795e-01
3.799999999999999906e-02,7.599999999999999811e-02,0.000000000000000000e+00,4.802300825567740183e-01
3.799999999999999906e-02,7.699999999999999900e-02,0.000000000000000000e+00,5.347597434740456457e-01
3.799999999999999906e-02,7.799999999999999989e-02,0.000000000000000000e+00,4.954169116284588559e-01
3.799999999999999906e-02,7.900000000000000078e-02,0.000000000000000000e+00,4.486162216989159068e-01
3.799999999999999906e-02,8.000000000000000167e-02,0.000000000000000000e+00,4.874129125128375817e-01
3.799999999999999906e-02,8.100000000000000255e-02,0.000000000000000000e+00,5.251830188252830656e-01
3.799999999999999906e-02,8.200000000000000344e-02,0.000000000000000000e+00,5.386290294608806484e-01
3.799999999999999906e-02,8.300000000000000433e-02,0.000000000000000000e+00,4.740842974303479673e-01
3.799999999999999906e-02,8.400000000000000522e-02,0.000000000000000000e+00,5.528575270635417427e-01
3.799999999999999906e-02,8.500000000000000611e-02,0.000000000000000000e+00,5.389200669067258920e-01
3.799999999999999906e-02,8.600000000000000699e-02,0.000000000000000000e+00,4.835344992064218861e-01
3.799999999999999906e-02,8.700000000000000788e-02,0.000000000000000000e+00,6.001691460921008137e-01
3.799999999999999906e-02,8.799999999999999489e-02,0.000000000000000000e+00,6.207879955911816960e-01
3.799999999999999906e-02,8.899999999999999578e-02,0.000000000000000000e+00,5.438561572345055328e-01
3.799999999999999906e-02,8.999999999999999667e-02,0.000000000000000000e+00,6.245894781642065130e-01
3.799999999999999906e-02,9.099999999999999756e-02,0.000000000000000000e+00,5.831919749761182992e-01
3.799999999999999906e-02,9.199999999999999845e-02,0.000000000000000000e+00,5.633642505566254233e-01
3.799999999999999906e-02,9.299999999999999933e-02,0.000000000000000000e+00,5.274546879995405391e-01
3.799999999999999906e-02,9.400000000000000022e-02,0.000000000000000000e+00,5.433558872156021291e-01
3.799999999999999906e-02,9.500000000000000111e-02,0.000000000000000000e+00,5.405617991795992339e-01
3.799999999999999906e-02,9.600000000000000200e-02,0.000000000000000000e+00,4.805133729170361634e-01
3.799999999999999906e-02,9.700000000000000289e-02,0.000000000000000000e+00,5.514385046801844048e-01
3.799999999999999906e-02,9.800000000000000377e-02,0.000000000000000000e+00,5.050615467565258143e-01
3.799999999999999906e-02,9.900000000000000466e-02,0.000000000000000000e+00,4.323629386666037466e-01
3.799999999999999906e-02,1.000000000000000056e-01,0.000000000000000000e+00,5.377106678347982616e-01
4.000000000000000083e-02,0.000000000000000000e+00,0.000000000000000000e+00,5.270229083701474249e-01
4.000000000000000083e-02,1.000000000000000021e-03,0.000000000000000000e+00,5.960815463909492351e-01
4.000000000000000083e-02,2.000000000000000042e-03,0.000000000000000000e+00,4.885757129750840089e-01
4.000000000000000083e-02,3.000000000000000062e-03,0.000000000000000000e+00,4.730964361059525336e-01
4.000000000000000083e-02,4.000000000000000083e-03,0.000000000000000000e+00,4.972410395333560218e-01
4.000000000000000083e-02,5.000000000000000104e-03,0.000000000000000000e+00,5.097316232292912197e-01
4.000000000000000083e-02,6.000000000000000125e-03,0.000000000000000000e+00,3.932919951304177930e-01
4.000000000000000083e-02,7.000000000000000146e-03,0.000000000000000000e+00,4.632118548433211691e-01
4.000000000000000083e-02,8.000000000000000167e-03,0.000000000000000000e+00,5.266976912368199759e-01
4.000000000000000083e-02,9.000000000000001055e-03,0.000000000000000000e+00,4.638745893756424099e-01
4.000000000000000083e-02,1.000000000000000021e-02,0.000000000000000000e+00,4.567658816105715225e-01
4.000000000000000083e-02,1.099999999999999936e-02,0.000000000000000000e+00,5.553944516520912256e-01
4.000000000000000083e-02,1.200000000000000025e-02,0.000000000000000000e+00,5.756120721621926783e-01
4.000000000000000083e-02,1.300000000000000114e-02,0.000000000000000000e+00,5.625077245393567127e-01
4.000000000000000083e-02,1.400000000000000029e-02,0.000000000000000000e+00,6.212455066953114224e-01
4.000000000000000083e-02,1.499999999999999944e-02,0.000000000000000000e+00,5.651269131119804889e-01
4.000000000000000083e-02,1.600000000000000033e-02,0.000000000000000000e+00,5.917201192648404717e-01
4.000000000000000083e-02,1.700000000000000122e-02,0.000000000000000000e+00,6.405964623060873553e-01
4.000000000000000083e-02,1.800000000000000211e-02,0.000000000000000000e+00,6.414544843619652825e-01
4.000000000000000083e-02,1.899999999999999953e-02,0.000000000000000000e+00,4.719751806638199931e-01
4.000000000000000083e-02,2.000000000000000042e-02,0.000000000000000000e+00,5.678978458106845872e-01
4.000000000000000083e-02,2.100000000000000130e-02,0.000000000000000000e+00,5.945324329626339166e-01
4.000000000000000083e-02,2.199999999999999872e-02,0.000000000000000000e+00,5.311217246621813270e-01
4.000000000000000083e-02,2.299999999999999961e-02,0.000000000000000000e+00,4.540491327866106319e-01
4.000000000000000083e-02,2.400000000000000050e-02,0.000000000000000000e+00,5.800850188961064191e-01
4.000000000000000083e-02,2.500000000000000139e-02,0.000000000000000000e+00,5.363554869796687274e-01
4.000000000000000083e-02,2.600000000000000228e-02,0.000000000000000000e+00,4.489081971754009803e-01
4.000000000000000083e-02,2.699999999999999969e-02,0.000000000000000000e+00,4.556640207825597422e-01
4.000000000000000083e-02,2.800000000000000058e-02,0.000000000000000000e+00,5.173475986706483898e-01
4.000000000000000083e-02,2.900000000000000147e-02,0.000000000000000000e+00,5.325238371390870196e-01
4.000000000000000083e-02,2.999999999999999889e-02,0.000000000000000000e+00,5.404321007580441538e-01
4.000000000000000083e-02,3.099999999999999978e-02,0.000000000000000000e+00,5.292759491003904415e-01
4.000000000000000083e-02,3.200000000000000067e-02,0.000000000000000000e+00,4.187244981313140157e-01
4.000000000000000083e-02,3.300000000000000155e-02,0.000000000000000000e+00,5.327822668849999665e-01
4.000000000000000083e-02,3.400000000000000244e-02,0.000000000000000000e+00,5.516769887285060125e-01
4.000000000000000083e-02,3.500000000000000333e-02,0.000000000000000000e+00,5.409273759482542410e-01
4.000000000000000083e-02,3.600000000000000422e-02,0.000000000000000000e+00,5.176928147548900405e-01
4.000000000000000083e-02,3.699999999999999817e-02,0.000000000000000000e+00,6.081145817599311609e-01
4.000000000000000083e-02,3.799999999999999906e-02,0.000000000000000000e+00,5.565048583342545596e-01
4.000000000000000083e-02,3.899999999999999994e-02,0.000000000000000000e+00,4.547649412235372224e-01
4.000000000000000083e-02,4.000000000000000083e-02,0.000000000000000000e+00,4.726910474714405841e-01
4.000000000000000083e-02,4.100000000000000172e-02,0.000000000000000000e+00,5.951307934097269658e-01
4.000000000000000083e-02,4.200000000000000261e-02,0.000000000000000000e+00,5.498378152743956804e-01
4.000000000000000083e-02,4.300000000000000350e-02,0.000000000000000000e+00,4.933284016467835986e-01
4.000000000000000083e-02,4.399999999999999745e-02,0.000000000000000000e+00,4.775314592246638901e-01
4.000000000000000083e-02,4.499999999999999833e-02,0.000000000000000000e+00,4.401723271253329961e-01
4.000000000000000083e-02,4.599999999999999922e-02,0.000000000000000000e+00,4.919012902684330446e-01
4.000000000000000083e-02,4.700000000000000011e-02,0.000000000000000000e+00,4.812002543497797546e-01
4.000000000000000083e-02,4.800000000000000100e-02,0.000000000000000000e+00,4.570121899968677681e-01
4.000000000000000083e-02,4.900000000000000189e-02,0.000000000000000000e+00,5.468544104858759081e-01
4.000000000000000083e-02,5.000000000000000278e-02,0.000000000000000000e+00,5.175599514509550136e-01
4.000000000000000083e-02,5.100000000000000366e-02,0.000000000000000000e+00,5.050492994911296440e-01
4.000000000000000083e-02,5.200000000000000455e-02,0.000000000000000000e+00,4.734847519018918760e-01
4.000000000000000083e-02,5.299999999999999850e-02,0.000000000000000000e+00,4.706596833378409173e-01
4.000000000000000083e-02,5.399999999999999939e-02,0.000000000000000000e+00,6.033163026392129868e-01
4.000000000000000083e-02,5.500000000000000028e-02,0.000000000000000000e+00,5.876887032456377113e-01
4.000000000000000083e-02,5.600000000000000117e-02,0.000000000000000000e+00,5.296869358299725050e-01
4.000000000000000083e-02,5.700000000000000205e-02,0.000000000000000000e+00,5.588783004101162133e-01
4.000000000000000083e-02,5.800000000000000294e-02,0.000000000000000000e+00,5.325471162217971788e-01
4.000000000000000083e-02,5.900000000000000383e-02,0.000000000000000000e+00,5.242562498805491966e-01
4.000000000000000083e-02,5.999999999999999778e-02,0.000000000000000000e+00,5.001094244216828244e-01
4.000000000000000083e-02,6.099999999999999867e-02,0.000000000000000000e+00,4.846457902507856907e-01
4.000000000000000083e-02,6.199999999999999956e-02,0.000000000000000000e+00,5.969287361776112188e-01
4.000000000000000083e-02,6.300000000000000044e-02,0.000000000000000000e+00,4.701929359863873392e-01
4.000000000000000083e-02,6.400000000000000133e-02,0.000000000000000000e+00,4.951708850142135243e-01
4.000000000000000083e-02,6.500000000000000222e-02,0.000000000000000000e+00,4.960776130041275600e-01
4.000000000000000083e-02,6.600000000000000311e-02,0.000000000000000000e+00,4.503101876496239386e-01
4.000000000000000083e-02,6.700000000000000400e-02,0.000000000000000000e+00,5.491968733560287363e-01
4.000000000000000083e-02,6.800000000000000488e-02,0.000000000000000000e+00,6.321089970405940894e-01
4.000000000000000083e-02,6.900000000000000577e-02,0.000000000000000000e+00,5.497012748310089458e-01
4.000000000000000083e-02,7.000000000000000666e-02,0.000000000000000000e+00,6.127334978438719881e-01
4.000000000000000083e-02,7.100000000000000755e-02,0.000000000000000000e+00,5.740474381424411909e-01
4.000000000000000083e-02,7.200000000000000844e-02,0.000000000000000000e+00,5.711971278204941438e-01
4.000000000000000083e-02,7.299999999999999545e-02,0.000000000000000000e+00,5.533779823043293300e-01
4.000000000000000083e-02,7.399999999999999634e-02,0.000000000000000000e+00,5.747951513930974476e-01
4.000000000000000083e-02,7.499999999999999722e-02,0.000000000000000000e+00,6.109144886549600084e-01
4.000000000000000083e-02,7.599999999999999811e-02,0.000000000000000000e+00,4.690599695165764693e-01
4.000000000000000083e-02,7.699999999999999900e-02,0.000000000000000000e+00,5.246697071148844760e-01
4.000000000000000083e-02,7.799999999999999989e-02,0.000000000000000000e+00,4.812605515823499269e-01
4.000000000000000083e-02,7.900000000000000078e-02,0.000000000000000000e+00,4.682904419523962747e-01
4.000000000000000083e-02,8.000000000000000167e-02,0.000000000000000000e+00,4.629004814390950129e-01
4.000000000000000083e-02,8.100000000000000255e-02,0.000000000000000000e+00,6.023705020090948103e-01
4.000000000000000083e-02,8.200000000000000344e-02,0.000000000000000000e+00,4.742514179134758034e-01
4.000000000000000083e-02,8.300000000000000433e-02,0.000000000000000000e+00,5.419025267308690275e-01
4.000000000000000083e-02,8.400000000000000522e-02,0.000000000000000000e+00,5.617661258460177054e-01
4.000000000000000083e-02,8.500000000000000611e-02,0.000000000000000000e+00,5.580986828882317230e-01
4.000000000000000083e-02,8.600000000000000699e-02,0.000000000000000000e+00,5.219303980018334954e-01
4.000000000000000083e-02,8.700000000000000788e-02,0.000000000000000000e+00,5.654675565390352432e-01
4.000000000000000083e-02,8.799999999999999489e-02,0.000000000000000000e+00,5.465203273956414920e-01
4.000000000000000083e-02,8.899999999999999578e-02,0.000000000000000000e+00,4.576852170726264379e-01
4.000000000000000083e-02,8.999999999999999667e-02,0.000000000000000000e+00,5.234111714507023727e-01
4.000000000000000083e-02,9.099999999999999756e-02,0.000000000000000000e+00,4.667927369434747842e-01
4.000000000000000083e-02,9.199999999999999845e-02,0.000000000000000000e+00,4.991643315477368725e-01
4.000000000000000083e-02,9.299999999999999933e-02,0.000000000000000000e+00,4.407787839647461237e-01
4.000000000000000083e-02,9.400000000000000022e-02,0.000000000000000000e+00,5.546318241644492275e-01
4.000000000000000083e-02,9.500000000000000111e-02,0.000000000000000000e+00,4.676662323838660651e-01
4.000000000000000083e-02,9.600000000000000200e-02,0.000000000000000000e+00,5.245328562011798423e-01
4.000000000000000083e-02,9.700000000000000289e-02,0.000000000000000000e+00,5.913707500914384685e-01
4.000000000000000083e-02,9.800000000000000377e-02,0.000000000000000000e+00,5.620380646031781779e-01
4.000000000000000083e-02,9.900000000000000466e-02,0.000000000000000000e+00,5.196959481674996439e-01
4.000000000000000083e-02,1.000000000000000056e-01,0.000000000000000000e+00,5.656752486666719593e-01
4.200000000000000261e-02,0.000000000000000000e+00,0.000000000000000000e+00,5.659228086749323872e-01
4.200000000000000261e-02,1.000000000000000021e-03,0.000000000000000000e+00,6.562706188520930350e-01
4.200000000000000261e-02,2.000000000000000042e-03,0.000000000000000000e+00,5.369921916444462262e-01
4.200000000000000261e-02,3.000000000000000062e-03,0.000000000000000000e+00,5.018120340492395748e-01
4.200000000000000261e-02,4.000000000000000083e-03,0.000000000000000000e+00,5.149213387469087078e-01
4.200000000000000261e-02,5.000000000000000104e-03,0.000000000000000000e+00,5.931461198112553124e-01
4.200000000000000261e-02,6.000000000000000125e-03,0.000000000000000000e+00,4.693611007275804714e-01
4.200000000000000261e-02,7.000000000000000146e-03,0.000000000000000000e+00,4.385847599300505273e-01
4.200000000000000261e-02,8.000000000000000167e-03,0.000000000000000000e+00,5.053475919837393526e-01
4.200000000000000261e-02,9.000000000000001055e-03,0.000000000000000000e+00,5.034300764612952284e-01
4.200000000000000261e-02,1.000000000000000021e-02,0.000000000000000000e+00,5.104433388131529581e-01
4.200000000000000261e-02,1.099999999999999936e-02,0.000000000000000000e+00,5.078129505872210903e-01
4.200000000000000261e-02,1.200000000000000025e-02,0.000000000000000000e+00,5.268619540795049794e-01
4.200000000000000261e-02,1.300000000000000114e-02,0.000000000000000000e+00,5.870140695256937935e-01
4.200000000000000261e-02,1.400000000000000029e-02,0.000000000000000000e+00,6.375145443493466235e-01
4.200000000000000261e-02,1.499999999999999944e-02,0.000000000000000000e+00,5.042196130339432480e-01
4.200000000000000261e-02,1.600000000000000033e-02,0.000000000000000000e+00,5.317747084408436242e-01
4.200000000000000261e-02,1.700000000000000122e-02,0.000000000000000000e+00,5.981813103344353344e-01
4.200000000000000261e-02,1.800000000000000211e-02,0.000000000000000000e+00,6.662188555127177558e-01
4.200000000000000261e-02,1.899999999999999953e-02,0.000000000000000000e+00,5.133476253698787684e-01
4.200000000000000261e-02,2.000000000000000042e-02,0.000000000000000000e+00,5.161115494334782561e-01
4.200000000000000261e-02,2.100000000000000130e-02,0.000000000000000000e+00,5.753931080954546307e-01
4.200000000000000261e-02,2.199999999999999872e-02,0.000000000000000000e+00,5.973768306699580588e-01
4.200000000000000261e-02,2.299999999999999961e-02,0.000000000000000000e+00,5.525204729513217838e-01
4.200000000000000261e-02,2.400000000000000050e-02,0.000000000000000000e+00,5.536963143539426202e-01
4.200000000000000261e-02,2.500000000000000139e-02,0.000000000000000000e+00,5.336089841669788836e-01
4.200000000000000261e-02,2.600000000000000228e-02,0.000000000000000000e+00,5.328112411122116754e-01
4.200000000000000261e-02,2.699999999999999969e-02,0.000000000000000000e+00,4.852234304005476617e-01
4.200000000000000261e-02,2.800000000000000058e-02,0.000000000000000000e+00,4.191136495916124582e-01
4.200000000000000261e-02,2.900000000000000147e-02,0.000000000000000000e+00,4.952972959229768879e-01
4.200000000000000261e-02,2.999999999999999889e-02,0.000000000000000000e+00,5.278023840634409325e-01
4.200000000000000261e-02,3.099999999999999978e-02,0.000000000000000000e+00,5.201913316717178271e-01
4.200000000000000261e-02,3.200000000000000067e-02,0.000000000000000000e+00,4.234101778555179885e-01
4.200000000000000261e-02,3.300000000000000155e-02,0.000000000000000000e+00,4.859901205614821085e-01
4.200000000000000261e-02,3.400000000000000244e-02,0.000000000000000000e+00,4.849584486987741916e-01
4.200000000000000261e-02,3.500000000000000333e-02,0.000000000000000000e+00,5.156301883828036114e-01
4.200000000000000261e-02,3.600000000000000422e-02,0.000000000000000000e+00,5.043124831120886498e-01
4.200000000000000261e-02,3.699999999999999817e-02,0.000000000000000000e+00,5.123123143129708623e-01
4.200000000000000261e-02,3.799999999999999906e-02,0.000000000000000000e+00,5.056332272006613948e-01
4.200000000000000261e-02,3.899999999999999994e-02,0.000000000000000000e+00,4.702679538177331198e-01
4.200000000000000261e-02,4.000000000000000083e-02,0.000000000000000000e+00,4.406563501284784246e-01
4.200000000000000261e-02,4.100000000000000172e-02,0.000000000000000000e+00,4.665686540085490774e-01
4.200000000000000261e-02,4.200000000000000261e-02,0.000000000000000000e+00,5.582597293830342533e-01
4.200000000000000261e-02,4.300000000000000350e-02,0.000000000000000000e+00,5.350935968343811799e-01
4.200000000000000261e-02,4.399999999999999745e-02,0.000000000000000000e+00,5.083522913006539579e-01
4.200000000000000261e-02,4.499999999999999833e-02,0.000000000000000000e+00,4.795498675526369547e-01
4.200000000000000261e-02,4.599999999999999922e-02,0.000000000000000000e+00,5.341954109975262099e-01
4.200000000000000261e-02,4.700000000000000011e-02,0.000000000000000000e+00,4.640195085538496023e-01
4.200000000000000261e-02,4.800000000000000100e-02,0.000000000000000000e+00,4.419038707790669540e-01
4.200000000000000261e-02,4.900000000000000189e-02,0.000000000000000000e+00,5.100208863949511340e-01
4.200000000000000261e-02,5.000000000000000278e-02,0.000000000000000000e+00,4.732593878799903897e-01
4.200000000000000261e-02,5.100000000000000366e-02,0.000000000000000000e+00,4.962529086745994245e-01
4.200000000000000261e-02,5.200000000000000455e-02,0.000000000000000000e+00,4.628807022426575934e-01
4.200000000000000261e-02,5.299999999999999850e-02,0.000000000000000000e+00,4.312282378061975674e-01
4.200000000000000261e-02,5.399999999999999939e-02,0.000000000000000000e+00,4.880374276540115352e-01
4.200000000000000261e-02,5.500000000000000028e-02,0.000000000000000000e+00,5.812098473839264479e-01
4.200000000000000261e-02,5.600000000000000117e-02,0.000000000000000000e+00,5.382054846630146550e-01
4.200000000000000261e-02,5.700000000000000205e-02,0.000000000000000000e+00,5.624795927421358810e-01
4.200000000000000261e-02,5.800000000000000294e-02,0.000000000000000000e+00,5.126268485398127739e-01
4.200000000000000261e-02,5.900000000000000383e-02,0.000000000000000000e+00,5.165501136990011677e-01
4.200000000000000261e-02,5.999999999999999778e-02,0.000000000000000000e+00,4.840477345252648389e-01
4.200000000000000261e-02,6.099999999999999867e-02,0.000000000000000000e+00,4.459293473705863708e-01
4.200000000000000261e-02,6.199999999999999956e-02,0.000000000000000000e+00,5.458696948011008132e-01
4.200000000000000261e-02,6.300000000000000044e-02,0.000000000000000000e+00,4.974357972290113783e-01
4.200000000000000261e-02,6.400000000000000133e-02,0.000000000000000000e+00,5.407803688901284822e-01
4.200000000000000261e-02,6.500000000000000222e-02,0.000000000000000000e+00,4.819180542702348191e-01
4.200000000000000261e-02,6.600000000000000311e-02,0.000000000000000000e+00,4.403713107800079629e-01
4.200000000000000261e-02,6.700000000000000400e-02,0.000000000000000000e+00,4.800619749122123636e-01
4.200000000000000261e-02,6.800000000000000488e-02,0.000000000000000000e+00,6.028705141236385678e-01
4.200000000000000261e-02,6.900000000000000577e-02,0.000000000000000000e+00,5.409567051820295402e-01
4.200000000000000261e-02,7.000000000000000666e-02,0.000000000000000000e+00,5.964702778802838390e-01
4.200000000000000261e-02,7.100000000000000755e-02,0.000000000000000000e+00,5.249706374793896568e-01
4.200000000000000261e-02,7.200000000000000844e-02,0.000000000000000000e+00,4.968443652273487610e-01
4.200000000000000261e-02,7.299999999999999545e-02,0.000000000000000000e+00,5.769824847318447691e-01
4.200000000000000261e-02,7.399999999999999634e-02,0.000000000000000000e+00,5.333402077648079498e-01
4.200000000000000261e-02,7.499999999999999722e-02,0.000000000000000000e+00,5.832577275185515386e-01
4.200000000000000261e-02,7.599999999999999811e-02,0.000000000000000000e+00,5.304842422210933606e-01
4.200000000000000261e-02,7.699999999999999900e-02,0.000000000000000000e+00,5.624303686602837304e-01
4.200000000000000261e-02,7.799999999999999989e-02,0.000000000000000000e+00,4.299860608040643184e-01
4.200000000000000261e-02,7.900000000000000078e-02,0.000000000000000000e+00,4.473867036090280469e-01
4.200000000000000261e-02,8.000000000000000167e-02,0.000000000000000000e+00,4.164147726645779923e-01
4.200000000000000261e-02,8.100000000000000255e-02,0.000000000000000000e+00,5.548017049014017932e-01
4.200000000000000261e-02,8.200000000000000344e-02,0.000000000000000000e+00,4.700127138433214391e-01
4.200000000000000261e-02,8.300000000000000433e-02,0.000000000000000000e+00,5.200719479243737231e-01
4.200000000000000261e-02,8.400000000000000522e-02,0.000000000000000000e+00,5.455451813343794587e-01
4.200000000000000261e-02,8.500000000000000611e-02,0.000000000000000000e+00,4.833941348059569432e-01
4.200000000000000261e-02,8.600000000000000699e-02,0.000000000000000000e+00,6.104333553906837739e-01
4.200000000000000261e-02,8.700000000000000788e-02,0.000000000000000000e+00,5.507673972984141741e-01
4.200000000000000261e-02,8.799999999999999489e-02,0.000000000000000000e+00,5.305662151524778158e-01
4.200000000000000261e-02,8.899999999999999578e-02,0.000000000000000000e+00,4.641470301060453552e-01
4.200000000000000261e-02,8.999999999999999667e-02,0.000000000000000000e+00,4.781221622196322740e-01
4.200000000000000261e-02,9.099999999999999756e-02,0.000000000000000000e+00,3.528356394100414795e-01
4.200000000000000261e-02,9.199999999999999845e-02,0.000000000000000000e+00,4.129460263363587957e-01
4.200000000000000261e-02,9.299999999999999933e-02,0.000000000000000000e+00,3.588029355411991306e-01
4.200000000000000261e-02,9.400000000000000022e-02,0.000000000000000000e+00,4.644569989942899380e-01
4.200000000000000261e-02,9.500000000000000111e-02,0.000000000000000000e+00,4.252249900154281281e-01
4.200000000000000261e-02,9.600000000000000200e-02,0.000000000000000000e+00,4.785808999297176958e-01
4.200000000000000261e-02,9.700000000000000289e-02,0.000000000000000000e+00,5.919518558424261556e-01
4.200000000000000261e-02,9.800000000000000377e-02,0.000000000000000000e+00,5.332340810312806711e-01
4.200000000000000261e-02,9.900000000000000466e-02,0.000000000000000000e+00,6.289651325723883968e-01
4.200000000000000261e-02,1.000000000000000056e-01,0.000000000000000000e+00,6.040624779942667111e-01
4.399999999999999745e-02,0.000000000000000000e+00,0.000000000000000000e+00,4.897869271541279157e-01
4.399999999999999745e-02,1.000000000000000021e-03,0.000000000000000000e+00,5.255226048210436263e-01
4.399999999999999745e-02,2.000000000000000042e-03,0.000000000000000000e+00,4.896358684962232588e-01
4.399999999999999745e-02,3.000000000000000062e-03,0.000000000000000000e+00,4.928948328500749598e-01
4.399999999999999745e-02,4.000000000000000083e-03,0.000000000000000000e+00,5.228983901530965817e-01
4.399999999999999745e-02,5.000000000000000104e-03,0.000000000000000000e+00,5.592312603122743253e-01
4.399999999999999745e-02,6.000000000000000125e-03,0.000000000000000000e+00,4.921732835744224710e-01
4.399999999999999745e-02,7.000000000000000146e-03,0.000000000000000000e+00,4.309683473169744206e-01
4.399999999999999745e-02,8.000000000000000167e-03,0.000000000000000000e+00,5.111242666938987655e-01
4.399999999999999745e-02,9.000000000000001055e-03,0.000000000000000000e+00,5.011574081003316028e-01
4.399999999999999745e-02,1.000000000000000021e-02,0.000000000000000000e+00,4.923273016004131031e-01
4.399999999999999745e-02,1.099999999999999936e-02,0.000000000000000000e+00,4.118837567711515768e-01
4.399999999999999745e-02,1.200000000000000025e-02,0.000000000000000000e+00,4.285081057767205492e-01
4.399999999999999745e-02,1.300000000000000114e-02,0.000000000000000000e+00,4.866608919273474054e-01
4.399999999999999745e-02,1.400000000000000029e-02,0.000000000000000000e+00,4.793265194886698888e-01
4.399999999999999745e-02,1.499999999999999944e-02,0.000000000000000000e+00,4.330428081594042133e-01
4.399999999999999745e-02,1.600000000000000033e-02,0.000000000000000000e+00,5.074281145143220151e-01
4.399999999999999745e-02,1.700000000000000122e-02,0.000000000000000000e+00,5.889911322172221020e-01
4.399999999999999745e-02,1.800000000000000211e-02,0.000000000000000000e+00,6.078374396182987249e-01
4.399999999999999745e-02,1.899999999999999953e-02,0.000000000000000000e+00,5.452654474112993421e-01
4.399999999999999745e-02,2.000000000000000042e-02,0.000000000000000000e+00,5.307568230347831095e-01
4.399999999999999745e-02,2.100000000000000130e-02,0.000000000000000000e+00,6.234958274887667518e-01
4.399999999999999745e-02,2.199999999999999872e-02,0.000000000000000000e+00,6.334066953361959795e-01
4.399999999999999745e-02,2.299999999999999961e-02,0.000000000000000000e+00,5.592913456432715424e-01
4.399999999999999745e-02,2.400000000000000050e-02,0.000000000000000000e+00,5.032629541737625445e-01
4.399999999999999745e-02,2.500000000000000139e-02,0.000000000000000000e+00,5.152867711520587868e-01
4.399999999999999745e-02,2.600000000000000228e-02,0.000000000000000000e+00,5.689510468262672926e-01
4.399999999999999745e-02,2.699999999999999969e-02,0.000000000000000000e+00,4.781624964640944775e-01
4.399999999999999745e-02,2.800000000000000058e-02,0.000000000000000000e+00,4.196011486525156320e-01
4.399999999999999745e-02,2.900000000000000147e-02,0.000000000000000000e+00,5.140230865722426046e-01
4.399999999999999745e-02,2.999999999999999889e-02,0.000000000000000000e+00,5.490258160211165528e-01
4.399999999999999745e-02,3.099999999999999978e-02,0.000000000000000000e+00,4.944087795294891396e-01
4.399999999999999745e-02,3.200000000000000067e-02,0.000000000000000000e+00,4.680606682942515251e-01
4.399999999999999745e-02,3.300000000000000155e-02,0.000000000000000000e+00,5.145332458443492296e-01
4.399999999999999745e-02,3.400000000000000244e-02,0.000000000000000000e+00,5.226106781793775635e-01
4.399999999999999745e-02,3.500000000000000333e-02,0.000000000000000000e+00,5.274314726491118321e-01
4.399999999999999745e-02,3.600000000000000422e-02,0.000000000000000000e+00,4.769244643172764753e-01
4.399999999999999745e-02,3.699999999999999817e-02,0.000000000000000000e+00,5.109340121655401301e-01
4.399999999999999745e-02,3.799999999999999906e-02,0.000000000000000000e+00,5.391696404208254911e-01
4.399999999999999745e-02,3.899999999999999994e-02,0.000000000000000000e+00,5.694340822877188568e-01
4.399999999999999745e-02,4.000000000000000083e-02,0.000000000000000000e+00,5.186788876970508388e-01
4.399999999999999745e-02,4.100000000000000172e-02,0.000000000000000000e+00,4.941944192309123407e-01
4.399999999999999745e-02,4.200000000000000261e-02,0.000000000000000000e+00,5.632710443815291956e-01
4.399999999999999745e-02,4.300000000000000350e-02,0.000000000000000000e+00,5.628468993419456501e-01
4.399999999999999745e-02,4.399999999999999745e-02,0.000000000000000000e+00,5.093278385868542646e-01
4.399999999999999745e-02,4.499999999999999833e-02,0.000000000000000000e+00,5.113653962008137821e-01
4.399999999999999745e-02,4.599999999999999922e-02,0.000000000000000000e+00,5.401140226978418113e-01
4.399999999999999745e-02,4.700000000000000011e-02,0.000000000000000000e+00,4.505799415836121979e-01
4.399999999999999745e-02,4.800000000000000100e-02,0.000000000000000000e+00,4.113937995555441707e-01
4.399999999999999745e-02,4.900000000000000189e-02,0.000000000000000000e+00,4.640597591124085985e-01
4.399999999999999745e-02,5.000000000000000278e-02,0.000000000000000000e+00,4.934937066826717844e-01
4.399999999999999745e-02,5.100000000000000366e-02,0.000000000000000000e+00,5.166043444484700320e-01
4.399999999999999745e-02,5.200000000000000455e-02,0.000000000000000000e+00,5.289536308730931058e-01
4.399999999999999745e-02,5.299999999999999850e-02,0.000000000000000000e+00,5.252026412314857451e-01
4.399999999999999745e-02,5.399999999999999939e-02,0.000000000000000000e+00,5.373178700506577865e-01
4.399999999999999745e-02,5.500000000000000028e-02,0.000000000000000000e+00,5.695229848846935505e-01
4.399999999999999745e-02,5.600000000000000117e-02,0.000000000000000000e+00,5.953184607356059033e-01
4.399999999999999745e-02,5.700000000000000205e-02,0.000000000000000000e+00,5.894103242295372080e-01
4.399999999999999745e-02,5.800000000000000294e-02,0.000000000000000000e+00,5.535975614200424610e-01
4.399999999999999745e-02,5.900000000000000383e-02,0.000000000000000000e+00,5.290284873256785314e-01
4.399999999999999745e-02,5.999999999999999778e-02,0.000000000000000000e+00,4.648820107236508736e-01
4.399999999999999745e-02,6.099999999999999867e-02,0.000000000000000000e+00,4.048172822670264570e-01
4.399999999999999745e-02,6.199999999999999956e-02,0.000000000000000000e+00,5.013844380873165862e-01
4.399999999999999745e-02,6.300000000000000044e-02,0.000000000000000000e+00,4.452761041393275554e-01
4.399999999999999745e-02,6.400000000000000133e-02,0.000000000000000000e+00,4.547690303463438055e-01
4.399999999999999745e-02,6.500000000000000222e-02,0.000000000000000000e+00,4.388133911121809283e-01
4.399999999999999745e-02,6.600000000000000311e-02,0.000000000000000000e+00,4.628340318082672655e-01
4.399999999999999745e-02,6.700000000000000400e-02,0.000000000000000000e+00,4.794110859581239836e-01
4.399999999999999745e-02,6.800000000000000488e-02,0.000000000000000000e+00,5.235985187164238219e-01
4.399999999999999745e-02,6.900000000000000577e-02,0.000000000000000000e+00,5.783475435600302639e-01
4.399999999999999745e-02,7.000000000000000666e-02,0.000000000000000000e+00,5.828829315311950809e-01
4.399999999999999745e-02,7.100000000000000755e-02,0.000000000000000000e+00,5.741475787030978495e-01
4.399999999999999745e-02,7.200000000000000844e-02,0.000000000000000000e+00,5.540864834924978943e-01
4.399999999999999745e-02,7.299999999999999545e-02,0.000000000000000000e+00,6.062494748255586874e-01
4.399999999999999745e-02,7.399999999999999634e-02,0.000000000000000000e+00,5.430861561270433624e-01
4.399999999999999745e-02,7.499999999999999722e-02,0.000000000000000000e+00,6.135642460922794417e-01
4.399999999999999745e-02,7.599999999999999811e-02,0.000000000000000000e+00,4.922966661038997160e-01
4.399999999999999745e-02,7.699999999999999900e-02,0.000000000000000000e+00,5.210148467879165413e-01
4.399999999999999745e-02,7.799999999999999989e-02,0.000000000000000000e+00,4.640489860258542598e-01
4.399999999999999745e-02,7.900000000000000078e-02,0.000000000000000000e+00,5.199401008886029851e-01
4.399999999999999745e-02,8.000000000000000167e-02,0.000000000000000000e+00,4.556462528867589734e-01
4.399999999999999745e-02,8.100000000000000255e-02,0.000000000000000000e+00,5.005295681686798837e-01
4.399999999999999745e-02,8.200000000000000344e-02,0.000000000000000000e+00,5.087902774848127585e-01
4.399999999999999745e-02,8.300000000000000433e-02,0.000000000000000000e+00,4.559486821614073260e-01
4.399999999999999745e-02,8.400000000000000522e-02,0.000000000000000000e+00,5.605624545257916758e-01
4.399999999999999745e-02,8.500000000000000611e-02,0.000000000000000000e+00,4.933991860079749991e-01
4.399999999999999745e-02,8.600000000000000699e-02,0.000000000000000000e+00,5.516082344024122452e-01
4.399999999999999745e-02,8.700000000000000788e-02,0.000000000000000000e+00,4.716509410837014249e-01
4.399999999999999745e-02,8.799999999999999489e-02,0.000000000000000000e+00,5.131124563179345621e-01
4.399999999999999745e-02,8.899999999999999578e-02,0.000000000000000000e+00,4.063113050470685272e-01
4.399999999999999745e-02,8.999999999999999667e-02,0.000000000000000000e+00,4.612679422275992591e-01
4.399999999999999745e-02,9.099999999999999756e-02,0.000000000000000000e+00,4.163365229494950803e-01
4.399999999999999745e-02,9.199999999999999845e-02,0.000000000000000000e+00,4.816300599557010731e-01
4.399999999999999745e-02,9.299999999999999933e-02,0.000000000000000000e+00,4.046635774911899186e-01
4.399999999999999745e-02,9.400000000000000022e-02,0.000000000000000000e+00,4.565922940496958682e-01
4.399999999999999745e-02,9.500000000000000111e-02,0.000000000000000000e+00,4.649880277552455032e-01
4.399999999999999745e-02,9.600000000000000200e-02,0.000000000000000000e+00,4.318129109096439100e-01
4.399999999999999745e-02,9.700000000000000289e-02,0.000000000000000000e+00,5.949415593639777455e-01
4.399999999999999745e-02,9.800000000000000377e-02,0.000000000000000000e+00,5.074249665682346588e-01
4.399999999999999745e-02,9.900000000000000466e-02,0.000000000000000000e+00,5.279011000586533164e-01
4.399999999999999745e-02,1.000000000000000056e-01,0.000000000000000000e+00,4.972616484827525052e-01
4.599999999999999922e-02,0.000000000000000000e+00,0.000000000000000000e+00,4.728187929268871104e-01
4.599999999999999922e-02,1.000000000000000021e-03,0.000000000000000000e+00,4.966850396949118451e-01
4.599999999999999922e-02,2.000000000000000042e-03,0.000000000000000000e+00,5.103286489671993165e-01
4.599999999999999922e-02,3.000000000000000062e-03,0.000000000000000000e+00,5.062385906993521756e-01
4.599999999999999922e-02,4.000000000000000083e-03,0.000000000000000000e+00,5.356264251056750414e-01
4.599999999999999922e-02,5.000000000000000104e-03,0.000000000000000000e+00,5.783981327154001928e-01
4.599999999999999922e-02,6.000000000000000125e-03,0.000000000000000000e+00,5.207043724034285948e-01
4.599999999999999922e-02,7.000000000000000146e-03,0.000000000000000000e+00,4.794870985439988464e-01
4.599999999999999922e-02,8.000000000000000167e-03,0.000000000000000000e+00,5.318482643550033195e-01
4.599999999999999922e-02,9.000000000000001055e-03,0.000000000000000000e+00,4.932389428948231180e-01
4.599999999999999922e-02,1.000000000000000021e-02,0.000000000000000000e+00,5.013413482727278048e-01
4.599999999999999922e-02,1.099999999999999936e-02,0.000000000000000000e+00,4.625078023134319705e-01
4.599999999999999922e-02,1.200000000000000025e-02,0.000000000000000000e+00,3.998235427108836060e-01
4.599999999999999922e-02,1.300000000000000114e-02,0.000000000000000000e+00,4.368630022115230216e-01
4.599999999999999922e-02,1.400000000000000029e-02,0.000000000000000000e+00,4.397264469565155820e-01
4.599999999999999922e-02,1.499999999999999944e-02,0.000000000000000000e+00,4.400645241776508509e-01
4.599999999999999922e-02,1.600000000000000033e-02,0.000000000000000000e+00,5.177998724156424037e-01
4.599999999999999922e-02,1.700000000000000122e-02,0.000000000000000000e+00,5.780639174470170172e-01
4.599999999999999922e-02,1.800000000000000211e-02,0.000000000000000000e+00,6.047317347817872113e-01
4.599999999999999922e-02,1.899999999999999953e-02,0.000000000000000000e+00,5.295982334954619786e-01
4.599999999999999922e-02,2.000000000000000042e-02,0.000000000000000000e+00,5.424021849227437242e-01
4.599999999999999922e-02,2.100000000000000130e-02,0.000000000000000000e+00,6.201987098033177048e-01
4.599999999999999922e-02,2.199999999999999872e-02,0.000000000000000000e+00,5.994302334312368030e-01
4.599999999999999922e-02,2.299999999999999961e-02,0.000000000000000000e+00,5.275752703974434521e-01
4.599999999999999922e-02,2.400000000000000050e-02,0.000000000000000000e+00,5.232339444672805540e-01
4.599999999999999922e-02,2.500000000000000139e-02,0.000000000000000000e+00,4.124660337942671617e-01
4.599999999999999922e-02,2.600000000000000228e-02,0.000000000000000000e+00,4.982009726605259869e-01
4.599999999999999922e-02,2.699999999999999969e-02,0.000000000000000000e+00,4.586004537451139340e-01
4.599999999999999922e-02,2.800000000000000058e-02,0.000000000000000000e+00,4.341652438351741305e-01
4.599999999999999922e-02,2.900000000000000147e-02,0.000000000000000000e+00,5.605736376328349646e-01
4.599999999999999922e-02,2.999999999999999889e-02,0.000000000000000000e+00,5.465839333300606118e-01
4.599999999999999922e-02,3.099999999999999978e-02,0.000000000000000000e+00,5.006378780081788271e-01
4.599999999999999922e-02,3.200000000000000067e-02,0.000000000000000000e+00,4.649654407900206676e-01
4.599999999999999922e-02,3.300000000000000155e-02,0.000000000000000000e+00,5.233521734336070708e-01
4.599999999999999922e-02,3.400000000000000244e-02,0.000000000000000000e+00,5.451703357935456795e-01
4.599999999999999922e-02,3.500000000000000333e-02,0.000000000000000000e+00,5.055196805752699696e-01
4.599999999999999922e-02,3.600000000000000422e-02,0.000000000000000000e+00,4.113792599161640307e-01
4.599999999999999922e-02,3.699999999999999817e-02,0.000000000000000000e+00,4.915114249547657410e-01
4.599999999999999922e-02,3.799999999999999906e-02,0.000000000000000000e+00,4.036424060674297376e-01
4.599999999999999922e-02,3.899999999999999994e-02,0.000000000000000000e+00,5.147022010628949928e-01
4.599999999999999922e-02,4.000000000000000083e-02,0.000000000000000000e+00,5.021283650458985282e-01
4.599999999999999922e-02,4.100000000000000172e-02,0.000000000000000000e+00,5.148264507667927870e-01
4.599999999999999922e-02,4.200000000000000261e-02,0.000000000000000000e+00,6.121213525681002965e-01
4.599999999999999922e-02,4.300000000000000350e-02,0.000000000000000000e+00,5.388532461713189115e-01
4.599999999999999922e-02,4.399999999999999745e-02,0.000000000000000000e+00,5.037970130226069321e-01
4.599999999999999922e-02,4.499999999999999833e-02,0.000000000000000000e+00,5.427347089051521856e-01
4.599999999999999922e-02,4.599999999999999922e-02,0.000000000000000000e+00,5.489002949116921215e-01
4.599999999999999922e-02,4.700000000000000011e-02,0.000000000000000000e+00,4.970468328438540362e-01
4.599999999999999922e-02,4.800000000000000100e-02,0.000000000000000000e+00,4.217292472210773524e-01
4.599999999999999922e-02,4.900000000000000189e-02,0.000000000000000000e+00,4.270027231009957958e-01
4.599999999999999922e-02,5.000000000000000278e-02,0.000000000000000000e+00,4.976301152997877342e-01
4.599999999999999922e-02,5.100000000000000366e-02,0.000000000000000000e+00,4.449926644880476956e-01
4.599999999999999922e-02,5.200000000000000455e-02,0.000000000000000000e+00,5.128563678527453540e-01
4.599999999999999922e-02,5.299999999999999850e-02,0.000000000000000000e+00,5.068737389658182213e-01
4.599999999999999922e-02,5.399999999999999939e-02,0.000000000000000000e+00,5.727779839692082042e-01
4.599999999999999922e-02,5.500000000000000028e-02,0.000000000000000000e+00,6.010257827085869753e-01
4.599999999999999922e-02,5.600000000000000117e-02,0.000000000000000000e+00,5.424817763126678072e-01
4.599999999999999922e-02,5.700000000000000205e-02,0.000000000000000000e+00,5.730026747827312583e-01
4.599999999999999922e-02,5.800000000000000294e-02,0.000000000000000000e+00,5.991975998377176982e-01
4.599999999999999922e-02,5.900000000000000383e-02,0.000000000000000000e+00,5.447905320413486407e-01
4.599999999999999922e-02,5.999999999999999778e-02,0.000000000000000000e+00,5.308138669480724214e-01
4.599999999999999922e-02,6.099999999999999867e-02,0.000000000000000000e+00,4.805894080366718835e-01
4.599999999999999922e-02,6.199999999999999956e-02,0.000000000000000000e+00,5.497552016429470001e-01
4.599999999999999922e-02,6.300000000000000044e-02,0.000000000000000000e+00,5.021424134141672102e-01
4.599999999999999922e-02,6.400000000000000133e-02,0.000000000000000000e+00,4.727745192218712478e-01
4.599999999999999922e-02,6.500000000000000222e-02,0.000000000000000000e+00,4.514627755802576581e-01
4.599999999999999922e-02,6.600000000000000311e-02,0.000000000000000000e+00,4.438878464995634210e-01
4.599999999999999922e-02,6.700000000000000400e-02,0.000000000000000000e+00,5.059155617319295306e-01
4.599999999999999922e-02,6.800000000000000488e-02,0.000000000000000000e+00,5.076555384675305316e-01
4.599999999999999922e-02,6.900000000000000577e-02,0.000000000000000000e+00,4.762837861831653030e-01
4.599999999999999922e-02,7.000000000000000666e-02,0.000000000000000000e+00,5.237247520990573335e-01
4.599999999999999922e-02,7.100000000000000755e-02,0.000000000000000000e+00,5.382648636067046688e-01
4.599999999999999922e-02,7.200000000000000844e-02,0.000000000000000000e+00,5.412831147047505453e-01
4.599999999999999922e-02,7.299999999999999545e-02,0.000000000000000000e+00,6.239586162816668224e-01
4.599999999999999922e-02,7.399999999999999634e-02,0.000000000000000000e+00,6.286922594890060889e-01
4.599999999999999922e-02,7.499999999999999722e-02,0.000000000000000000e+00,6.696267514475109373e-01
4.599999999999999922e-02,7.599999999999999811e-02,0.000000000000000000e+00,5.488414449861597211e-01
4.599999999999999922e-02,7.699999999999999900e-02,0.000000000000000000e+00,5.835159674604111224e-01
4.599999999999999922e-02,7.799999999999999989e-02,0.000000000000000000e+00,5.250197695927877328e-01
4.599999999999999922e-02,7.900000000000000078e-02,0.000000000000000000e+00,5.498240354365511173e-01
4.599999999999999922e-02,8.000000000000000167e-02,0.000000000000000000e+00,5.154959907167082633e-01
4.599999999999999922e-02,8.100000000000000255e-02,0.000000000000000000e+00,5.221320981515713555e-01
4.599999999999999922e-02,8.200000000000000344e-02,0.000000000000000000e+00,4.693842420686223926e-01
4.599999999999999922e-02,8.300000000000000433e-02,0.000000000000000000e+00,4.533095862912684404e-01
4.599999999999999922e-02,8.400000000000000522e-02,0.000000000000000000e+00,5.179089019802287641e-01
4.599999999999999922e-02,8.500000000000000611e-02,0.000000000000000000e+00,5.316544537391694192e-01
4.599999999999999922e-02,8.600000000000000699e-02,0.000000000000000000e+00,5.608675751787370878e-01
4.599999999999999922e-02,8.700000000000000788e-02,0.000000000000000000e+00,5.609913505715300452e-01
4.599999999999999922e-02,8.799999999999999489e-02,0.000000000000000000e+00,5.569876196863029483e-01
4.599999999999999922e-02,8.899999999999999578e-02,0.000000000000000000e+00,4.490438177026878086e-01
4.599999999999999922e-02,8.999999999999999667e-02,0.000000000000000000e+00,5.157450755775752071e-01
4.599999999999999922e-02,9.099999999999999756e-02,0.000000000000000000e+00,4.750308753879254886e-01
4.599999999999999922e-02,9.199999999999999845e-02,0.000000000000000000e+00,5.065096102265704836e-01
4.599999999999999922e-02,9.299999999999999933e-02,0.000000000000000000e+00,4.325252739434297666e-01
4.599999999999999922e-02,9.400000000000000022e-02,0.000000000000000000e+00,4.645152949856742319e-01
4.599999999999999922e-02,9.500000000000000111e-02,0.000000000000000000e+00,4.376042797962983455e-01
4.599999999999999922e-02,9.600000000000000200e-02,0.000000000000000000e+00,4.204936163862522114e-01
4.599999999999999922e-02,9.700000000000000289e-02,0.000000000000000000e+00,5.305248015248840154e-01
4.599999999999999922e-02,9.800000000000000377e-02,0.000000000000000000e+00,5.173967515932182959e-01
4.599999999999999922e-02,9.900000000000000466e-02,0.000000000000000000e+00,4.909164292818504194e-01
4.599999999999999922e-02,1.000000000000000056e-01,0.000000000000000000e+00,5.170968408184839493e-01
4.800000000000000100e-02,0.000000000000000000e+00,0.000000000000000000e+00,5.251730889344220499e-01
4.800000000000000100e-02,1.000000000000000021e-03,0.000000000000000000e+00,5.436942008554532801e-01
4.800000000000000100e-02,2.000000000000000042e-03,0.000000000000000000e+00,5.606813002293972170e-01
4.800000000000000100e-02,3.000000000000000062e-03,0.000000000000000000e+00,5.192006886222571005e-01
4.800000000000000100e-02,4.000000000000000083e-03,0.000000000000000000e+00,5.477509100055040214e-01
4.800000000000000100e-02,5.000000000000000104e-03,0.000000000000000000e+00,5.754657056068906984e-01
4.800000000000000100e-02,6.000000000000000125e-03,0.000000000000000000e+00,5.648681457982889231e-01
4.800000000000000100e-02,7.000000000000000146e-03,0.000000000000000000e+00,4.745233884197474494e-01
4.800000000000000100e-02,8.000000000000000167e-03,0.000000000000000000e+00,5.436252001245922560e-01
4.800000000000000100e-02,9.000000000000001055e-03,0.000000000000000000e+00,4.645684548154813132e-01
4.800000000000000100e-02,1.000000000000000021e-02,0.000000000000000000e+00,4.719115032872764348e-01
4.800000000000000100e-02,1.099999999999999936e-02,0.000000000000000000e+00,4.393197720096012615e-01
4.800000000000000100e-02,1.200000000000000025e-02,0.000000000000000000e+00,4.699751144454884511e-01
4.800000000000000100e-02,1.300000000000000114e-02,0.000000000000000000e+00,4.903487892866413844e-01
4.800000000000000100e-02,1.400000000000000029e-02,0.000000000000000000e+00,4.954491954608514770e-01
4.800000000000000100e-02,1.499999999999999944e-02,0.000000000000000000e+00,4.849717827877726428e-01
4.800000000000000100e-02,1.600000000000000033e-02,0.000000000000000000e+00,5.407035875535737279e-01
4.800000000000000100e-02,1.700000000000000122e-02,0.000000000000000000e+00,6.117128534662985562e-01
4.800000000000000100e-02,1.800000000000000211e-02,0.000000000000000000e+00,6.342046231446376581e-01
4.800000000000000100e-02,1.899999999999999953e-02,0.000000000000000000e+00,5.904613594376372232e-01
4.800000000000000100e-02,2.000000000000000042e-02,0.000000000000000000e+00,5.209213411131858873e-01
4.800000000000000100e-02,2.100000000000000130e-02,0.000000000000000000e+00,6.336254385614514817e-01
4.800000000000000100e-02,2.199999999999999872e-02,0.000000000000000000e+00,5.702199622957476732e-01
4.800000000000000100e-02,2.299999999999999961e-02,0.000000000000000000e+00,4.874818109635515317e-01
4.800000000000000100e-02,2.400000000000000050e-02,0.000000000000000000e+00,4.974668433580852756e-01
4.800000000000000100e-02,2.500000000000000139e-02,0.000000000000000000e+00,4.964681184093719390e-01
4.800000000000000100e-02,2.600000000000000228e-02,0.000000000000000000e+00,5.317161691221928832e-01
4.800000000000000100e-02,2.699999999999999969e-02,0.000000000000000000e+00,5.094500778527524254e-01
4.800000000000000100e-02,2.800000000000000058e-02,0.000000000000000000e+00,4.669930068889767139e-01
4.800000000000000100e-02,2.900000000000000147e-02,0.000000000000000000e+00,6.270209951023610895e-01
4.800000000000000100e-02,2.999999999999999889e-02,0.000000000000000000e+00,6.369711305252234723e-01
4.800000000000000100e-02,3.099999999999999978e-02,0.000000000000000000e+00,5.896604004363710239e-01
4.800000000000000100e-02,3.200000000000000067e-02,0.000000000000000000e+00,5.411737672291057066e-01
4.800000000000000100e-02,3.300000000000000155e-02,0.000000000000000000e+00,5.225843726975092363e-01
4.800000000000000100e-02,3.400000000000000244e-02,0.000000000000000000e+00,5.751707748826384581e-01
4.800000000000000100e-02,3.500000000000000333e-02,0.000000000000000000e+00,5.222169164732116675e-01
4.800000000000000100e-02,3.600000000000000422e-02,0.000000000000000000e+00,3.880074636939156441e-01
4.800000000000000100e-02,3.699999999999999817e-02,0.000000000000000000e+00,4.929746135513308203e-01
4.800000000000000100e-02,3.799999999999999906e-02,0.000000000000000000e+00,4.643080257119079901e-01
4.800000000000000100e-02,3.899999999999999994e-02,0.000000000000000000e+00,5.378873758924384019e-01
4.800000000000000100e-02,4.000000000000000083e-02,0.000000000000000000e+00,5.314131917290233487e-01
4.800000000000000100e-02,4.100000000000000172e-02,0.000000000000000000e+00,5.365460620104294254e-01
4.800000000000000100e-02,4.200000000000000261e-02,0.000000000000000000e+00,7.052769314853510885e-01
4.800000000000000100e-02,4.300000000000000350e-02,0.000000000000000000e+00,6.586602613867942324e-01
4.800000000000000100e-02,4.399999999999999745e-02,0.000000000000000000e+00,6.067458885024468174e-01
4.800000000000000100e-02,4.499999999999999833e-02,0.000000000000000000e+00,6.286355976019730729e-01
4.800000000000000100e-02,4.599999999999999922e-02,0.000000000000000000e+00,5.854946886387342175e-01
4.800000000000000100e-02,4.700000000000000011e-02,0.000000000000000000e+00,5.306959732772362770e-01
4.800000000000000100e-02,4.800000000000000100e-02,0.000000000000000000e+00,4.792150117135360321e-01
4.800000000000000100e-02,4.900000000000000189e-02,0.000000000000000000e+00,4.254597260835256689e-01
4.800000000000000100e-02,5.000000000000000278e-02,0.000000000000000000e+00,5.388773409221733202e-01
4.800000000000000100e-02,5.100000000000000366e-02,0.000000000000000000e+00,4.714982760829786179e-01
4.800000000000000100e-02,5.200000000000000455e-02,0.000000000000000000e+00,5.154996794127643112e-01
4.800000000000000100e-02,5.299999999999999850e-02,0.000000000000000000e+00,4.849157558338619833e-01
4.800000000000000100e-02,5.399999999999999939e-02,0.000000000000000000e+00,5.569530045286512632e-01
4.800000000000000100e-02,5.500000000000000028e-02,0.000000000000000000e+00,6.470266237488913053e-01
4.800000000000000100e-02,5.600000000000000117e-02,0.000000000000000000e+00,6.002229508519815182e-01
4.800000000000000100e-02,5.700000000000000205e-02,0.000000000000000000e+00,6.025549175861824036e-01
4.800000000000000100e-02,5.800000000000000294e-02,0.000000000000000000e+00,6.529970076478923691e-01
4.800000000000000100e-02,5.900000000000000383e-02,0.000000000000000000e+00,5.721329037115450156e-01
4.800000000000000100e-02,5.999999999999999778e-02,0.000000000000000000e+00,5.295728127529875096e-01
4.800000000000000100e-02,6.099999999999999867e-02,0.000000000000000000e+00,5.264253561061740250e-01
4.800000000000000100e-02,6.199999999999999956e-02,0.000000000000000000e+00,5.560854818634621832e-01
4.800000000000000100e-02,6.300000000000000044e-02,0.000000000000000000e+00,5.783445792618745473e-01
4.800000000000000100e-02,6.400000000000000133e-02,0.000000000000000000e+00,4.851822121872538807e-01
4.800000000000000100e-02,6.500000000000000222e-02,0.000000000000000000e+00,4.571376015449359898e-01
4.800000000000000100e-02,6.600000000000000311e-02,0.000000000000000000e+00,4.169086218958903411e-01
4.800000000000000100e-02,6.700000000000000400e-02,0.000000000000000000e+00,4.933710699799205290e-01
4.800000000000000100e-02,6.800000000000000488e-02,0.000000000000000000e+00,4.938193674834549518e-01
4.800000000000000100e-02,6.900000000000000577e-02,0.000000000000000000e+00,4.724296484131075835e-01
4.800000000000000100e-02,7.000000000000000666e-02,0.000000000000000000e+00,4.969306327154136560e-01
4.800000000000000100e-02,7.100000000000000755e-02,0.000000000000000000e+00,5.595121612887741236e-01
4.800000000000000100e-02,7.200000000000000844e-02,0.000000000000000000e+00,5.268120600700187950e-01
4.800000000000000100e-02,7.299999999999999545e-02,0.000000000000000000e+00,5.659954274871407121e-01
4.800000000000000100e-02,7.399999999999999634e-02,0.000000000000000000e+00,5.926865681545763209e-01
4.800000000000000100e-02,7.499999999999999722e-02,0.000000000000000000e+00,6.215879773037769063e-01
4.800000000000000100e-02,7.599999999999999811e-02,0.000000000000000000e+00,5.833916877271125845e-01
4.800000000000000100e-02,7.699999999999999900e-02,0.000000000000000000e+00,5.463389768557884718e-01
4.800000000000000100e-02,7.799999999999999989e-02,0.000000000000000000e+00,5.149997726522692609e-01
4.800000000000000100e-02,7.900000000000000078e-02,0.000000000000000000e+00,5.286667020390439786e-01
4.800000000000000100e-02,8.000000000000000167e-02,0.000000000000000000e+00,5.255150741634069256e-01
4.800000000000000100e-02,8.100000000000000255e-02,0.000000000000000000e+00,4.935140902735671853e-01
4.800000000000000100e-02,8.200000000000000344e-02,0.000000000000000000e+00,4.904590524686573416e-01
4.800000000000000100e-02,8.300000000000000433e-02,0.000000000000000000e+00,4.825565195459702306e-01
4.800000000000000100e-02,8.400000000000000522e-02,0.000000000000000000e+00,5.928689069983712479e-01
4.800000000000000100e-02,8.500000000000000611e-02,0.000000000000000000e+00,5.710312622459999821e-01
4.800000000000000100e-02,8.600000000000000699e-02,0.000000000000000000e+00,5.640939170069466657e-01
4.800000000000000100e-02,8.700000000000000788e-02,0.000000000000000000e+00,5.543437999042102327e-01
4.800000000000000100e-02,8.799999999999999489e-02,0.000000000000000000e+00,5.619426749633742446e-01
4.800000000000000100e-02,8.899999999999999578e-02,0.000000000000000000e+00,5.194352088122191624e-01
4.800000000000000100e-02,8.999999999999999667e-02,0.000000000000000000e+00,5.359667654821307359e-01
4.800000000000000100e-02,9.099999999999999756e-02,0.000000000000000000e+00,5.265847940272796457e-01
4.800000000000000100e-02,9.199999999999999845e-02,0.000000000000000000e+00,5.516434367215665713e-01
4.800000000000000100e-02,9.299999999999999933e-02,0.000000000000000000e+00,4.935317212018889843e-01
4.800000000000000100e-02,9.400000000000000022e-02,0.000000000000000000e+00,4.838962538116504675e-01
4.800000000000000100e-02,9.500000000000000111e-02,0.000000000000000000e+00,5.012288183550679399e-01
4.800000000000000100e-02,9.600000000000000200e-02,0.000000000000000000e+00,4.859490197227759878e-01
4.800000000000000100e-02,9.700000000000000289e-02,0.000000000000000000e+00,6.032450886717957150e-01
4.800000000000000100e-02,9.800000000000000377e-02,0.000000000000000000e+00,5.518585380219825920e-01
4.800000000000000100e-02,9.900000000000000466e-02,0.000000000000000000e+00,4.966655778748140793e-01
4.800000000000000100e-02,1.000000000000000056e-01,0.000000000000000000e+00,4.968483729821441819e-01
5.000000000000000278e-02,0.000000000000000000e+00,0.000000000000000000e+00,5.411474669591257447e-01
5.000000000000000278e-02,1.000000000000000021e-03,0.000000000000000000e+00,5.446050302371234775e-01
5.000000000000000278e-02,2.000000000000000042e-03,0.000000000000000000e+00,5.776570697575231783e-01
5.000000000000000278e-02,3.000000000000000062e-03,0.000000000000000000e+00,6.134466721634591613e-01
5.000000000000000278e-02,4.000000000000000083e-03,0.000000000000000000e+00,6.232060614694923117e-01
5.000000000000000278e-02,5.000000000000000104e-03,0.000000000000000000e+00,6.018689114919293370e-01
5.000000000000000278e-02,6.000000000000000125e-03,0.000000000000000000e+00,5.396418680042994742e-01
5.000000000000000278e-02,7.000000000000000146e-03,0.000000000000000000e+00,5.089310422930534150e-01
5.000000000000000278e-02,8.000000000000000167e-03,0.000000000000000000e+00,5.746642486739808042e-01
5.000000000000000278e-02,9.000000000000001055e-03,0.000000000000000000e+00,4.937592434876795222e-01
5.000000000000000278e-02,1.000000000000000021e-02,0.000000000000000000e+00,5.038161453185172611e-01
5.000000000000000278e-02,1.099999999999999936e-02,0.000000000000000000e+00,4.782911561533224054e-01
5.000000000000000278e-02,1.200000000000000025e-02,0.000000000000000000e+00,5.294032172834823857e-01
5.000000000000000278e-02,1.300000000000000114e-02,0.000000000000000000e+00,5.143513237201489119e-01
5.000000000000000278e-02,1.400000000000000029e-02,0.000000000000000000e+00,5.034486627644536583e-01
5.000000000000000278e-02,1.499999999999999944e-02,0.000000000000000000e+00,5.476217605365758523e-01
5.000000000000000278e-02,1.600000000000000033e-02,0.000000000000000000e+00,6.580311013366730855e-01
5.000000000000000278e-02,1.700000000000000122e-02,0.000000000000000000e+00,6.718351507004438616e-01
5.000000000000000278e-02,1.800000000000000211e-02,0.000000000000000000e+00,6.151992090426412485e-01
5.000000000000000278e-02,1.899999999999999953e-02,0.000000000000000000e+00,5.119696672362079592e-01
5.000000000000000278e-02,2.000000000000000042e-02,0.000000000000000000e+00,5.252267187496015843e-01
5.000000000000000278e-02,2.100000000000000130e-02,0.000000000000000000e+00,6.366119860182251067e-01
5.000000000000000278e-02,2.199999999999999872e-02,0.000000000000000000e+00,5.656680807062870464e-01
5.000000000000000278e-02,2.299999999999999961e-02,0.000000000000000000e+00,5.200899906468597900e-01
5.000000000000000278e-02,2.400000000000000050e-02,0.000000000000000000e+00,5.272810173114748089e-01
5.000000000000000278e-02,2.500000000000000139e-02,0.000000000000000000e+00,5.406140074533233308e-01
5.000000000000000278e-02,2.600000000000000228e-02,0.000000000000000000e+00,5.069573934750817301e-01
5.000000000000000278e-02,2.699999999999999969e-02,0.000000000000000000e+00,4.899022329197089132e-01
5.000000000000000278e-02,2.800000000000000058e-02,0.000000000000000000e+00,5.397425005670823950e-01
5.000000000000000278e-02,2.900000000000000147e-02,0.000000000000000000e+00,6.719246146298920586e-01
5.000000000000000278e-02,2.999999999999999889e-02,0.000000000000000000e+00,6.488007263424476756e-01
5.000000000000000278e-02,3.099999999999999978e-02,0.000000000000000000e+00,5.417126445701395676e-01
5.000000000000000278e-02,3.200000000000000067e-02,0.000000000000000000e+00,4.578947637859929753e-01
5.000000000000000278e-02,3.300000000000000155e-02,0.000000000000000000e+00,5.097829512462188628e-01
5.000000000000000278e-02,3.400000000000000244e-02,0.000000000000000000e+00,5.564762464670142128e-01
5.000000000000000278e-02,3.500000000000000333e-02,0.000000000000000000e+00,5.235755725793208581e-01
5.000000000000000278e-02,3.600000000000000422e-02,0.000000000000000000e+00,4.442350687039677837e-01
5.000000000000000278e-02,3.699999999999999817e-02,0.000000000000000000e+00,5.012922334723783901e-01
5.000000000000000278e-02,3.799999999999999906e-02,0.000000000000000000e+00,4.526482862916638705e-01
5.000000000000000278e-02,3.899999999999999994e-02,0.000000000000000000e+00,4.683411526625578802e-01
5.000000000000000278e-02,4.000000000000000083e-02,0.000000000000000000e+00,4.731447135660801218e-01
5.000000000000000278e-02,4.100000000000000172e-02,0.000000000000000000e+00,5.567175419411305448e-01
5.000000000000000278e-02,4.200000000000000261e-02,0.000000000000000000e+00,6.550619449240988601e-01
5.000000000000000278e-02,4.300000000000000350e-02,0.000000000000000000e+00,6.460442886592804301e-01
5.000000000000000278e-02,4.399999999999999745e-02,0.000000000000000000e+00,5.792433890958035292e-01
5.000000000000000278e-02,4.499999999999999833e-02,0.000000000000000000e+00,5.774466799108541881e-01
5.000000000000000278e-02,4.599999999999999922e-02,0.000000000000000000e+00,5.827820159742933548e-01
5.000000000000000278e-02,4.700000000000000011e-02,0.000000000000000000e+00,5.004389319824021909e-01
5.000000000000000278e-02,4.800000000000000100e-02,0.000000000000000000e+00,5.203091861693990294e-01
5.000000000000000278e-02,4.900000000000000189e-02,0.000000000000000000e+00,4.821043751778631981e-01
5.000000000000000278e-02,5.000000000000000278e-02,0.000000000000000000e+00,5.070573307499178783e-01
5.000000000000000278e-02,5.100000000000000366e-02,0.000000000000000000e+00,3.996950063015106136e-01
5.000000000000000278e-02,5.200000000000000455e-02,0.000000000000000000e+00,4.461360432841181001e-01
5.000000000000000278e-02,5.299999999999999850e-02,0.000000000000000000e+00,4.046671105999496976e-01
5.000000000000000278e-02,5.399999999999999939e-02,0.000000000000000000e+00,5.044622242707968995e-01
5.000000000000000278e-02,5.500000000000000028e-02,0.000000000000000000e+00,5.589857969686174988e-01
5.000000000000000278e-02,5.600000000000000117e-02,0.000000000000000000e+00,6.109266939613851033e-01
5.000000000000000278e-02,5.700000000000000205e-02,0.000000000000000000e+00,6.159318635782320417e-01
5.000000000000000278e-02,5.800000000000000294e-02,0.000000000000000000e+00,6.405118131860445541e-01
5.000000000000000278e-02,5.900000000000000383e-02,0.000000000000000000e+00,5.949885408009620846e-01
5.000000000000000278e-02,5.999999999999999778e-02,0.000000000000000000e+00,4.976478701565055229e-01
5.000000000000000278e-02,6.099999999999999867e-02,0.000000000000000000e+00,5.795195925661456027e-01
5.000000000000000278e-02,6.199999999999999956e-02,0.000000000000000000e+00,5.741960042806193432e-01
5.000000000000000278e-02,6.300000000000000044e-02,0.000000000000000000e+00,5.286481735640127244e-01
5.000000000000000278e-02,6.400000000000000133e-02,0.000000000000000000e+00,4.000766404294743839e-01
5.000000000000000278e-02,6.500000000000000222e-02,0.000000000000000000e+00,4.341645255528097658e-01
5.000000000000000278e-02,6.600000000000000311e-02,0.000000000000000000e+00,3.534339212145483633e-01
5.000000000000000278e-02,6.700000000000000400e-02,0.000000000000000000e+00,4.337449007738879425e-01
5.000000000000000278e-02,6.800000000000000488e-02,0.000000000000000000e+00,4.738033594690196360e-01
5.000000000000000278e-02,6.900000000000000577e-02,0.000000000000000000e+00,5.389828733784527426e-01
5.000000000000000278e-02,7.000000000000000666e-02,0.000000000000000000e+00,5.433851804155563903e-01
5.000000000000000278e-02,7.100000000000000755e-02,0.000000000000000000e+00,5.916082362001415795e-01
5.000000000000000278e-02,7.200000000000000844e-02,0.000000000000000000e+00,5.747727890311358223e-01
5.000000000000000278e-02,7.299999999999999545e-02,0.000000000000000000e+00,5.481624295688778403e-01
5.000000000000000278e-02,7.399999999999999634e-02,0.000000000000000000e+00,6.174255689123449020e-01
5.000000000000000278e-02,7.499999999999999722e-02,0.000000000000000000e+00,6.050057587197381626e-01
5.000000000000000278e-02,7.599999999999999811e-02,0.000000000000000000e+00,5.426494884466472879e-01
5.000000000000000278e-02,7.699999999999999900e-02,0.000000000000000000e+00,4.619226927462329324e-01
5.000000000000000278e-02,7.799999999999999989e-02,0.000000000000000000e+00,4.971770953156975370e-01
5.000000000000000278e-02,7.900000000000000078e-02,0.000000000000000000e+00,4.530230481100833151e-01
5.000000000000000278e-02,8.000000000000000167e-02,0.000000000000000000e+00,4.723292436063339927e-01
5.000000000000000278e-02,8.100000000000000255e-02,0.000000000000000000e+00,5.063474161050331990e-01
5.000000000000000278e-02,8.200000000000000344e-02,0.000000000000000000e+00,5.220104113350586550e-01
5.000000000000000278e-02,8.300000000000000433e-02,0.000000000000000000e+00,4.774838944562370679e-01
5.000000000000000278e-02,8.400000000000000522e-02,0.000000000000000000e+00,6.156897922375320631e-01
5.000000000000000278e-02,8.500000000000000611e-02,0.000000000000000000e+00,6.008053438476712582e-01
5.000000000000000278e-02,8.600000000000000699e-02,0.000000000000000000e+00,5.693690153881043603e-01
5.000000000000000278e-02,8.700000000000000788e-02,0.000000000000000000e+00,5.734577338148421077e-01
5.000000000000000278e-02,8.799999999999999489e-02,0.000000000000000000e+00,5.858797139352659444e-01
5.000000000000000278e-02,8.899999999999999578e-02,0.000000000000000000e+00,5.546953055896890472e-01
5.000000000000000278e-02,8.999999999999999667e-02,0.000000000000000000e+00,5.420792394037300399e-01
5.000000000000000278e-02,9.099999999999999756e-02,0.000000000000000000e+00,5.740719203286791528e-01
5.000000000000000278e-02,9.199999999999999845e-02,0.000000000000000000e+00,5.620088900834412371e-01
5.000000000000000278e-02,9.299999999999999933e-02,0.000000000000000000e+00,5.269780399509058633e-01
5.000000000000000278e-02,9.400000000000000022e-02,0.000000000000000000e+00,5.395864775224816778e-01
5.000000000000000278e-02,9.500000000000000111e-02,0.000000000000000000e+00,5.210699638300162473e-01
5.000000000000000278e-02,9.600000000000000200e-02,0.000000000000000000e+00,4.677540584046466221e-01
5.000000000000000278e-02,9.700000000000000289e-02,0.000000000000000000e+00,6.117022994759979682e-01
5.000000000000000278e-02,9.800000000000000377e-02,0.000000000000000000e+00,5.457053909818125881e-01
5.000000000000000278e-02,9.900000000000000466e-02,0.000000000000000000e+00,4.843558108421459063e-01
5.000000000000000278e-02,1.000000000000000056e-01,0.000000000000000000e+00,4.728544479092451902e-01
5.200000000000000455e-02,0.000000000000000000e+00,0.000000000000000000e+00,5.906043108925957963e-01
5.200000000000000455e-02,1.000000000000000021e-03,0.000000000000000000e+00,6.055378579272943096e-01
5.200000000000000455e-02,2.000000000000000042e-03,0.000000000000000000e+00,5.501906353473020594e-01
5.200000000000000455e-02,3.000000000000000062e-03,0.000000000000000000e+00,5.256926316826242562e-01
5.200000000000000455e-02,4.000000000000000083e-03,0.000000000000000000e+00,4.882499345992318274e-01
5.200000000000000455e-02,5.000000000000000104e-03,0.000000000000000000e+00,5.607347613756725746e-01
5.200000000000000455e-02,6.000000000000000125e-03,0.000000000000000000e+00,4.193752560532055806e-01
5.200000000000000455e-02,7.000000000000000146e-03,0.000000000000000000e+00,4.408624152210763869e-01
5.200000000000000455e-02,8.000000000000000167e-03,0.000000000000000000e+00,5.398331387231773970e-01
5.200000000000000455e-02,9.000000000000001055e-03,0.000000000000000000e+00,4.621617278792820582e-01
5.200000000000000455e-02,1.000000000000000021e-02,0.000000000000000000e+00,4.456588662085315677e-01
5.200000000000000455e-02,1.099999999999999936e-02,0.000000000000000000e+00,5.110425883891426269e-01
5.200000000000000455e-02,1.200000000000000025e-02,0.000000000000000000e+00,5.973249791216812543e-01
5.200000000000000455e-02,1.300000000000000114e-02,0.000000000000000000e+00,6.228062262904117130e-01
5.200000000000000455e-02,1.400000000000000029e-02,0.000000000000000000e+00,6.273819077884109641e-01
5.200000000000000455e-02,1.499999999999999944e-02,0.000000000000000000e+00,5.929993571708667144e-01
5.200000000000000455e-02,1.600000000000000033e-02,0.000000000000000000e+00,6.307004053660117959e-01
5.200000000000000455e-02,1.700000000000000122e-02,0.000000000000000000e+00,6.339953664186017690e-01
5.200000000000000455e-02,1.800000000000000211e-02,0.000000000000000000e+00,6.811770631271247822e-01
5.200000000000000455e-02,1.899999999999999953e-02,0.000000000000000000e+00,4.776919916980689185e-01
5.200000000000000455e-02,2.000000000000000042e-02,0.000000000000000000e+00,5.322108818796855711e-01
5.200000000000000455e-02,2.100000000000000130e-02,0.000000000000000000e+00,6.565595871357027269e-01
5.200000000000000455e-02,2.199999999999999872e-02,0.000000000000000000e+00,4.918260435981858247e-01
5.200000000000000455e-02,2.299999999999999961e-02,0.000000000000000000e+00,4.379280965609804732e-01
5.200000000000000455e-02,2.400000000000000050e-02,0.000000000000000000e+00,5.276005055740933258e-01
5.200000000000000455e-02,2.500000000000000139e-02,0.000000000000000000e+00,5.400662254924404326e-01
5.200000000000000455e-02,2.600000000000000228e-02,0.000000000000000000e+00,5.006015366975606895e-01
5.200000000000000455e-02,2.699999999999999969e-02,0.000000000000000000e+00,4.692654880844304710e-01
5.200000000000000455e-02,2.800000000000000058e-02,0.000000000000000000e+00,5.163145535824207322e-01
5.200000000000000455e-02,2.900000000000000147e-02,0.000000000000000000e+00,5.898867196371682109e-01
5.200000000000000455e-02,2.999999999999999889e-02,0.000000000000000000e+00,6.305168292512697281e-01
5.200000000000000455e-02,3.099999999999999978e-02,0.000000000000000000e+00,5.936486318712994592e-01
5.200000000000000455e-02,3.200000000000000067e-02,0.000000000000000000e+00,4.668623717634468595e-01
5.200000000000000455e-02,3.300000000000000155e-02,0.000000000000000000e+00,5.454132360681617220e-01
5.200000000000000455e-02,3.400000000000000244e-02,0.000000000000000000e+00,6.233189926410699355e-01
5.200000000000000455e-02,3.500000000000000333e-02,0.000000000000000000e+00,4.629646170489285506e-01
5.200000000000000455e-02,3.600000000000000422e-02,0.000000000000000000e+00,4.569821256667182530e-01
5.200000000000000455e-02,3.699999999999999817e-02,0.000000000000000000e+00,5.293363734898457462e-01
5.200000000000000455e-02,3.799999999999999906e-02,0.000000000000000000e+00,4.490423465886266841e-01
5.200000000000000455e-02,3.899999999999999994e-02,0.000000000000000000e+00,4.279264057097487139e-01
5.200000000000000455e-02,4.000000000000000083e-02,0.000000000000000000e+00,4.049320039069762567e-01
5.200000000000000455e-02,4.100000000000000172e-02,0.000000000000000000e+00,5.290882395788383263e-01
5.200000000000000455e-02,4.200000000000000261e-02,0.000000000000000000e+00,5.597227597747915784e-01
5.200000000000000455e-02,4.300000000000000350e-02,0.000000000000000000e+00,6.121322702062166332e-01
5.200000000000000455e-02,4.399999999999999745e-02,0.000000000000000000e+00,5.369750512092286154e-01
5.200000000000000455e-02,4.499999999999999833e-02,0.000000000000000000e+00,5.125009107770752692e-01
5.200000000000000455e-02,4.599999999999999922e-02,0.000000000000000000e+00,5.159655905513549357e-01
5.200000000000000455e-02,4.700000000000000011e-02,0.000000000000000000e+00,4.857844261017760235e-01
5.200000000000000455e-02,4.800000000000000100e-02,0.000000000000000000e+00,4.131682769253606780e-01
5.200000000000000455e-02,4.900000000000000189e-02,0.000000000000000000e+00,4.664898432794082894e-01
5.200000000000000455e-02,5.000000000000000278e-02,0.000000000000000000e+00,4.574146600617257086e-01
5.200000000000000455e-02,5.100000000000000366e-02,0.000000000000000000e+00,3.729351939375286085e-01
5.200000000000000455e-02,5.200000000000000455e-02,0.000000000000000000e+00,4.379128240569087338e-01
5.200000000000000455e-02,5.299999999999999850e-02,0.000000000000000000e+00,4.145066115546646168e-01
5.200000000000000455e-02,5.399999999999999939e-02,0.000000000000000000e+00,5.500770511751060798e-01
5.200000000000000455e-02,5.500000000000000028e-02,0.000000000000000000e+00,5.651999462313256339e-01
5.200000000000000455e-02,5.600000000000000117e-02,0.000000000000000000e+00,6.354420695108025097e-01
5.200000000000000455e-02,5.700000000000000205e-02,0.000000000000000000e+00,6.280099491154748081e-01
5.200000000000000455e-02,5.800000000000000294e-02,0.000000000000000000e+00,6.144269516979290469e-01
5.200000000000000455e-02,5.900000000000000383e-02,0.000000000000000000e+00,5.535252575092044491e-01
5.200000000000000455e-02,5.999999999999999778e-02,0.000000000000000000e+00,5.030362679284214877e-01
5.200000000000000455e-02,6.099999999999999867e-02,0.000000000000000000e+00,5.144850792952513352e-01
5.200000000000000455e-02,6.199999999999999956e-02,0.000000000000000000e+00,5.334349697685781821e-01
5.200000000000000455e-02,6.300000000000000044e-02,0.000000000000000000e+00,4.521730580838819180e-01
5.200000000000000455e-02,6.400000000000000133e-02,0.000000000000000000e+00,3.939948918143901246e-01
5.200000000000000455e-02,6.500000000000000222e-02,0.000000000000000000e+00,4.683508992436735130e-01
5.200000000000000455e-02,6.600000000000000311e-02,0.000000000000000000e+00,4.104741413516349025e-01
5.200000000000000455e-02,6.700000000000000400e-02,0.000000000000000000e+00,4.663267168625843118e-01
5.200000000000000455e-02,6.800000000000000488e-02,0.000000000000000000e+00,5.131399376753315034e-01
5.200000000000000455e-02,6.900000000000000577e-02,0.000000000000000000e+00,5.407505048969160066e-01
5.200000000000000455e-02,7.000000000000000666e-02,0.000000000000000000e+00,5.809942579937147356e-01
5.200000000000000455e-02,7.100000000000000755e-02,0.000000000000000000e+00,5.643760086311309099e-01
5.200000000000000455e-02,7.200000000000000844e-02,0.000000000000000000e+00,5.365690927196038462e-01
5.200000000000000455e-02,7.299999999999999545e-02,0.000000000000000000e+00,5.598599682946849843e-01
5.200000000000000455e-02,7.399999999999999634e-02,0.000000000000000000e+00,5.815330878122751956e-01
5.200000000000000455e-02,7.499999999999999722e-02,0.000000000000000000e+00,5.560426845853807531e-01
5.200000000000000455e-02,7.599999999999999811e-02,0.000000000000000000e+00,5.005233374491412368e-01
5.200000000000000455e-02,7.699999999999999900e-02,0.000000000000000000e+00,4.814005042966387204e-01
5.200000000000000455e-02,7.799999999999999989e-02,0.000000000000000000e+00,5.280817167139164603e-01
5.200000000000000455e-02,7.900000000000000078e-02,0.000000000000000000e+00,4.998817324993800604e-01
5.200000000000000455e-02,8.000000000000000167e-02,0.000000000000000000e+00,4.749325866485821224e-01
5.200000000000000455e-02,8.100000000000000255e-02,0.000000000000000000e+00,5.487490568040163108e-01
5.200000000000000455e-02,8.200000000000000344e-02,0.000000000000000000e+00,4.866193050159731692e-01
5.200000000000000455e-02,8.300000000000000433e-02,0.000000000000000000e+00,5.065599331519093917e-01
5.200000000000000455e-02,8.400000000000000522e-02,0.000000000000000000e+00,5.656205691569360372e-01
5.200000000000000455e-02,8.500000000000000611e-02,0.000000000000000000e+00,5.388182502758507297e-01
5.200000000000000455e-02,8.600000000000000699e-02,0.000000000000000000e+00,5.612744298508978158e-01
5.200000000000000455e-02,8.700000000000000788e-02,0.000000000000000000e+00,5.269929720949502183e-01
5.200000000000000455e-02,8.799999999999999489e-02,0.000000000000000000e+00,5.011686141454911869e-01
5.200000000000000455e-02,8.899999999999999578e-02,0.000000000000000000e+00,4.800669398462102389e-01
5.200000000000000455e-02,8.999999999999999667e-02,0.000000000000000000e+00,4.831268962108839493e-01
5.200000000000000455e-02,9.099999999999999756e-02,0.000000000000000000e+00,5.070876853826646879e-01
5.200000000000000455e-02,9.199999999999999845e-02,0.000000000000000000e+00,5.183827040510331496e-01
5.200000000000000455e-02,9.299999999999999933e-02,0.000000000000000000e+00,4.774928497284063877e-01
5.200000000000000455e-02,9.400000000000000022e-02,0.000000000000000000e+00,5.366929426370363743e-01
5.200000000000000455e-02,9.500000000000000111e-02,0.000000000000000000e+00,4.701863234531349356e-01
5.200000000000000455e-02,9.600000000000000200e-02,0.000000000000000000e+00,4.865465136013996661e-01
5.200000000000000455e-02,9.700000000000000289e-02,0.000000000000000000e+00,5.978810985741758177e-01
5.200000000000000455e-02,9.800000000000000377e-02,0.000000000000000000e+00,5.461049389865165749e-01
5.200000000000000455e-02,9.900000000000000466e-02,0.000000000000000000e+00,5.422338423471237956e-01
5.200000000000000455e-02,1.000000000000000056e-01,0.000000000000000000e+00,5.093777981245773967e-01
5.399999999999999939e-02,0.000000000000000000e+00,0.000000000000000000e+00,5.601396304585970487e-01
5.399999999999999939e-02,1.000000000000000021e-03,0.000000000000000000e+00,5.994619206386614385e-01
5.399999999999999939e-02,2.000000000000000042e-03,0.000000000000000000e+00,5.397900904731783855e-01
5.399999999999999939e-02,3.000000000000000062e-03,0.000000000000000000e+00,5.158043529995588461e-01
5.399999999999999939e-02,4.000000000000000083e-03,0.000000000000000000e+00,4.853889050617606338e-01
5.399999999999999939e-02,5.000000000000000104e-03,0.000000000000000000e+00,5.829021467707254933e-01
5.399999999999999939e-02,6.000000000000000125e-03,0.000000000000000000e+00,4.808309286513715586e-01
5.399999999999999939e-02,7.000000000000000146e-03,0.000000000000000000e+00,4.454018327840052471e-01
5.399999999999999939e-02,8.000000000000000167e-03,0.000000000000000000e+00,5.394951582446843030e-01
5.399999999999999939e-02,9.000000000000001055e-03,0.000000000000000000e+00,5.258428661294455297e-01
5.399999999999999939e-02,1.000000000000000021e-02,0.000000000000000000e+00,4.682324768710509066e-01
5.399999999999999939e-02,1.099999999999999936e-02,0.000000000000000000e+00,4.337280347051290508e-01
5.399999999999999939e-02,1.200000000000000025e-02,0.000000000000000000e+00,5.211260234291639204e-01
5.399999999999999939e-02,1.300000000000000114e-02,0.000000000000000000e+00,5.839501124761137252e-01
5.399999999999999939e-02,1.400000000000000029e-02,0.000000000000000000e+00,5.836493311016176522e-01
5.399999999999999939e-02,1.499999999999999944e-02,0.000000000000000000e+00,4.885074659480534431e-01
5.399999999999999939e-02,1.600000000000000033e-02,0.000000000000000000e+00,5.427196571681983661e-01
5.399999999999999939e-02,1.700000000000000122e-02,0.000000000000000000e+00,5.737296848177537711e-01
5.399999999999999939e-02,1.800000000000000211e-02,0.000000000000000000e+00,6.661076763140556523e-01
5.399999999999999939e-02,1.899999999999999953e-02,0.000000000000000000e+00,5.263334496745747382e-01
5.399999999999999939e-02,2.000000000000000042e-02,0.000000000000000000e+00,5.417605397619025265e-01
5.399999999999999939e-02,2.100000000000000130e-02,0.000000000000000000e+00,6.737617077765019058e-01
5.399999999999999939e-02,2.199999999999999872e-02,0.000000000000000000e+00,6.152325661573145865e-01
5.399999999999999939e-02,2.299999999999999961e-02,0.000000000000000000e+00,5.339984334669487520e-01
5.399999999999999939e-02,2.400000000000000050e-02,0.000000000000000000e+00,5.437350949769563790e-01
5.399999999999999939e-02,2.500000000000000139e-02,0.000000000000000000e+00,5.955867283382410005e-01
5.399999999999999939e-02,2.600000000000000228e-02,0.000000000000000000e+00,6.061014347765107946e-01
5.399999999999999939e-02,2.699999999999999969e-02,0.000000000000000000e+00,5.037946754299825747e-01
5.399999999999999939e-02,2.800000000000000058e-02,0.000000000000000000e+00,4.328725072319292710e-01
5.399999999999999939e-02,2.900000000000000147e-02,0.000000000000000000e+00,5.586518300033415096e-01
5.399999999999999939e-02,2.999999999999999889e-02,0.000000000000000000e+00,6.243606362897211604e-01
5.399999999999999939e-02,3.099999999999999978e-02,0.000000000000000000e+00,5.856119849957140966e-01
5.399999999999999939e-02,3.200000000000000067e-02,0.000000000000000000e+00,4.719078327973587061e-01
5.399999999999999939e-02,3.300000000000000155e-02,0.000000000000000000e+00,5.237511904878047186e-01
5.399999999999999939e-02,3.400000000000000244e-02,0.000000000000000000e+00,5.707957529691400911e-01
5.399999999999999939e-02,3.500000000000000333e-02,0.000000000000000000e+00,4.986389884630620939e-01
5.399999999999999939e-02,3.600000000000000422e-02,0.000000000000000000e+00,4.807425961601388131e-01
5.399999999999999939e-02,3.699999999999999817e-02,0.000000000000000000e+00,5.446157630381533998e-01
5.399999999999999939e-02,3.799999999999999906e-02,0.000000000000000000e+00,5.144649602670672284e-01
5.399999999999999939e-02,3.899999999999999994e-02,0.000000000000000000e+00,5.035743380322384999e-01
5.399999999999999939e-02,4.000000000000000083e-02,0.000000000000000000e+00,3.946809855461914096e-01
5.399999999999999939e-02,4.100000000000000172e-02,0.000000000000000000e+00,4.374354146265421739e-01
5.399999999999999939e-02,4.200000000000000261e-02,0.000000000000000000e+00,5.854290164404649666e-01
5.399999999999999939e-02,4.300000000000000350e-02,0.000000000000000000e+00,6.721396057779938094e-01
5.399999999999999939e-02,4.399999999999999745e-02,0.000000000000000000e+00,5.626986064185306446e-01
5.399999999999999939e-02,4.499999999999999833e-02,0.000000000000000000e+00,5.237702897988438799e-01
5.399999999999999939e-02,4.599999999999999922e-02,0.000000000000000000e+00,5.376730626477033148e-01
5.399999999999999939e-02,4.700000000000000011e-02,0.000000000000000000e+00,4.651036138083514682e-01
5.399999999999999939e-02,4.800000000000000100e-02,0.000000000000000000e+00,4.557783084951917973e-01
5.399999999999999939e-02,4.900000000000000189e-02,0.000000000000000000e+00,4.899745437027966943e-01
5.399999999999999939e-02,5.000000000000000278e-02,0.000000000000000000e+00,5.202058520695818089e-01
5.399999999999999939e-02,5.100000000000000366e-02,0.000000000000000000e+00,4.556578326430122394e-01
5.399999999999999939e-02,5.200000000000000455e-02,0.000000000000000000e+00,4.552721856167360470e-01
5.399999999999999939e-02,5.299999999999999850e-02,0.000000000000000000e+00,3.781394743581591444e-01
5.399999999999999939e-02,5.399999999999999939e-02,0.000000000000000000e+00,4.700450002557212126e-01
5.399999999999999939e-02,5.500000000000000028e-02,0.000000000000000000e+00,5.733297746300741737e-01
5.399999999999999939e-02,5.600000000000000117e-02,0.000000000000000000e+00,6.668283542890394155e-01
5.399999999999999939e-02,5.700000000000000205e-02,0.000000000000000000e+00,6.049738283081793622e-01
5.399999999999999939e-02,5.800000000000000294e-02,0.000000000000000000e+00,5.894419563391237737e-01
5.399999999999999939e-02,5.900000000000000383e-02,0.000000000000000000e+00,5.656231492584227194e-01
5.399999999999999939e-02,5.999999999999999778e-02,0.000000000000000000e+00,5.115221802341369806e-01
5.399999999999999939e-02,6.099999999999999867e-02,0.000000000000000000e+00,5.508776329926331483e-01
5.399999999999999939e-02,6.199999999999999956e-02,0.000000000000000000e+00,5.590557222412962934e-01
5.399999999999999939e-02,6.300000000000000044e-02,0.000000000000000000e+00,5.509289319539758534e-01
5.399999999999999939e-02,6.400000000000000133e-02,0.000000000000000000e+00,5.094445808687295685e-01
5.399999999999999939e-02,6.500000000000000222e-02,0.000000000000000000e+00,4.734654248078419836e-01
5.399999999999999939e-02,6.600000000000000311e-02,0.000000000000000000e+00,4.166460532052480015e-01
5.399999999999999939e-02,6.700000000000000400e-02,0.000000000000000000e+00,4.408546356023191892e-01
5.399999999999999939e-02,6.800000000000000488e-02,0.000000000000000000e+00,4.834446895964222279e-01
5.399999999999999939e-02,6.900000000000000577e-02,0.000000000000000000e+00,5.431730743850974319e-01
5.399999999999999939e-02,7.000000000000000666e-02,0.000000000000000000e+00,5.281489152087159855e-01
5.399999999999999939e-02,7.100000000000000755e-02,0.000000000000000000e+00,5.286549179093944506e-01
5.399999999999999939e-02,7.200000000000000844e-02,0.000000000000000000e+00,5.175062217480048687e-01
5.399999999999999939e-02,7.299999999999999545e-02,0.000000000000000000e+00,5.724172036500023708e-01
5.399999999999999939e-02,7.399999999999999634e-02,0.000000000000000000e+00,5.759438458838126440e-01
5.399999999999999939e-02,7.499999999999999722e-02,0.000000000000000000e+00,5.617105762058320906e-01
5.399999999999999939e-02,7.599999999999999811e-02,0.000000000000000000e+00,5.767744488002717329e-01
5.399999999999999939e-02,7.699999999999999900e-02,0.000000000000000000e+00,5.640741309564942796e-01
5.399999999999999939e-02,7.799999999999999989e-02,0.000000000000000000e+00,5.001063754479919687e-01
5.399999999999999939e-02,7.900000000000000078e-02,0.000000000000000000e+00,5.022716196180843085e-01
5.399999999999999939e-02,8.000000000000000167e-02,0.000000000000000000e+00,4.594076842913139558e-01
5.399999999999999939e-02,8.100000000000000255e-02,0.000000000000000000e+00,4.733248160716123643e-01
5.399999999999999939e-02,8.200000000000000344e-02,0.000000000000000000e+00,4.753854144257851355e-01
5.399999999999999939e-02,8.300000000000000433e-02,0.000000000000000000e+00,4.530807367405042529e-01
5.399999999999999939e-02,8.400000000000000522e-02,0.000000000000000000e+00,5.311594297995037017e-01
5.399999999999999939e-02,8.500000000000000611e-02,0.000000000000000000e+00,4.930001665071848671e-01
5.399999999999999939e-02,8.600000000000000699e-02,0.000000000000000000e+00,5.641416950150270893e-01
5.399999999999999939e-02,8.700000000000000788e-02,0.000000000000000000e+00,4.947426819952497334e-01
5.399999999999999939e-02,8.799999999999999489e-02,0.000000000000000000e+00,4.760371242224240573e-01
5.399999999999999939e-02,8.899999999999999578e-02,0.000000000000000000e+00,4.864210822844094451e-01
5.399999999999999939e-02,8.999999999999999667e-02,0.000000000000000000e+00,4.748931424540780988e-01
5.399999999999999939e-02,9.099999999999999756e-02,0.000000000000000000e+00,4.338201870964628615e-01
5.399999999999999939e-02,9.199999999999999845e-02,0.000000000000000000e+00,4.730207933836259038e-01
5.399999999999999939e-02,9.299999999999999933e-02,0.000000000000000000e+00,4.377343625879078215e-01
5.399999999999999939e-02,9.400000000000000022e-02,0.000000000000000000e+00,4.535809804641490195e-01
5.399999999999999939e-02,9.500000000000000111e-02,0.000000000000000000e+00,4.544401330392049410e-01
5.399999999999999939e-02,9.600000000000000200e-02,0.000000000000000000e+00,4.536665128922247048e-01
5.399999999999999939e-02,9.700000000000000289e-02,0.000000000000000000e+00,5.845152605949970326e-01
5.399999999999999939e-02,9.800000000000000377e-02,0.000000000000000000e+00,5.328916205430043185e-01
5.399999999999999939e-02,9.900000000000000466e-02,0.000000000000000000e+00,5.745096180488196147e-01
5.399999999999999939e-02,1.000000000000000056e-01,0.000000000000000000e+00,5.253950489291392412e-01
5.600000000000000117e-02,0.000000000000000000e+00,0.000000000000000000e+00,5.004736668683806844e-01
5.600000000000000117e-02,1.000000000000000021e-03,0.000000000000000000e+00,4.935915724707436447e-01
5.600000000000000117e-02,2.000000000000000042e-03,0.000000000000000000e+00,4.873164581092914172e-01
5.600000000000000117e-02,3.000000000000000062e-03,0.000000000000000000e+00,5.127068112262465061e-01
5.600000000000000117e-02,4.000000000000000083e-03,0.000000000000000000e+00,5.073270551367472514e-01
5.600000000000000117e-02,5.000000000000000104e-03,0.000000000000000000e+00,5.519595177115339535e-01
5.600000000000000117e-02,6.000000000000000125e-03,0.000000000000000000e+00,4.694747712397145945e-01
5.600000000000000117e-02,7.000000000000000146e-03,0.000000000000000000e+00,4.502437934682542164e-01
5.600000000000000117e-02,8.000000000000000167e-03,0.000000000000000000e+00,5.389364078648567480e-01
5.600000000000000117e-02,9.000000000000001055e-03,0.000000000000000000e+00,5.457525936504701303e-01
5.600000000000000117e-02,1.000000000000000021e-02,0.000000000000000000e+00,4.676531059306169302e-01
5.600000000000000117e-02,1.099999999999999936e-02,0.000000000000000000e+00,4.056776341847646572e-01
5.600000000000000117e-02,1.200000000000000025e-02,0.000000000000000000e+00,4.526007961311304117e-01
5.600000000000000117e-02,1.300000000000000114e-02,0.000000000000000000e+00,5.183821524669153247e-01
5.600000000000000117e-02,1.400000000000000029e-02,0.000000000000000000e+00,4.936461730209595333e-01
5.600000000000000117e-02,1.499999999999999944e-02,0.000000000000000000e+00,4.414261406711792457e-01
5.600000000000000117e-02,1.600000000000000033e-02,0.000000000000000000e+00,5.300093418932543265e-01
5.600000000000000117e-02,1.700000000000000122e-02,0.000000000000000000e+00,5.546024449570505777e-01
5.600000000000000117e-02,1.800000000000000211e-02,0.000000000000000000e+00,6.071788012140049151e-01
5.600000000000000117e-02,1.899999999999999953e-02,0.000000000000000000e+00,4.813892724592450656e-01
5.600000000000000117e-02,2.000000000000000042e-02,0.000000000000000000e+00,5.245860083607412072e-01
5.600000000000000117e-02,2.100000000000000130e-02,0.000000000000000000e+00,6.642427944426476660e-01
5.600000000000000117e-02,2.199999999999999872e-02,0.000000000000000000e+00,6.291639868642923128e-01
5.600000000000000117e-02,2.299999999999999961e-02,0.000000000000000000e+00,5.218536037250058879e-01
5.600000000000000117e-02,2.400000000000000050e-02,0.000000000000000000e+00,5.223975714121436020e-01
5.600000000000000117e-02,2.500000000000000139e-02,0.000000000000000000e+00,5.671987300304931479e-01
5.600000000000000117e-02,2.600000000000000228e-02,0.000000000000000000e+00,6.332059428471132900e-01
5.600000000000000117e-02,2.699999999999999969e-02,0.000000000000000000e+00,5.538292671914670784e-01
5.600000000000000117e-02,2.800000000000000058e-02,0.000000000000000000e+00,4.463237307403548626e-01
5.600000000000000117e-02,2.900000000000000147e-02,0.000000000000000000e+00,5.493902733062294708e-01
5.600000000000000117e-02,2.999999999999999889e-02,0.000000000000000000e+00,5.906892468454395528e-01
5.600000000000000117e-02,3.099999999999999978e-02,0.000000000000000000e+00,5.627374733512879867e-01
5.600000000000000117e-02,3.200000000000000067e-02,0.000000000000000000e+00,4.325312743493666123e-01
5.600000000000000117e-02,3.300000000000000155e-02,0.000000000000000000e+00,4.812898638545954344e-01
5.600000000000000117e-02,3.400000000000000244e-02,0.000000000000000000e+00,5.460267017863900119e-01
5.600000000000000117e-02,3.500000000000000333e-02,0.000000000000000000e+00,4.862654026251365669e-01
5.600000000000000117e-02,3.600000000000000422e-02,0.000000000000000000e+00,4.551329804051217898e-01
5.600000000000000117e-02,3.699999999999999817e-02,0.000000000000000000e+00,5.496696377041094816e-01
5.600000000000000117e-02,3.799999999999999906e-02,0.000000000000000000e+00,5.421625721096778872e-01
5.600000000000000117e-02,3.899999999999999994e-02,0.000000000000000000e+00,5.948870160222081704e-01
5.600000000000000117e-02,4.000000000000000083e-02,0.000000000000000000e+00,5.222099596194640370e-01
5.600000000000000117e-02,4.100000000000000172e-02,0.000000000000000000e+00,4.717321405551049840e-01
5.600000000000000117e-02,4.200000000000000261e-02,0.000000000000000000e+00,5.489642864005404022e-01
5.600000000000000117e-02,4.300000000000000350e-02,0.000000000000000000e+00,6.425654893157055625e-01
5.600000000000000117e-02,4.399999999999999745e-02,0.000000000000000000e+00,5.582479206935047067e-01
5.600000000000000117e-02,4.499999999999999833e-02,0.000000000000000000e+00,4.743921890177935086e-01
5.600000000000000117e-02,4.599999999999999922e-02,0.000000000000000000e+00,4.527273363320332700e-01
5.600000000000000117e-02,4.700000000000000011e-02,0.000000000000000000e+00,4.107977709568562119e-01
5.600000000000000117e-02,4.800000000000000100e-02,0.000000000000000000e+00,4.168523750890137936e-01
5.600000000000000117e-02,4.900000000000000189e-02,0.000000000000000000e+00,4.649389227903815702e-01
5.600000000000000117e-02,5.000000000000000278e-02,0.000000000000000000e+00,5.197689033915080525e-01
5.600000000000000117e-02,5.100000000000000366e-02,0.000000000000000000e+00,4.701911342119001747e-01
5.600000000000000117e-02,5.200000000000000455e-02,0.000000000000000000e+00,5.184060675487708325e-01
5.600000000000000117e-02,5.299999999999999850e-02,0.000000000000000000e+00,5.048889566755749847e-01
5.600000000000000117e-02,5.399999999999999939e-02,0.000000000000000000e+00,5.257859114715706106e-01
5.600000000000000117e-02,5.500000000000000028e-02,0.000000000000000000e+00,5.455165272429338685e-01
5.600000000000000117e-02,5.600000000000000117e-02,0.000000000000000000e+00,6.934085631937489946e-01
5.600000000000000117e-02,5.700000000000000205e-02,0.000000000000000000e+00,6.168560655289011541e-01
5.600000000000000117e-02,5.800000000000000294e-02,0.000000000000000000e+00,5.738731264387098019e-01
5.600000000000000117e-02,5.900000000000000383e-02,0.000000000000000000e+00,5.438378569002451091e-01
5.600000000000000117e-02,5.999999999999999778e-02,0.000000000000000000e+00,5.051389675366672050e-01
5.600000000000000117e-02,6.099999999999999867e-02,0.000000000000000000e+00,5.579867103216162860e-01
5.600000000000000117e-02,6.199999999999999956e-02,0.000000000000000000e+00,5.732051486461324785e-01
5.600000000000000117e-02,6.300000000000000044e-02,0.000000000000000000e+00,5.017651238710112427e-01
5.600000000000000117e-02,6.400000000000000133e-02,0.000000000000000000e+00,4.504357056149588256e-01
5.600000000000000117e-02,6.500000000000000222e-02,0.000000000000000000e+00,4.745847299504227790e-01
5.600000000000000117e-02,6.600000000000000311e-02,0.000000000000000000e+00,5.017523859703310052e-01
5.600000000000000117e-02,6.700000000000000400e-02,0.000000000000000000e+00,4.801243473197889244e-01
5.600000000000000117e-02,6.800000000000000488e-02,0.000000000000000000e+00,4.326942875754991036e-01
5.600000000000000117e-02,6.900000000000000577e-02,0.000000000000000000e+00,5.821759025787436315e-01
5.600000000000000117e-02,7.000000000000000666e-02,0.000000000000000000e+00,4.894064277405889563e-01
5.600000000000000117e-02,7.100000000000000755e-02,0.000000000000000000e+00,5.080033493520164090e-01
5.600000000000000117e-02,7.200000000000000844e-02,0.000000000000000000e+00,5.791529617215589454e-01
5.600000000000000117e-02,7.299999999999999545e-02,0.000000000000000000e+00,5.947075949304183595e-01
5.600000000000000117e-02,7.399999999999999634e-02,0.000000000000000000e+00,6.215584066932646756e-01
5.600000000000000117e-02,7.499999999999999722e-02,0.000000000000000000e+00,6.047749518393976675e-01
5.600000000000000117e-02,7.599999999999999811e-02,0.000000000000000000e+00,5.171990205697252208e-01
5.600000000000000117e-02,7.699999999999999900e-02,0.000000000000000000e+00,5.217811031434360647e-01
5.600000000000000117e-02,7.799999999999999989e-02,0.000000000000000000e+00,5.763117716936447810e-01
5.600000000000000117e-02,7.900000000000000078e-02,0.000000000000000000e+00,6.299445715679601321e-01
5.600000000000000117e-02,8.000000000000000167e-02,0.000000000000000000e+00,5.428557966093237042e-01
5.600000000000000117e-02,8.100000000000000255e-02,0.000000000000000000e+00,4.640136591824445822e-01
5.600000000000000117e-02,8.200000000000000344e-02,0.000000000000000000e+00,5.431462756854960050e-01
5.600000000000000117e-02,8.300000000000000433e-02,0.000000000000000000e+00,3.922790695421333185e-01
5.600000000000000117e-02,8.400000000000000522e-02,0.000000000000000000e+00,4.798826509306159949e-01
5.600000000000000117e-02,8.500000000000000611e-02,0.000000000000000000e+00,5.533189042926690560e-01
5.600000000000000117e-02,8.600000000000000699e-02,0.000000000000000000e+00,4.961960054695072064e-01
5.600000000000000117e-02,8.700000000000000788e-02,0.000000000000000000e+00,4.534981029980442724e-01
5.600000000000000117e-02,8.799999999999999489e-02,0.000000000000000000e+00,4.388477164618215798e-01
5.600000000000000117e-02,8.899999999999999578e-02,0.000000000000000000e+00,3.983095423054833217e-01
5.600000000000000117e-02,8.999999999999999667e-02,0.000000000000000000e+00,4.344395834052537375e-01
5.600000000000000117e-02,9.099999999999999756e-02,0.000000000000000000e+00,5.188119578331267245e-01
5.600000000000000117e-02,9.199999999999999845e-02,0.000000000000000000e+00,5.706593379268256605e-01
5.600000000000000117e-02,9.299999999999999933e-02,0.000000000000000000e+00,5.121986861804916913e-01
5.600000000000000117e-02,9.400000000000000022e-02,0.000000000000000000e+00,4.845730490998810813e-01
5.600000000000000117e-02,9.500000000000000111e-02,0.000000000000000000e+00,5.367608584135952210e-01
5.600000000000000117e-02,9.600000000000000200e-02,0.000000000000000000e+00,4.406683314976359012e-01
5.600000000000000117e-02,9.700000000000000289e-02,0.000000000000000000e+00,5.687700663825648872e-01
5.600000000000000117e-02,9.800000000000000377e-02,0.000000000000000000e+00,5.881327024098851330e-01
5.600000000000000117e-02,9.900000000000000466e-02,0.000000000000000000e+00,5.022756574675112384e-01
5.600000000000000117e-02,1.000000000000000056e-01,0.000000000000000000e+00,4.738120024865920543e-01
5.800000000000000294e-02,0.000000000000000000e+00,0.000000000000000000e+00,4.589452927303051544e-01
5.800000000000000294e-02,1.000000000000000021e-03,0.000000000000000000e+00,4.535300365303248649e-01
5.800000000000000294e-02,2.000000000000000042e-03,0.000000000000000000e+00,4.717649197517521098e-01
5.800000000000000294e-02,3.000000000000000062e-03,0.000000000000000000e+00,5.246083657378728393e-01
5.800000000000000294e-02,4.000000000000000083e-03,0.000000000000000000e+00,5.426620828555603904e-01
5.800000000000000294e-02,5.000000000000000104e-03,0.000000000000000000e+00,6.357989338608682761e-01
5.800000000000000294e-02,6.000000000000000125e-03,0.000000000000000000e+00,5.374188619998099270e-01
5.800000000000000294e-02,7.000000000000000146e-03,0.000000000000000000e+00,5.610279797404102986e-01
5.800000000000000294e-02,8.000000000000000167e-03,0.000000000000000000e+00,6.075204000908318580e-01
5.800000000000000294e-02,9.000000000000001055e-03,0.000000000000000000e+00,5.991297742600718568e-01
5.800000000000000294e-02,1.000000000000000021e-02,0.000000000000000000e+00,5.443143596447894694e-01
5.800000000000000294e-02,1.099999999999999936e-02,0.000000000000000000e+00,5.216090897588430142e-01
5.800000000000000294e-02,1.200000000000000025e-02,0.000000000000000000e+00,4.326647216053308709e-01
5.800000000000000294e-02,1.300000000000000114e-02,0.000000000000000000e+00,4.378178426269150325e-01
5.800000000000000294e-02,1.400000000000000029e-02,0.000000000000000000e+00,4.385571351495198278e-01
5.800000000000000294e-02,1.499999999999999944e-02,0.000000000000000000e+00,4.033138945029116629e-01
5.800000000000000294e-02,1.600000000000000033e-02,0.000000000000000000e+00,5.077420479370173823e-01
5.800000000000000294e-02,1.700000000000000122e-02,0.000000000000000000e+00,5.224774094848902983e-01
5.800000000000000294e-02,1.800000000000000211e-02,0.000000000000000000e+00,6.272242231753745179e-01
5.800000000000000294e-02,1.899999999999999953e-02,0.000000000000000000e+00,4.644228107823275553e-01
5.800000000000000294e-02,2.000000000000000042e-02,0.000000000000000000e+00,5.522646182689918692e-01
5.800000000000000294e-02,2.100000000000000130e-02,0.000000000000000000e+00,6.753482997048145808e-01
5.800000000000000294e-02,2.199999999999999872e-02,0.000000000000000000e+00,6.234087158019825381e-01
5.800000000000000294e-02,2.299999999999999961e-02,0.000000000000000000e+00,5.495750477516687660e-01
5.800000000000000294e-02,2.400000000000000050e-02,0.000000000000000000e+00,5.649258751591463845e-01
5.800000000000000294e-02,2.500000000000000139e-02,0.000000000000000000e+00,4.418999064161334145e-01
5.800000000000000294e-02,2.600000000000000228e-02,0.000000000000000000e+00,5.130150019509871484e-01
5.800000000000000294e-02,2.699999999999999969e-02,0.000000000000000000e+00,5.059214130314035884e-01
5.800000000000000294e-02,2.800000000000000058e-02,0.000000000000000000e+00,4.157091272739888432e-01
5.800000000000000294e-02,2.900000000000000147e-02,0.000000000000000000e+00,5.263930350468647434e-01
5.800000000000000294e-02,2.999999999999999889e-02,0.000000000000000000e+00,5.256829254181276667e-01
5.800000000000000294e-02,3.099999999999999978e-02,0.000000000000000000e+00,5.483623125328823678e-01
5.800000000000000294e-02,3.200000000000000067e-02,0.000000000000000000e+00,4.240664271662235030e-01
5.800000000000000294e-02,3.300000000000000155e-02,0.000000000000000000e+00,4.824102509173286424e-01
5.800000000000000294e-02,3.400000000000000244e-02,0.000000000000000000e+00,5.875773335032223876e-01
5.800000000000000294e-02,3.500000000000000333e-02,0.000000000000000000e+00,4.834719422399851863e-01
5.800000000000000294e-02,3.600000000000000422e-02,0.000000000000000000e+00,4.554192189064425467e-01
5.800000000000000294e-02,3.699999999999999817e-02,0.000000000000000000e+00,5.221418788348530793e-01
5.800000000000000294e-02,3.799999999999999906e-02,0.000000000000000000e+00,4.050979444223930526e-01
5.800000000000000294e-02,3.899999999999999994e-02,0.000000000000000000e+00,5.239383632734573304e-01
5.800000000000000294e-02,4.000000000000000083e-02,0.000000000000000000e+00,4.901847345836761738e-01
5.800000000000000294e-02,4.100000000000000172e-02,0.000000000000000000e+00,4.524217192649817587e-01
5.800000000000000294e-02,4.200000000000000261e-02,0.000000000000000000e+00,5.264940081371025649e-01
5.800000000000000294e-02,4.300000000000000350e-02,0.000000000000000000e+00,5.473976622269653980e-01
5.800000000000000294e-02,4.399999999999999745e-02,0.000000000000000000e+00,5.101104298932546133e-01
5.800000000000000294e-02,4.499999999999999833e-02,0.000000000000000000e+00,5.011966237549732028e-01
5.800000000000000294e-02,4.599999999999999922e-02,0.000000000000000000e+00,4.473146391088038132e-01
5.800000000000000294e-02,4.700000000000000011e-02,0.000000000000000000e+00,4.728116124680324939e-01
5.800000000000000294e-02,4.800000000000000100e-02,0.000000000000000000e+00,4.392253586450814984e-01
5.800000000000000294e-02,4.900000000000000189e-02,0.000000000000000000e+00,4.876853675222842521e-01
5.800000000000000294e-02,5.000000000000000278e-02,0.000000000000000000e+00,5.288752262327430786e-01
5.800000000000000294e-02,5.100000000000000366e-02,0.000000000000000000e+00,4.445089950875852347e-01
5.800000000000000294e-02,5.200000000000000455e-02,0.000000000000000000e+00,5.395775547483281365e-01
5.800000000000000294e-02,5.299999999999999850e-02,0.000000000000000000e+00,4.928484620853091358e-01
5.800000000000000294e-02,5.399999999999999939e-02,0.000000000000000000e+00,5.334841795037541523e-01
5.800000000000000294e-02,5.500000000000000028e-02,0.000000000000000000e+00,5.458929130125811380e-01
5.800000000000000294e-02,5.600000000000000117e-02,0.000000000000000000e+00,5.814127629722912749e-01
5.800000000000000294e-02,5.700000000000000205e-02,0.000000000000000000e+00,5.447810387205656024e-01
5.800000000000000294e-02,5.800000000000000294e-02,0.000000000000000000e+00,5.763694823224918551e-01
5.800000000000000294e-02,5.900000000000000383e-02,0.000000000000000000e+00,5.031888821146377477e-01
5.800000000000000294e-02,5.999999999999999778e-02,0.000000000000000000e+00,5.052649199583385542e-01
5.800000000000000294e-02,6.099999999999999867e-02,0.000000000000000000e+00,5.756148734769669373e-01
5.800000000000000294e-02,6.199999999999999956e-02,0.000000000000000000e+00,6.128979501793265783e-01
5.800000000000000294e-02,6.300000000000000044e-02,0.000000000000000000e+00,5.639208405572462279e-01
5.800000000000000294e-02,6.400000000000000133e-02,0.000000000000000000e+00,5.154933474324869813e-01
5.800000000000000294e-02,6.500000000000000222e-02,0.000000000000000000e+00,5.443675065741596653e-01
5.800000000000000294e-02,6.600000000000000311e-02,0.000000000000000000e+00,5.195708218483443552e-01
5.800000000000000294e-02,6.700000000000000400e-02,0.000000000000000000e+00,5.435310760646093753e-01
5.800000000000000294e-02,6.800000000000000488e-02,0.000000000000000000e+00,5.011824129358555258e-01
5.800000000000000294e-02,6.900000000000000577e-02,0.000000000000000000e+00,5.253937734814766447e-01
5.800000000000000294e-02,7.000000000000000666e-02,0.000000000000000000e+00,4.798770446176747750e-01
5.800000000000000294e-02,7.100000000000000755e-02,0.000000000000000000e+00,4.894042611851835423e-01
5.800000000000000294e-02,7.200000000000000844e-02,0.000000000000000000e+00,5.499620283232300455e-01
5.800000000000000294e-02,7.299999999999999545e-02,0.000000000000000000e+00,5.430445743473091280e-01
5.800000000000000294e-02,7.399999999999999634e-02,0.000000000000000000e+00,6.333229788771895796e-01
5.800000000000000294e-02,7.499999999999999722e-02,0.000000000000000000e+00,6.170248459117486650e-01
5.800000000000000294e-02,7.599999999999999811e-02,0.000000000000000000e+00,5.475672150764389068e-01
5.800000000000000294e-02,7.699999999999999900e-02,0.000000000000000000e+00,5.428164808027201582e-01
5.800000000000000294e-02,7.799999999999999989e-02,0.000000000000000000e+00,5.896968020042584468e-01
5.800000000000000294e-02,7.900000000000000078e-02,0.000000000000000000e+00,6.033044368184632411e-01
5.800000000000000294e-02,8.000000000000000167e-02,0.000000000000000000e+00,5.782857265480404463e-01
5.800000000000000294e-02,8.100000000000000255e-02,0.000000000000000000e+00,5.289434590162117589e-01
5.800000000000000294e-02,8.200000000000000344e-02,0.000000000000000000e+00,5.453662993252401670e-01
5.800000000000000294e-02,8.300000000000000433e-02,0.000000000000000000e+00,4.506478863345608765e-01
5.800000000000000294e-02,8.400000000000000522e-02,0.000000000000000000e+00,4.594682339812808380e-01
5.800000000000000294e-02,8.500000000000000611e-02,0.000000000000000000e+00,5.930504327443328894e-01
5.800000000000000294e-02,8.600000000000000699e-02,0.000000000000000000e+00,4.941695198868733541e-01
5.800000000000000294e-02,8.700000000000000788e-02,0.000000000000000000e+00,5.354272536491757606e-01
5.800000000000000294e-02,8.799999999999999489e-02,0.000000000000000000e+00,4.880105869137724706e-01
5.800000000000000294e-02,8.899999999999999578e-02,0.000000000000000000e+00,4.478025478501141410e-01
5.800000000000000294e-02,8.999999999999999667e-02,0.000000000000000000e+00,4.538609801611541150e-01
5.800000000000000294e-02,9.099999999999999756e-02,0.000000000000000000e+00,5.260565081680335098e-01
5.800000000000000294e-02,9.199999999999999845e-02,0.000000000000000000e+00,5.363992113146565099e-01
5.800000000000000294e-02,9.299999999999999933e-02,0.000000000000000000e+00,5.091342630776328759e-01
5.800000000000000294e-02,9.400000000000000022e-02,0.000000000000000000e+00,4.954742802076815833e-01
5.800000000000000294e-02,9.500000000000000111e-02,0.000000000000000000e+00,5.212801866053518030e-01
5.800000000000000294e-02,9.600000000000000200e-02,0.000000000000000000e+00,4.482624941991913414e-01
5.800000000000000294e-02,9.700000000000000289e-02,0.000000000000000000e+00,4.928511493964193857e-01
5.800000000000000294e-02,9.800000000000000377e-02,0.000000000000000000e+00,5.868670495633843132e-01
5.800000000000000294e-02,9.900000000000000466e-02,0.000000000000000000e+00,4.774422369530361698e-01
5.800000000000000294e-02,1.000000000000000056e-01,0.000000000000000000e+00,5.093891287028144976e-01
5.999999999999999778e-02,0.000000000000000000e+00,0.000000000000000000e+00,5.090060708135769607e-01
5.999999999999999778e-02,1.000000000000000021e-03,0.000000000000000000e+00,5.259671527447888906e-01
5.999999999999999778e-02,2.000000000000000042e-03,0.000000000000000000e+00,5.543493497544669246e-01
5.999999999999999778e-02,3.000000000000000062e-03,0.000000000000000000e+00,5.800805082624709286e-01
5.999999999999999778e-02,4.000000000000000083e-03,0.000000000000000000e+00,5.939453749181633491e-01
5.999999999999999778e-02,5.000000000000000104e-03,0.000000000000000000e+00,6.750634398779280509e-01
5.999999999999999778e-02,6.000000000000000125e-03,0.000000000000000000e+00,6.102473186220871426e-01
5.999999999999999778e-02,7.000000000000000146e-03,0.000000000000000000e+00,5.833973465088937438e-01
5.999999999999999778e-02,8.000000000000000167e-03,0.000000000000000000e+00,6.028561145891364603e-01
5.999999999999999778e-02,9.000000000000001055e-03,0.000000000000000000e+00,5.692622070040092019e-01
5.999999999999999778e-02,1.000000000000000021e-02,0.000000000000000000e+00,5.544717993650564170e-01
5.999999999999999778e-02,1.099999999999999936e-02,0.000000000000000000e+00,5.206299333005524055e-01
5.999999999999999778e-02,1.200000000000000025e-02,0.000000000000000000e+00,4.911304852084800721e-01
5.999999999999999778e-02,1.300000000000000114e-02,0.000000000000000000e+00,4.834566670661314403e-01
5.999999999999999778e-02,1.400000000000000029e-02,0.000000000000000000e+00,5.214288893308939299e-01
5.999999999999999778e-02,1.499999999999999944e-02,0.000000000000000000e+00,5.022935670915031903e-01
5.999999999999999778e-02,1.600000000000000033e-02,0.000000000000000000e+00,5.772055090795240595e-01
5.999999999999999778e-02,1.700000000000000122e-02,0.000000000000000000e+00,5.979868595498085693e-01
5.999999999999999778e-02,1.800000000000000211e-02,0.000000000000000000e+00,6.827615475647230703e-01
5.999999999999999778e-02,1.899999999999999953e-02,0.000000000000000000e+00,5.629616719539631831e-01
5.999999999999999778e-02,2.000000000000000042e-02,0.000000000000000000e+00,5.653158307194281473e-01
5.999999999999999778e-02,2.100000000000000130e-02,0.000000000000000000e+00,6.687239850484589798e-01
5.999999999999999778e-02,2.199999999999999872e-02,0.000000000000000000e+00,6.048154584929403832e-01
5.999999999999999778e-02,2.299999999999999961e-02,0.000000000000000000e+00,5.769480140463544293e-01
5.999999999999999778e-02,2.400000000000000050e-02,0.000000000000000000e+00,5.469264011251486757e-01
5.999999999999999778e-02,2.500000000000000139e-02,0.000000000000000000e+00,4.953017187728596116e-01
5.999999999999999778e-02,2.600000000000000228e-02,0.000000000000000000e+00,5.398285465573002817e-01
5.999999999999999778e-02,2.699999999999999969e-02,0.000000000000000000e+00,5.687157478256495979e-01
5.999999999999999778e-02,2.800000000000000058e-02,0.000000000000000000e+00,4.975369933888281193e-01
5.999999999999999778e-02,2.900000000000000147e-02,0.000000000000000000e+00,6.015227195373260560e-01
5.999999999999999778e-02,2.999999999999999889e-02,0.000000000000000000e+00,6.214420274854588477e-01
5.999999999999999778e-02,3.099999999999999978e-02,0.000000000000000000e+00,6.121613374799463880e-01
5.999999999999999778e-02,3.200000000000000067e-02,0.000000000000000000e+00,5.083830083074176720e-01
5.999999999999999778e-02,3.300000000000000155e-02,0.000000000000000000e+00,4.978502771633776525e-01
5.999999999999999778e-02,3.400000000000000244e-02,0.000000000000000000e+00,5.894672779826790610e-01
5.999999999999999778e-02,3.500000000000000333e-02,0.000000000000000000e+00,5.138098135155476642e-01
5.999999999999999778e-02,3.600000000000000422e-02,0.000000000000000000e+00,4.766947322298448753e-01
5.999999999999999778e-02,3.699999999999999817e-02,0.000000000000000000e+00,4.940187133654196372e-01
5.999999999999999778e-02,3.799999999999999906e-02,0.000000000000000000e+00,4.254581045650352444e-01
5.999999999999999778e-02,3.899999999999999994e-02,0.000000000000000000e+00,5.508225800047226173e-01
5.999999999999999778e-02,4.000000000000000083e-02,0.000000000000000000e+00,5.283915628264889142e-01
5.999999999999999778e-02,4.100000000000000172e-02,0.000000000000000000e+00,5.118647658910990828e-01
5.999999999999999778e-02,4.200000000000000261e-02,0.000000000000000000e+00,6.337597733919788645e-01
5.999999999999999778e-02,4.300000000000000350e-02,0.000000000000000000e+00,6.714341218345665219e-01
5.999999999999999778e-02,4.399999999999999745e-02,0.000000000000000000e+00,5.991761179695482831e-01
5.999999999999999778e-02,4.499999999999999833e-02,0.000000000000000000e+00,5.842291118725668753e-01
5.999999999999999778e-02,4.599999999999999922e-02,0.000000000000000000e+00,5.218779763615042366e-01
5.999999999999999778e-02,4.700000000000000011e-02,0.000000000000000000e+00,5.034695372817801218e-01
5.999999999999999778e-02,4.800000000000000100e-02,0.000000000000000000e+00,5.249142730802678347e-01
5.999999999999999778e-02,4.900000000000000189e-02,0.000000000000000000e+00,4.829469242591152844e-01
5.999999999999999778e-02,5.000000000000000278e-02,0.000000000000000000e+00,5.171620197817836662e-01
5.999999999999999778e-02,5.100000000000000366e-02,0.000000000000000000e+00,4.120440047286657026e-01
5.999999999999999778e-02,5.200000000000000455e-02,0.000000000000000000e+00,5.190682233540169221e-01
5.999999999999999778e-02,5.299999999999999850e-02,0.000000000000000000e+00,4.512599672162576070e-01
5.999999999999999778e-02,5.399999999999999939e-02,0.000000000000000000e+00,5.115730801544882134e-01
5.999999999999999778e-02,5.500000000000000028e-02,0.000000000000000000e+00,6.108432741049716341e-01
5.999999999999999778e-02,5.600000000000000117e-02,0.000000000000000000e+00,6.302247635828330807e-01
5.999999999999999778e-02,5.700000000000000205e-02,0.000000000000000000e+00,5.764895260090365792e-01
5.999999999999999778e-02,5.800000000000000294e-02,0.000000000000000000e+00,6.068832019237637709e-01
5.999999999999999778e-02,5.900000000000000383e-02,0.000000000000000000e+00,5.810117091604487527e-01
5.999999999999999778e-02,5.999999999999999778e-02,0.000000000000000000e+00,5.135083448505384229e-01
5.999999999999999778e-02,6.099999999999999867e-02,0.000000000000000000e+00,6.314537321127484670e-01
5.999999999999999778e-02,6.199999999999999956e-02,0.000000000000000000e+00,5.760947325749059544e-01
5.999999999999999778e-02,6.300000000000000044e-02,0.000000000000000000e+00,5.900381875601483639e-01
5.999999999999999778e-02,6.400000000000000133e-02,0.000000000000000000e+00,4.667450495818598055e-01
5.999999999999999778e-02,6.500000000000000222e-02,0.000000000000000000e+00,5.051741097669852909e-01
5.999999999999999778e-02,6.600000000000000311e-02,0.000000000000000000e+00,4.707978971529054868e-01
5.999999999999999778e-02,6.700000000000000400e-02,0.000000000000000000e+00,5.321116825463296784e-01
5.999999999999999778e-02,6.800000000000000488e-02,0.000000000000000000e+00,5.555549307445080132e-01
5.999999999999999778e-02,6.900000000000000577e-02,0.000000000000000000e+00,5.460295250184934446e-01
5.999999999999999778e-02,7.000000000000000666e-02,0.000000000000000000e+00,5.157772069966430895e-01
5.999999999999999778e-02,7.100000000000000755e-02,0.000000000000000000e+00,5.486742200491517840e-01
5.999999999999999778e-02,7.200000000000000844e-02,0.000000000000000000e+00,6.197094715895039574e-01
5.999999999999999778e-02,7.299999999999999545e-02,0.000000000000000000e+00,5.432896379846665624e-01
5.999999999999999778e-02,7.399999999999999634e-02,0.000000000000000000e+00,6.089595741515511085e-01
5.999999999999999778e-02,7.499999999999999722e-02,0.000000000000000000e+00,5.555955459517081252e-01
5.999999999999999778e-02,7.599999999999999811e-02,0.000000000000000000e+00,5.653286498654075398e-01
5.999999999999999778e-02,7.699999999999999900e-02,0.000000000000000000e+00,4.656047253994575197e-01
5.999999999999999778e-02,7.799999999999999989e-02,0.000000000000000000e+00,5.119367473374532018e-01
5.999999999999999778e-02,7.900000000000000078e-02,0.000000000000000000e+00,5.342767877799046161e-01
5.999999999999999778e-02,8.000000000000000167e-02,0.000000000000000000e+00,5.608833383106817116e-01
5.999999999999999778e-02,8.100000000000000255e-02,0.000000000000000000e+00,5.158398057338211551e-01
5.999999999999999778e-02,8.200000000000000344e-02,0.000000000000000000e+00,5.392714473050741475e-01
5.999999999999999778e-02,8.300000000000000433e-02,0.000000000000000000e+00,4.840472260291639461e-01
5.999999999999999778e-02,8.400000000000000522e-02,0.000000000000000000e+00,5.407931168541406652e-01
5.999999999999999778e-02,8.500000000000000611e-02,0.000000000000000000e+00,6.226321119082356415e-01
5.999999999999999778e-02,8.600000000000000699e-02,0.000000000000000000e+00,5.153879188990921900e-01
5.999999999999999778e-02,8.700000000000000788e-02,0.000000000000000000e+00,4.812942879159273768e-01
5.999999999999999778e-02,8.799999999999999489e-02,0.000000000000000000e+00,4.934341971525953996e-01
5.999999999999999778e-02,8.899999999999999578e-02,0.000000000000000000e+00,5.152808938254257454e-01
5.999999999999999778e-02,8.999999999999999667e-02,0.000000000000000000e+00,4.671423866264718394e-01
5.999999999999999778e-02,9.099999999999999756e-02,0.000000000000000000e+00,5.386295264701976837e-01
5.999999999999999778e-02,9.199999999999999845e-02,0.000000000000000000e+00,5.598004449959702589e-01
5.999999999999999778e-02,9.299999999999999933e-02,0.000000000000000000e+00,5.651063474376724072e-01
5.999999999999999778e-02,9.400000000000000022e-02,0.000000000000000000e+00,5.147567392992546953e-01
5.999999999999999778e-02,9.500000000000000111e-02,0.000000000000000000e+00,5.623004936440578749e-01
5.999999999999999778e-02,9.600000000000000200e-02,0.000000000000000000e+00,4.951678876130339302e-01
5.999999999999999778e-02,9.700000000000000289e-02,0.000000000000000000e+00,5.535351964710992778e-01
5.999999999999999778e-02,9.800000000000000377e-02,0.000000000000000000e+00,5.666513858313158014e-01
5.999999999999999778e-02,9.900000000000000466e-02,0.000000000000000000e+00,4.695858273273959549e-01
5.999999999999999778e-02,1.000000000000000056e-01,0.000000000000000000e+00,4.262460437482387121e-01
6.199999999999999956e-02,0.000000000000000000e+00,0.000000000000000000e+00,5.262759195524291389e-01
6.199999999999999956e-02,1.000000000000000021e-03,0.000000000000000000e+00,5.178982394452126270e-01
6.199999999999999956e-02,2.000000000000000042e-03,0.000000000000000000e+00,5.415476063622086667e-01
6.199999999999999956e-02,3.000000000000000062e-03,0.000000000000000000e+00,6.029129543787895562e-01
6.199999999999999956e-02,4.000000000000000083e-03,0.000000000000000000e+00,5.779371621641622436e-01
6.199999999999999956e-02,5.000000000000000104e-03,0.000000000000000000e+00,6.493157298795044774e-01
6.199999999999999956e-02,6.000000000000000125e-03,0.000000000000000000e+00,5.774983622688109053e-01
6.199999999999999956e-02,7.000000000000000146e-03,0.000000000000000000e+00,6.051644789160595117e-01
6.199999999999999956e-02,8.000000000000000167e-03,0.000000000000000000e+00,5.854551250027071330e-01
6.199999999999999956e-02,9.000000000000001055e-03,0.000000000000000000e+00,5.796055892518197084e-01
6.199999999999999956e-02,1.000000000000000021e-02,0.000000000000000000e+00,6.193264844101669109e-01
6.199999999999999956e-02,1.099999999999999936e-02,0.000000000000000000e+00,5.850199926722010613e-01
6.199999999999999956e-02,1.200000000000000025e-02,0.000000000000000000e+00,5.879847237987745334e-01
6.199999999999999956e-02,1.300000000000000114e-02,0.000000000000000000e+00,5.186318458813303778e-01
6.199999999999999956e-02,1.400000000000000029e-02,0.000000000000000000e+00,5.340719536300397863e-01
6.199999999999999956e-02,1.499999999999999944e-02,0.000000000000000000e+00,5.505847836502022474e-01
6.199999999999999956e-02,1.600000000000000033e-02,0.000000000000000000e+00,6.366315786646934427e-01
6.199999999999999956e-02,1.700000000000000122e-02,0.000000000000000000e+00,5.624171667254277418e-01
6.199999999999999956e-02,1.800000000000000211e-02,0.000000000000000000e+00,6.197981389631143090e-01
6.199999999999999956e-02,1.899999999999999953e-02,0.000000000000000000e+00,5.012034982425606078e-01
6.199999999999999956e-02,2.000000000000000042e-02,0.000000000000000000e+00,5.657078762140113071e-01
6.199999999999999956e-02,2.100000000000000130e-02,0.000000000000000000e+00,5.999725409509260032e-01
6.199999999999999956e-02,2.199999999999999872e-02,0.000000000000000000e+00,5.604629075190192822e-01
6.199999999999999956e-02,2.299999999999999961e-02,0.000000000000000000e+00,6.183924949576496966e-01
6.199999999999999956e-02,2.400000000000000050e-02,0.000000000000000000e+00,5.490078806591579541e-01
6.199999999999999956e-02,2.500000000000000139e-02,0.000000000000000000e+00,5.381010631079805595e-01
6.199999999999999956e-02,2.600000000000000228e-02,0.000000000000000000e+00,4.824732518600249875e-01
6.199999999999999956e-02,2.699999999999999969e-02,0.000000000000000000e+00,5.326317636424505730e-01
6.199999999999999956e-02,2.800000000000000058e-02,0.000000000000000000e+00,5.566396372357764744e-01
6.199999999999999956e-02,2.900000000000000147e-02,0.000000000000000000e+00,6.190320360257992593e-01
6.199999999999999956e-02,2.999999999999999889e-02,0.000000000000000000e+00,5.614522022072581109e-01
6.199999999999999956e-02,3.099999999999999978e-02,0.000000000000000000e+00,5.533065803846382025e-01
6.199999999999999956e-02,3.200000000000000067e-02,0.000000000000000000e+00,4.842582952988066514e-01
6.199999999999999956e-02,3.300000000000000155e-02,0.000000000000000000e+00,5.286321578741908223e-01
6.199999999999999956e-02,3.400000000000000244e-02,0.000000000000000000e+00,5.417734690470452641e-01
6.199999999999999956e-02,3.500000000000000333e-02,0.000000000000000000e+00,4.935162902875778745e-01
6.199999999999999956e-02,3.600000000000000422e-02,0.000000000000000000e+00,5.148887798327179688e-01
6.199999999999999956e-02,3.699999999999999817e-02,0.000000000000000000e+00,4.311157061504318211e-01
6.199999999999999956e-02,3.799999999999999906e-02,0.000000000000000000e+00,3.755928631860762645e-01
6.199999999999999956e-02,3.899999999999999994e-02,0.000000000000000000e+00,4.115828555071637807e-01
6.199999999999999956e-02,4.000000000000000083e-02,0.000000000000000000e+00,4.321243920647821479e-01
6.199999999999999956e-02,4.100000000000000172e-02,0.000000000000000000e+00,5.014330178868320331e-01
6.199999999999999956e-02,4.200000000000000261e-02,0.000000000000000000e+00,5.571802883586434163e-01
6.199999999999999956e-02,4.300000000000000350e-02,0.000000000000000000e+00,6.003997186636271799e-01
6.199999999999999956e-02,4.399999999999999745e-02,0.000000000000000000e+00,5.785903453112267725e-01
6.199999999999999956e-02,4.499999999999999833e-02,0.000000000000000000e+00,5.894840954196933769e-01
6.199999999999999956e-02,4.599999999999999922e-02,0.000000000000000000e+00,5.835975304035867506e-01
6.199999999999999956e-02,4.700000000000000011e-02,0.000000000000000000e+00,5.046943053297978654e-01
6.199999999999999956e-02,4.800000000000000100e-02,0.000000000000000000e+00,5.743102915549552767e-01
6.199999999999999956e-02,4.900000000000000189e-02,0.000000000000000000e+00,5.224852256452748867e-01
6.199999999999999956e-02,5.000000000000000278e-02,0.000000000000000000e+00,4.389683137170580784e-01
6.199999999999999956e-02,5.100000000000000366e-02,0.000000000000000000e+00,3.254635652914654176e-01
6.199999999999999956e-02,5.200000000000000455e-02,0.000000000000000000e+00,3.976105645101195574e-01
6.199999999999999956e-02,5.299999999999999850e-02,0.000000000000000000e+00,3.626334886186426409e-01
6.199999999999999956e-02,5.399999999999999939e-02,0.000000000000000000e+00,4.489904099409322558e-01
6.199999999999999956e-02,5.500000000000000028e-02,0.000000000000000000e+00,5.254227577147050354e-01
6.199999999999999956e-02,5.600000000000000117e-02,0.000000000000000000e+00,6.028575291951316917e-01
6.199999999999999956e-02,5.700000000000000205e-02,0.000000000000000000e+00,6.039598682417759434e-01
6.199999999999999956e-02,5.800000000000000294e-02,0.000000000000000000e+00,6.084580142339999220e-01
6.199999999999999956e-02,5.900000000000000383e-02,0.000000000000000000e+00,6.184892438976477003e-01
6.199999999999999956e-02,5.999999999999999778e-02,0.000000000000000000e+00,5.025569360517032624e-01
6.199999999999999956e-02,6.099999999999999867e-02,0.000000000000000000e+00,6.611967357178485383e-01
6.199999999999999956e-02,6.199999999999999956e-02,0.000000000000000000e+00,5.571316775922723341e-01
6.199999999999999956e-02,6.300000000000000044e-02,0.000000000000000000e+00,4.848866645568297162e-01
6.199999999999999956e-02,6.400000000000000133e-02,0.000000000000000000e+00,3.481526261242827158e-01
6.199999999999999956e-02,6.500000000000000222e-02,0.000000000000000000e+00,4.045043093309222404e-01
6.199999999999999956e-02,6.600000000000000311e-02,0.000000000000000000e+00,3.891181155759520505e-01
6.199999999999999956e-02,6.700000000000000400e-02,0.000000000000000000e+00,4.676621863525762257e-01
6.199999999999999956e-02,6.800000000000000488e-02,0.000000000000000000e+00,5.525739185261469011e-01
6.199999999999999956e-02,6.900000000000000577e-02,0.000000000000000000e+00,5.893476590602401144e-01
6.199999999999999956e-02,7.000000000000000666e-02,0.000000000000000000e+00,5.825595434456540822e-01
6.199999999999999956e-02,7.100000000000000755e-02,0.000000000000000000e+00,5.748494165028951164e-01
6.199999999999999956e-02,7.200000000000000844e-02,0.000000000000000000e+00,6.385486151761974316e-01
6.199999999999999956e-02,7.299999999999999545e-02,0.000000000000000000e+00,5.451271759617255519e-01
6.199999999999999956e-02,7.399999999999999634e-02,0.000000000000000000e+00,6.210078422202286452e-01
6.199999999999999956e-02,7.499999999999999722e-02,0.000000000000000000e+00,5.380621352296792725e-01
6.199999999999999956e-02,7.599999999999999811e-02,0.000000000000000000e+00,4.830593530424141524e-01
6.199999999999999956e-02,7.699999999999999900e-02,0.000000000000000000e+00,3.563917539536355372e-01
6.199999999999999956e-02,7.799999999999999989e-02,0.000000000000000000e+00,4.110364205683248451e-01
6.199999999999999956e-02,7.900000000000000078e-02,0.000000000000000000e+00,4.360639152324882195e-01
6.199999999999999956e-02,8.000000000000000167e-02,0.000000000000000000e+00,5.017493791676599368e-01
6.199999999999999956e-02,8.100000000000000255e-02,0.000000000000000000e+00,5.277290846544262504e-01
6.199999999999999956e-02,8.200000000000000344e-02,0.000000000000000000e+00,5.329887394039064530e-01
6.199999999999999956e-02,8.300000000000000433e-02,0.000000000000000000e+00,4.642489916935479966e-01
6.199999999999999956e-02,8.400000000000000522e-02,0.000000000000000000e+00,5.161869059870879406e-01
6.199999999999999956e-02,8.500000000000000611e-02,0.000000000000000000e+00,5.687186953067445705e-01
6.199999999999999956e-02,8.600000000000000699e-02,0.000000000000000000e+00,5.141224987222569043e-01
6.199999999999999956e-02,8.700000000000000788e-02,0.000000000000000000e+00,4.855671176248583243e-01
6.199999999999999956e-02,8.799999999999999489e-02,0.000000000000000000e+00,5.258923885179853652e-01
6.199999999999999956e-02,8.899999999999999578e-02,0.000000000000000000e+00,5.206811928343234586e-01
6.199999999999999956e-02,8.999999999999999667e-02,0.000000000000000000e+00,4.633003749722715003e-01
6.199999999999999956e-02,9.099999999999999756e-02,0.000000000000000000e+00,5.421448753006263832e-01
6.199999999999999956e-02,9.199999999999999845e-02,0.000000000000000000e+00,5.730877787070993712e-01
6.199999999999999956e-02,9.299999999999999933e-02,0.000000000000000000e+00,6.167819632679201192e-01
6.199999999999999956e-02,9.400000000000000022e-02,0.000000000000000000e+00,5.824053716235098044e-01
6.199999999999999956e-02,9.500000000000000111e-02,0.000000000000000000e+00,5.733131712849063311e-01
6.199999999999999956e-02,9.600000000000000200e-02,0.000000000000000000e+00,4.734568583340280079e-01
6.199999999999999956e-02,9.700000000000000289e-02,0.000000000000000000e+00,5.345925155368580484e-01
6.199999999999999956e-02,9.800000000000000377e-02,0.000000000000000000e+00,5.068094224488421951e-01
6.199999999999999956e-02,9.900000000000000466e-02,0.000000000000000000e+00,4.618333291002738039e-01
6.199999999999999956e-02,1.000000000000000056e-01,0.000000000000000000e+00,4.033104870455868074e-01
6.400000000000000133e-02,0.000000000000000000e+00,0.000000000000000000e+00,5.820622653783469325e-01
6.400000000000000133e-02,1.000000000000000021e-03,0.000000000000000000e+00,5.961666032253503111e-01
6.400000000000000133e-02,2.000000000000000042e-03,0.000000000000000000e+00,5.472753250095800936e-01
6.400000000000000133e-02,3.000000000000000062e-03,0.000000000000000000e+00,4.977761796190437460e-01
6.400000000000000133e-02,4.000000000000000083e-03,0.000000000000000000e+00,4.728660702060972221e-01
6.400000000000000133e-02,5.000000000000000104e-03,0.000000000000000000e+00,6.071426408697928601e-01
6.400000000000000133e-02,6.000000000000000125e-03,0.000000000000000000e+00,4.946399000182075123e-01
6.400000000000000133e-02,7.000000000000000146e-03,0.000000000000000000e+00,5.109857983501230327e-01
6.400000000000000133e-02,8.000000000000000167e-03,0.000000000000000000e+00,5.207475027467156625e-01
6.400000000000000133e-02,9.000000000000001055e-03,0.000000000000000000e+00,5.128698495842913818e-01
6.400000000000000133e-02,1.000000000000000021e-02,0.000000000000000000e+00,5.365772220312136076e-01
6.400000000000000133e-02,1.099999999999999936e-02,0.000000000000000000e+00,5.547794883072767469e-01
6.400000000000000133e-02,1.200000000000000025e-02,0.000000000000000000e+00,6.201806089205528227e-01
6.400000000000000133e-02,1.300000000000000114e-02,0.000000000000000000e+00,5.930836862153947564e-01
6.400000000000000133e-02,1.400000000000000029e-02,0.000000000000000000e+00,6.341219493687767494e-01
6.400000000000000133e-02,1.499999999999999944e-02,0.000000000000000000e+00,5.874295100364377298e-01
6.400000000000000133e-02,1.600000000000000033e-02,0.000000000000000000e+00,5.591946503118058187e-01
6.400000000000000133e-02,1.700000000000000122e-02,0.000000000000000000e+00,5.380748540152857640e-01
6.400000000000000133e-02,1.800000000000000211e-02,0.000000000000000000e+00,6.774431546712418317e-01
6.400000000000000133e-02,1.899999999999999953e-02,0.000000000000000000e+00,5.091900125453966419e-01
6.400000000000000133e-02,2.000000000000000042e-02,0.000000000000000000e+00,5.488931361096573980e-01
6.400000000000000133e-02,2.100000000000000130e-02,0.000000000000000000e+00,6.188855957998093960e-01
6.400000000000000133e-02,2.199999999999999872e-02,0.000000000000000000e+00,5.183630009921686987e-01
6.400000000000000133e-02,2.299999999999999961e-02,0.000000000000000000e+00,5.668580165159354811e-01
6.400000000000000133e-02,2.400000000000000050e-02,0.000000000000000000e+00,5.448805077591827306e-01
6.400000000000000133e-02,2.500000000000000139e-02,0.000000000000000000e+00,5.864491715376290992e-01
6.400000000000000133e-02,2.600000000000000228e-02,0.000000000000000000e+00,5.035630767049473766e-01
6.400000000000000133e-02,2.699999999999999969e-02,0.000000000000000000e+00,5.403215967081246296e-01
6.400000000000000133e-02,2.800000000000000058e-02,0.000000000000000000e+00,5.561883767908826215e-01
6.400000000000000133e-02,2.900000000000000147e-02,0.000000000000000000e+00,5.362920518794538349e-01
6.400000000000000133e-02,2.999999999999999889e-02,0.000000000000000000e+00,5.697793236405627182e-01
6.400000000000000133e-02,3.099999999999999978e-02,0.000000000000000000e+00,6.022071899686300966e-01
6.400000000000000133e-02,3.200000000000000067e-02,0.000000000000000000e+00,5.040536333958933746e-01
6.400000000000000133e-02,3.300000000000000155e-02,0.000000000000000000e+00,5.257178299023279600e-01
6.400000000000000133e-02,3.400000000000000244e-02,0.000000000000000000e+00,6.271610136376984945e-01
6.400000000000000133e-02,3.500000000000000333e-02,0.000000000000000000e+00,4.885990962583730557e-01
6.400000000000000133e-02,3.600000000000000422e-02,0.000000000000000000e+00,5.456348611001016202e-01
6.400000000000000133e-02,3.699999999999999817e-02,0.000000000000000000e+00,4.725660525167231785e-01
6.400000000000000133e-02,3.799999999999999906e-02,0.000000000000000000e+00,4.521878618799931582e-01
6.400000000000000133e-02,3.899999999999999994e-02,0.000000000000000000e+00,4.196548207702031630e-01
6.400000000000000133e-02,4.000000000000000083e-02,0.000000000000000000e+00,4.071399695139960029e-01
6.400000000000000133e-02,4.100000000000000172e-02,0.000000000000000000e+00,5.174899253360472073e-01
6.400000000000000133e-02,4.200000000000000261e-02,0.000000000000000000e+00,4.960902059406553932e-01
6.400000000000000133e-02,4.300000000000000350e-02,0.000000000000000000e+00,6.073826123093271079e-01
6.400000000000000133e-02,4.399999999999999745e-02,0.000000000000000000e+00,5.397003531864605907e-01
6.400000000000000133e-02,4.499999999999999833e-02,0.000000000000000000e+00,5.402677495330246993e-01
6.400000000000000133e-02,4.599999999999999922e-02,0.000000000000000000e+00,5.012842174825254959e-01
6.400000000000000133e-02,4.700000000000000011e-02,0.000000000000000000e+00,5.847662871440979515e-01
6.400000000000000133e-02,4.800000000000000100e-02,0.000000000000000000e+00,5.528379294507289599e-01
6.400000000000000133e-02,4.900000000000000189e-02,0.000000000000000000e+00,5.473457963296023410e-01
6.400000000000000133e-02,5.000000000000000278e-02,0.000000000000000000e+00,4.433447978780097887e-01
6.400000000000000133e-02,5.100000000000000366e-02,0.000000000000000000e+00,4.113687646453658697e-01
6.400000000000000133e-02,5.200000000000000455e-02,0.000000000000000000e+00,4.585495593834861272e-01
6.400000000000000133e-02,5.299999999999999850e-02,0.000000000000000000e+00,4.186629299230796852e-01
6.400000000000000133e-02,5.399999999999999939e-02,0.000000000000000000e+00,5.505488337817459055e-01
6.400000000000000133e-02,5.500000000000000028e-02,0.000000000000000000e+00,5.550643278339930653e-01
6.400000000000000133e-02,5.600000000000000117e-02,0.000000000000000000e+00,6.544035285976079752e-01
6.400000000000000133e-02,5.700000000000000205e-02,0.000000000000000000e+00,5.913204921810490955e-01
6.400000000000000133e-02,5.800000000000000294e-02,0.000000000000000000e+00,5.871282242123962991e-01
6.400000000000000133e-02,5.900000000000000383e-02,0.000000000000000000e+00,5.392807194616122679e-01
6.400000000000000133e-02,5.999999999999999778e-02,0.000000000000000000e+00,5.982806014089785407e-01
6.400000000000000133e-02,6.099999999999999867e-02,0.000000000000000000e+00,6.390838067554984736e-01
6.400000000000000133e-02,6.199999999999999956e-02,0.000000000000000000e+00,5.469742165121616040e-01
6.400000000000000133e-02,6.300000000000000044e-02,0.000000000000000000e+00,4.474287015680718516e-01
6.400000000000000133e-02,6.400000000000000133e-02,0.000000000000000000e+00,4.487488220947311035e-01
6.400000000000000133e-02,6.500000000000000222e-02,0.000000000000000000e+00,4.947251320376228056e-01
6.400000000000000133e-02,6.600000000000000311e-02,0.000000000000000000e+00,4.885112002505880291e-01
6.400000000000000133e-02,6.700000000000000400e-02,0.000000000000000000e+00,5.517772585759372905e-01
6.400000000000000133e-02,6.800000000000000488e-02,0.000000000000000000e+00,5.910801720701646111e-01
6.400000000000000133e-02,6.900000000000000577e-02,0.000000000000000000e+00,6.118291028627242945e-01
6.400000000000000133e-02,7.000000000000000666e-02,0.000000000000000000e+00,6.006582944142467850e-01
6.400000000000000133e-02,7.100000000000000755e-02,0.000000000000000000e+00,5.494291707602422248e-01
6.400000000000000133e-02,7.200000000000000844e-02,0.000000000000000000e+00,5.418164189902139327e-01
6.400000000000000133e-02,7.299999999999999545e-02,0.000000000000000000e+00,5.828394432235186606e-01
6.400000000000000133e-02,7.399999999999999634e-02,0.000000000000000000e+00,5.754426990203173053e-01
6.400000000000000133e-02,7.499999999999999722e-02,0.000000000000000000e+00,4.903954866406542434e-01
6.400000000000000133e-02,7.599999999999999811e-02,0.000000000000000000e+00,4.273159153992203141e-01
6.400000000000000133e-02,7.699999999999999900e-02,0.000000000000000000e+00,4.304093678362141961e-01
6.400000000000000133e-02,7.799999999999999989e-02,0.000000000000000000e+00,4.448080673123949724e-01
6.400000000000000133e-02,7.900000000000000078e-02,0.000000000000000000e+00,4.892587576240104985e-01
6.400000000000000133e-02,8.000000000000000167e-02,0.000000000000000000e+00,5.093514030108550195e-01
6.400000000000000133e-02,8.100000000000000255e-02,0.000000000000000000e+00,5.453056629529664523e-01
6.400000000000000133e-02,8.200000000000000344e-02,0.000000000000000000e+00,5.168585210483376269e-01
6.400000000000000133e-02,8.300000000000000433e-02,0.000000000000000000e+00,5.137246582411292284e-01
6.400000000000000133e-02,8.400000000000000522e-02,0.000000000000000000e+00,4.778658347751764124e-01
6.400000000000000133e-02,8.500000000000000611e-02,0.000000000000000000e+00,4.857876291217082532e-01
6.400000000000000133e-02,8.600000000000000699e-02,0.000000000000000000e+00,5.237784774343445804e-01
6.400000000000000133e-02,8.700000000000000788e-02,0.000000000000000000e+00,4.812193086002036768e-01
6.400000000000000133e-02,8.799999999999999489e-02,0.000000000000000000e+00,4.853856533379634630e-01
6.400000000000000133e-02,8.899999999999999578e-02,0.000000000000000000e+00,4.686870093206014221e-01
6.400000000000000133e-02,8.999999999999999667e-02,0.000000000000000000e+00,4.671752097007907945e-01
6.400000000000000133e-02,9.099999999999999756e-02,0.000000000000000000e+00,4.930291232235483601e-01
6.400000000000000133e-02,9.199999999999999845e-02,0.000000000000000000e+00,5.462934815590674287e-01
6.400000000000000133e-02,9.299999999999999933e-02,0.000000000000000000e+00,5.657242210675124117e-01
6.400000000000000133e-02,9.400000000000000022e-02,0.000000000000000000e+00,5.640167073643138629e-01
6.400000000000000133e-02,9.500000000000000111e-02,0.000000000000000000e+00,5.319259316467006560e-01
6.400000000000000133e-02,9.600000000000000200e-02,0.000000000000000000e+00,5.062831968606678057e-01
6.400000000000000133e-02,9.700000000000000289e-02,0.000000000000000000e+00,5.016774526534240053e-01
6.400000000000000133e-02,9.800000000000000377e-02,0.000000000000000000e+00,4.852940992472949966e-01
6.400000000000000133e-02,9.900000000000000466e-02,0.000000000000000000e+00,5.033983726011235227e-01
6.400000000000000133e-02,1.000000000000000056e-01,0.000000000000000000e+00,4.677903843362849479e-01
6.600000000000000311e-02,0.000000000000000000e+00,0.000000000000000000e+00,5.184264972924537140e-01
6.600000000000000311e-02,1.000000000000000021e-03,0.000000000000000000e+00,5.606592586964384006e-01
6.600000000000000311e-02,2.000000000000000042e-03,0.000000000000000000e+00,5.183561333540820382e-01
6.600000000000000311e-02,3.000000000000000062e-03,0.000000000000000000e+00,4.554581428800252296e-01
6.600000000000000311e-02,4.000000000000000083e-03,0.000000000000000000e+00,4.568758903727277998e-01
6.600000000000000311e-02,5.000000000000000104e-03,0.000000000000000000e+00,5.518806257910641166e-01
6.600000000000000311e-02,6.000000000000000125e-03,0.000000000000000000e+00,4.977307590118292824e-01
6.600000000000000311e-02,7.000000000000000146e-03,0.000000000000000000e+00,4.810530585203677267e-01
6.600000000000000311e-02,8.000000000000000167e-03,0.000000000000000000e+00,4.703556801508841367e-01
6.600000000000000311e-02,9.000000000000001055e-03,0.000000000000000000e+00,5.108337472578469152e-01
6.600000000000000311e-02,1.000000000000000021e-02,0.000000000000000000e+00,5.051926692987179779e-01
6.600000000000000311e-02,1.099999999999999936e-02,0.000000000000000000e+00,4.450685692426992190e-01
6.600000000000000311e-02,1.200000000000000025e-02,0.000000000000000000e+00,4.981176819437577175e-01
6.600000000000000311e-02,1.300000000000000114e-02,0.000000000000000000e+00,5.017572351689506549e-01
6.600000000000000311e-02,1.400000000000000029e-02,0.000000000000000000e+00,5.703256222216028792e-01
6.600000000000000311e-02,1.499999999999999944e-02,0.000000000000000000e+00,4.953674360299209489e-01
6.600000000000000311e-02,1.600000000000000033e-02,0.000000000000000000e+00,4.663411958965905657e-01
6.600000000000000311e-02,1.700000000000000122e-02,0.000000000000000000e+00,4.842559553390398119e-01
6.600000000000000311e-02,1.800000000000000211e-02,0.000000000000000000e+00,6.186213152126969206e-01
6.600000000000000311e-02,1.899999999999999953e-02,0.000000000000000000e+00,5.266488522226694391e-01
6.600000000000000311e-02,2.000000000000000042e-02,0.000000000000000000e+00,5.499531733313103299e-01
6.600000000000000311e-02,2.100000000000000130e-02,0.000000000000000000e+00,5.769445795713292746e-01
6.600000000000000311e-02,2.199999999999999872e-02,0.000000000000000000e+00,5.819667828508638951e-01
6.600000000000000311e-02,2.299999999999999961e-02,0.000000000000000000e+00,6.051414879736114472e-01
6.600000000000000311e-02,2.400000000000000050e-02,0.000000000000000000e+00,5.487658620917468255e-01
6.600000000000000311e-02,2.500000000000000139e-02,0.000000000000000000e+00,6.107448711314085177e-01
6.600000000000000311e-02,2.600000000000000228e-02,0.000000000000000000e+00,5.670907941818623677e-01
6.600000000000000311e-02,2.699999999999999969e-02,0.000000000000000000e+00,5.751371106036677894e-01
6.600000000000000311e-02,2.800000000000000058e-02,0.000000000000000000e+00,5.078095538651126173e-01
6.600000000000000311e-02,2.900000000000000147e-02,0.000000000000000000e+00,5.188024286841408372e-01
6.600000000000000311e-02,2.999999999999999889e-02,0.000000000000000000e+00,5.621025157960302110e-01
6.600000000000000311e-02,3.099999999999999978e-02,0.000000000000000000e+00,5.979015473048800988e-01
6.600000000000000311e-02,3.200000000000000067e-02,0.000000000000000000e+00,4.990592776205819980e-01
6.600000000000000311e-02,3.300000000000000155e-02,0.000000000000000000e+00,4.987172227180118877e-01
6.600000000000000311e-02,3.400000000000000244e-02,0.000000000000000000e+00,5.278843749683701514e-01
6.600000000000000311e-02,3.500000000000000333e-02,0.000000000000000000e+00,5.174373279405896087e-01
6.600000000000000311e-02,3.600000000000000422e-02,0.000000000000000000e+00,5.741047510760100003e-01
6.600000000000000311e-02,3.699999999999999817e-02,0.000000000000000000e+00,5.528241701958871435e-01
6.600000000000000311e-02,3.799999999999999906e-02,0.000000000000000000e+00,5.670989181787091660e-01
6.600000000000000311e-02,3.899999999999999994e-02,0.000000000000000000e+00,5.078304647468290245e-01
6.600000000000000311e-02,4.000000000000000083e-02,0.000000000000000000e+00,4.338575666079402815e-01
6.600000000000000311e-02,4.100000000000000172e-02,0.000000000000000000e+00,4.877924558766238983e-01
6.600000000000000311e-02,4.200000000000000261e-02,0.000000000000000000e+00,5.457344719933389099e-01
6.600000000000000311e-02,4.300000000000000350e-02,0.000000000000000000e+00,6.516465860096638529e-01
6.600000000000000311e-02,4.399999999999999745e-02,0.000000000000000000e+00,5.757421569070739764e-01
6.600000000000000311e-02,4.499999999999999833e-02,0.000000000000000000e+00,5.279843969343738230e-01
6.600000000000000311e-02,4.599999999999999922e-02,0.000000000000000000e+00,4.742055518538832448e-01
6.600000000000000311e-02,4.700000000000000011e-02,0.000000000000000000e+00,5.192140422933746446e-01
6.600000000000000311e-02,4.800000000000000100e-02,0.000000000000000000e+00,5.927276807991038732e-01
6.600000000000000311e-02,4.900000000000000189e-02,0.000000000000000000e+00,5.946013551866318192e-01
6.600000000000000311e-02,5.000000000000000278e-02,0.000000000000000000e+00,5.685054126331836599e-01
6.600000000000000311e-02,5.100000000000000366e-02,0.000000000000000000e+00,5.559972227876253115e-01
6.600000000000000311e-02,5.200000000000000455e-02,0.000000000000000000e+00,4.979710985465563566e-01
6.600000000000000311e-02,5.299999999999999850e-02,0.000000000000000000e+00,4.095810267962904927e-01
6.600000000000000311e-02,5.399999999999999939e-02,0.000000000000000000e+00,5.371534953494865317e-01
6.600000000000000311e-02,5.500000000000000028e-02,0.000000000000000000e+00,5.934285762557287569e-01
6.600000000000000311e-02,5.600000000000000117e-02,0.000000000000000000e+00,6.854093948128753278e-01
6.600000000000000311e-02,5.700000000000000205e-02,0.000000000000000000e+00,5.972644497339310021e-01
6.600000000000000311e-02,5.800000000000000294e-02,0.000000000000000000e+00,5.823737307572551813e-01
6.600000000000000311e-02,5.900000000000000383e-02,0.000000000000000000e+00,5.431861247813190019e-01
6.600000000000000311e-02,5.999999999999999778e-02,0.000000000000000000e+00,6.159405593988893646e-01
6.600000000000000311e-02,6.099999999999999867e-02,0.000000000000000000e+00,6.986590547665634254e-01
6.600000000000000311e-02,6.199999999999999956e-02,0.000000000000000000e+00,6.145196611149206234e-01
6.600000000000000311e-02,6.300000000000000044e-02,0.000000000000000000e+00,5.760372024675786129e-01
6.600000000000000311e-02,6.400000000000000133e-02,0.000000000000000000e+00,6.011293495935078335e-01
6.600000000000000311e-02,6.500000000000000222e-02,0.000000000000000000e+00,5.077227852331591684e-01
6.600000000000000311e-02,6.600000000000000311e-02,0.000000000000000000e+00,4.852276165552570353e-01
6.600000000000000311e-02,6.700000000000000400e-02,0.000000000000000000e+00,5.395165837443034462e-01
6.600000000000000311e-02,6.800000000000000488e-02,0.000000000000000000e+00,5.441510274862646490e-01
6.600000000000000311e-02,6.900000000000000577e-02,0.000000000000000000e+00,5.824303981725791335e-01
6.600000000000000311e-02,7.000000000000000666e-02,0.000000000000000000e+00,5.504311631777345504e-01
6.600000000000000311e-02,7.100000000000000755e-02,0.000000000000000000e+00,5.258320905301345771e-01
6.600000000000000311e-02,7.200000000000000844e-02,0.000000000000000000e+00,5.436676018243640218e-01
6.600000000000000311e-02,7.299999999999999545e-02,0.000000000000000000e+00,5.927378002879071239e-01
6.600000000000000311e-02,7.399999999999999634e-02,0.000000000000000000e+00,5.972321063906074201e-01
6.600000000000000311e-02,7.499999999999999722e-02,0.000000000000000000e+00,5.213773265389027856e-01
6.600000000000000311e-02,7.599999999999999811e-02,0.000000000000000000e+00,5.095880160600522180e-01
6.600000000000000311e-02,7.699999999999999900e-02,0.000000000000000000e+00,5.506125759628157645e-01
6.600000000000000311e-02,7.799999999999999989e-02,0.000000000000000000e+00,4.517436646867818428e-01
6.600000000000000311e-02,7.900000000000000078e-02,0.000000000000000000e+00,5.046344705490759530e-01
6.600000000000000311e-02,8.000000000000000167e-02,0.000000000000000000e+00,4.891414071165098854e-01
6.600000000000000311e-02,8.100000000000000255e-02,0.000000000000000000e+00,4.565062660354665125e-01
6.600000000000000311e-02,8.200000000000000344e-02,0.000000000000000000e+00,4.920862120816203999e-01
6.600000000000000311e-02,8.300000000000000433e-02,0.000000000000000000e+00,4.883147001842517154e-01
6.600000000000000311e-02,8.400000000000000522e-02,0.000000000000000000e+00,4.615731580872697304e-01
6.600000000000000311e-02,8.500000000000000611e-02,0.000000000000000000e+00,5.064891984164554550e-01
6.600000000000000311e-02,8.600000000000000699e-02,0.000000000000000000e+00,5.070593074102685005e-01
6.600000000000000311e-02,8.700000000000000788e-02,0.000000000000000000e+00,4.860044175379021336e-01
6.600000000000000311e-02,8.799999999999999489e-02,0.000000000000000000e+00,4.804583411129022541e-01
6.600000000000000311e-02,8.899999999999999578e-02,0.000000000000000000e+00,4.932693669986751295e-01
6.600000000000000311e-02,8.999999999999999667e-02,0.000000000000000000e+00,5.055321353113265692e-01
6.600000000000000311e-02,9.099999999999999756e-02,0.000000000000000000e+00,4.692312190692857765e-01
6.600000000000000311e-02,9.199999999999999845e-02,0.000000000000000000e+00,5.291975140813193201e-01
6.600000000000000311e-02,9.299999999999999933e-02,0.000000000000000000e+00,5.176507311155722491e-01
6.600000000000000311e-02,9.400000000000000022e-02,0.000000000000000000e+00,4.835171304790805147e-01
6.600000000000000311e-02,9.500000000000000111e-02,0.000000000000000000e+00,5.209359128096571201e-01
6.600000000000000311e-02,9.600000000000000200e-02,0.000000000000000000e+00,5.043808264296526511e-01
6.600000000000000311e-02,9.700000000000000289e-02,0.000000000000000000e+00,4.916899128249793138e-01
6.600000000000000311e-02,9.800000000000000377e-02,0.000000000000000000e+00,5.190794583712692312e-01
6.600000000000000311e-02,9.900000000000000466e-02,0.000000000000000000e+00,4.987231400538112425e-01
6.600000000000000311e-02,1.000000000000000056e-01,0.000000000000000000e+00,4.997445934229571840e-01
6.800000000000000488e-02,0.000000000000000000e+00,0.000000000000000000e+00,4.815875056820932421e-01
6.800000000000000488e-02,1.000000000000000021e-03,0.000000000000000000e+00,4.956037362672907065e-01
6.800000000000000488e-02,2.000000000000000042e-03,0.000000000000000000e+00,4.497766004358368375e-01
6.800000000000000488e-02,3.000000000000000062e-03,0.000000000000000000e+00,4.393422493698293518e-01
6.800000000000000488e-02,4.000000000000000083e-03,0.000000000000000000e+00,4.681922393654622261e-01
6.800000000000000488e-02,5.000000000000000104e-03,0.000000000000000000e+00,5.316358170472359479e-01
6.800000000000000488e-02,6.000000000000000125e-03,0.000000000000000000e+00,4.391527969625645400e-01
6.800000000000000488e-02,7.000000000000000146e-03,0.000000000000000000e+00,4.773647245580483478e-01
6.800000000000000488e-02,8.000000000000000167e-03,0.000000000000000000e+00,4.579590729115126102e-01
6.800000000000000488e-02,9.000000000000001055e-03,0.000000000000000000e+00,5.308498621064989820e-01
6.800000000000000488e-02,1.000000000000000021e-02,0.000000000000000000e+00,5.128922502969297526e-01
6.800000000000000488e-02,1.099999999999999936e-02,0.000000000000000000e+00,4.840932106124590795e-01
6.800000000000000488e-02,1.200000000000000025e-02,0.000000000000000000e+00,4.754419592007657069e-01
6.800000000000000488e-02,1.300000000000000114e-02,0.000000000000000000e+00,4.948531520834185127e-01
6.800000000000000488e-02,1.400000000000000029e-02,0.000000000000000000e+00,5.706708630746381017e-01
6.800000000000000488e-02,1.499999999999999944e-02,0.000000000000000000e+00,4.694562088818517442e-01
6.800000000000000488e-02,1.600000000000000033e-02,0.000000000000000000e+00,4.582334150242654003e-01
6.800000000000000488e-02,1.700000000000000122e-02,0.000000000000000000e+00,4.677307940139237563e-01
6.800000000000000488e-02,1.800000000000000211e-02,0.000000000000000000e+00,5.779770365369935048e-01
6.800000000000000488e-02,1.899999999999999953e-02,0.000000000000000000e+00,4.044243597219451813e-01
6.800000000000000488e-02,2.000000000000000042e-02,0.000000000000000000e+00,4.705676904006641514e-01
6.800000000000000488e-02,2.100000000000000130e-02,0.000000000000000000e+00,4.829023681626022357e-01
6.800000000000000488e-02,2.199999999999999872e-02,0.000000000000000000e+00,5.150310227752847858e-01
6.800000000000000488e-02,2.299999999999999961e-02,0.000000000000000000e+00,5.302886922759010302e-01
6.800000000000000488e-02,2.400000000000000050e-02,0.000000000000000000e+00,5.303907736941875228e-01
6.800000000000000488e-02,2.500000000000000139e-02,0.000000000000000000e+00,5.673049202439286454e-01
6.800000000000000488e-02,2.600000000000000228e-02,0.000000000000000000e+00,5.892315089417358154e-01
6.800000000000000488e-02,2.699999999999999969e-02,0.000000000000000000e+00,6.730633565497484705e-01
6.800000000000000488e-02,2.800000000000000058e-02,0.000000000000000000e+00,5.386315859246042503e-01
6.800000000000000488e-02,2.900000000000000147e-02,0.000000000000000000e+00,4.990276162425669182e-01
6.800000000000000488e-02,2.999999999999999889e-02,0.000000000000000000e+00,5.308597407364050724e-01
6.800000000000000488e-02,3.099999999999999978e-02,0.000000000000000000e+00,6.155197150617673918e-01
6.800000000000000488e-02,3.200000000000000067e-02,0.000000000000000000e+00,4.181838552748292082e-01
6.800000000000000488e-02,3.300000000000000155e-02,0.000000000000000000e+00,3.959748492710175594e-01
6.800000000000000488e-02,3.400000000000000244e-02,0.000000000000000000e+00,4.378554763484214796e-01
6.800000000000000488e-02,3.500000000000000333e-02,0.000000000000000000e+00,4.228818951646434177e-01
6.800000000000000488e-02,3.600000000000000422e-02,0.000000000000000000e+00,5.094722193251670639e-01
6.800000000000000488e-02,3.699999999999999817e-02,0.000000000000000000e+00,5.405655842977614700e-01
6.800000000000000488e-02,3.799999999999999906e-02,0.000000000000000000e+00,5.876352536116842273e-01
6.800000000000000488e-02,3.899999999999999994e-02,0.000000000000000000e+00,5.781031750030756200e-01
6.800000000000000488e-02,4.000000000000000083e-02,0.000000000000000000e+00,5.979395908682372252e-01
6.800000000000000488e-02,4.100000000000000172e-02,0.000000000000000000e+00,5.299514814885966096e-01
6.800000000000000488e-02,4.200000000000000261e-02,0.000000000000000000e+00,4.810566038442998793e-01
6.800000000000000488e-02,4.300000000000000350e-02,0.000000000000000000e+00,6.025856421354063297e-01
6.800000000000000488e-02,4.399999999999999745e-02,0.000000000000000000e+00,6.046180290512292999e-01
6.800000000000000488e-02,4.499999999999999833e-02,0.000000000000000000e+00,4.547105550454313416e-01
6.800000000000000488e-02,4.599999999999999922e-02,0.000000000000000000e+00,3.271945126242449819e-01
6.800000000000000488e-02,4.700000000000000011e-02,0.000000000000000000e+00,4.219679909750936875e-01
6.800000000000000488e-02,4.800000000000000100e-02,0.000000000000000000e+00,4.749956827812080173e-01
6.800000000000000488e-02,4.900000000000000189e-02,0.000000000000000000e+00,5.568167414467064535e-01
6.800000000000000488e-02,5.000000000000000278e-02,0.000000000000000000e+00,5.353773375019242886e-01
6.800000000000000488e-02,5.100000000000000366e-02,0.000000000000000000e+00,5.833779821507634189e-01
6.800000000000000488e-02,5.200000000000000455e-02,0.000000000000000000e+00,5.491698595644733949e-01
6.800000000000000488e-02,5.299999999999999850e-02,0.000000000000000000e+00,5.449749733829818421e-01
6.800000000000000488e-02,5.399999999999999939e-02,0.000000000000000000e+00,5.640016600809885094e-01
6.800000000000000488e-02,5.500000000000000028e-02,0.000000000000000000e+00,5.147403258883721522e-01
6.800000000000000488e-02,5.600000000000000117e-02,0.000000000000000000e+00,6.590164179053434879e-01
6.800000000000000488e-02,5.700000000000000205e-02,0.000000000000000000e+00,6.118764832911210982e-01
6.800000000000000488e-02,5.800000000000000294e-02,0.000000000000000000e+00,5.236228679997134705e-01
6.800000000000000488e-02,5.900000000000000383e-02,0.000000000000000000e+00,4.402242542470876097e-01
6.800000000000000488e-02,5.999999999999999778e-02,0.000000000000000000e+00,5.663312486893503639e-01
6.800000000000000488e-02,6.099999999999999867e-02,0.000000000000000000e+00,6.494403796355799896e-01
6.800000000000000488e-02,6.199999999999999956e-02,0.000000000000000000e+00,6.254781531854161081e-01
6.800000000000000488e-02,6.300000000000000044e-02,0.000000000000000000e+00,5.131578330162391843e-01
6.800000000000000488e-02,6.400000000000000133e-02,0.000000000000000000e+00,5.862696554345752098e-01
6.800000000000000488e-02,6.500000000000000222e-02,0.000000000000000000e+00,5.416399346425180283e-01
6.800000000000000488e-02,6.600000000000000311e-02,0.000000000000000000e+00,5.664127075046742066e-01
6.800000000000000488e-02,6.700000000000000400e-02,0.000000000000000000e+00,5.378378656414708470e-01
6.800000000000000488e-02,6.800000000000000488e-02,0.000000000000000000e+00,4.472040411536574167e-01
6.800000000000000488e-02,6.900000000000000577e-02,0.000000000000000000e+00,5.613900087369648739e-01
6.800000000000000488e-02,7.000000000000000666e-02,0.000000000000000000e+00,5.008622425209920959e-01
6.800000000000000488e-02,7.100000000000000755e-02,0.000000000000000000e+00,4.371302190375286334e-01
6.800000000000000488e-02,7.200000000000000844e-02,0.000000000000000000e+00,5.255190506959535046e-01
6.800000000000000488e-02,7.299999999999999545e-02,0.000000000000000000e+00,5.659817828732151002e-01
6.800000000000000488e-02,7.399999999999999634e-02,0.000000000000000000e+00,6.203469210913514775e-01
6.800000000000000488e-02,7.499999999999999722e-02,0.000000000000000000e+00,5.550930006869445599e-01
6.800000000000000488e-02,7.599999999999999811e-02,0.000000000000000000e+00,4.621293420592699208e-01
6.800000000000000488e-02,7.699999999999999900e-02,0.000000000000000000e+00,5.614166548311176896e-01
6.800000000000000488e-02,7.799999999999999989e-02,0.000000000000000000e+00,5.900432285129446619e-01
6.800000000000000488e-02,7.900000000000000078e-02,0.000000000000000000e+00,6.342603501276939948e-01
6.800000000000000488e-02,8.000000000000000167e-02,0.000000000000000000e+00,5.536586337731934648e-01
6.800000000000000488e-02,8.100000000000000255e-02,0.000000000000000000e+00,4.471624397986566080e-01
6.800000000000000488e-02,8.200000000000000344e-02,0.000000000000000000e+00,5.643034252203185108e-01
6.800000000000000488e-02,8.300000000000000433e-02,0.000000000000000000e+00,4.645858560790176450e-01
6.800000000000000488e-02,8.400000000000000522e-02,0.000000000000000000e+00,3.922681364685979277e-01
6.800000000000000488e-02,8.500000000000000611e-02,0.000000000000000000e+00,5.684804602272384155e-01
6.800000000000000488e-02,8.600000000000000699e-02,0.000000000000000000e+00,4.584345483222135864e-01
6.800000000000000488e-02,8.700000000000000788e-02,0.000000000000000000e+00,5.020440552969140935e-01
6.800000000000000488e-02,8.799999999999999489e-02,0.000000000000000000e+00,4.460102301152450432e-01
6.800000000000000488e-02,8.899999999999999578e-02,0.000000000000000000e+00,4.225549064170496250e-01
6.800000000000000488e-02,8.999999999999999667e-02,0.000000000000000000e+00,4.840580942373917672e-01
6.800000000000000488e-02,9.099999999999999756e-02,0.000000000000000000e+00,5.746021208292537708e-01
6.800000000000000488e-02,9.199999999999999845e-02,0.000000000000000000e+00,5.982141573405248547e-01
6.800000000000000488e-02,9.299999999999999933e-02,0.000000000000000000e+00,5.560819094939160045e-01
6.800000000000000488e-02,9.400000000000000022e-02,0.000000000000000000e+00,5.048511340710113426e-01
6.800000000000000488e-02,9.500000000000000111e-02,0.000000000000000000e+00,6.106362015820587796e-01
6.800000000000000488e-02,9.600000000000000200e-02,0.000000000000000000e+00,5.212524860451421826e-01
6.800000000000000488e-02,9.700000000000000289e-02,0.000000000000000000e+00,4.797822176203416222e-01
6.800000000000000488e-02,9.800000000000000377e-02,0.000000000000000000e+00,6.165332442646598299e-01
6.800000000000000488e-02,9.900000000000000466e-02,0.000000000000000000e+00,4.845881943959253757e-01
6.800000000000000488e-02,1.000000000000000056e-01,0.000000000000000000e+00,5.310723145833491365e-01
7.000000000000000666e-02,0.000000000000000000e+00,0.000000000000000000e+00,4.331406750920800963e-01
7.000000000000000666e-02,1.000000000000000021e-03,0.000000000000000000e+00,4.626621462194547840e-01
7.000000000000000666e-02,2.000000000000000042e-03,0.000000000000000000e+00,4.080132427863648603e-01
7.000000000000000666e-02,3.000000000000000062e-03,0.000000000000000000e+00,4.508845375397807498e-01
7.000000000000000666e-02,4.000000000000000083e-03,0.000000000000000000e+00,4.938303952908923988e-01
7.000000000000000666e-02,5.000000000000000104e-03,0.000000000000000000e+00,6.303076161852834147e-01
7.000000000000000666e-02,6.000000000000000125e-03,0.000000000000000000e+00,4.779089290655956224e-01
7.000000000000000666e-02,7.000000000000000146e-03,0.000000000000000000e+00,5.711410374623548947e-01
7.000000000000000666e-02,8.000000000000000167e-03,0.000000000000000000e+00,5.417271323534271765e-01
7.000000000000000666e-02,9.000000000000001055e-03,0.000000000000000000e+00,6.063413517439186773e-01
7.000000000000000666e-02,1.000000000000000021e-02,0.000000000000000000e+00,5.867613380892038322e-01
7.000000000000000666e-02,1.099999999999999936e-02,0.000000000000000000e+00,6.078023229765803226e-01
7.000000000000000666e-02,1.200000000000000025e-02,0.000000000000000000e+00,4.735942928774366512e-01
7.000000000000000666e-02,1.300000000000000114e-02,0.000000000000000000e+00,4.301473944666029947e-01
7.000000000000000666e-02,1.400000000000000029e-02,0.000000000000000000e+00,5.328742027862283237e-01
7.000000000000000666e-02,1.499999999999999944e-02,0.000000000000000000e+00,4.174013258657810477e-01
7.000000000000000666e-02,1.600000000000000033e-02,0.000000000000000000e+00,4.406736386159558760e-01
7.000000000000000666e-02,1.700000000000000122e-02,0.000000000000000000e+00,4.528207427214159808e-01
7.000000000000000666e-02,1.800000000000000211e-02,0.000000000000000000e+00,6.116916313144327155e-01
7.000000000000000666e-02,1.899999999999999953e-02,0.000000000000000000e+00,3.715870687053265398e-01
7.000000000000000666e-02,2.000000000000000042e-02,0.000000000000000000e+00,4.864284651102026569e-01
7.000000000000000666e-02,2.100000000000000130e-02,0.000000000000000000e+00,5.190983399878893456e-01
7.000000000000000666e-02,2.199999999999999872e-02,0.000000000000000000e+00,5.203420458876630850e-01
7.000000000000000666e-02,2.299999999999999961e-02,0.000000000000000000e+00,5.474627376463246931e-01
7.000000000000000666e-02,2.400000000000000050e-02,0.000000000000000000e+00,5.713832293484260028e-01
7.000000000000000666e-02,2.500000000000000139e-02,0.000000000000000000e+00,4.682734197971258894e-01
7.000000000000000666e-02,2.600000000000000228e-02,0.000000000000000000e+00,4.764715676800528876e-01
7.000000000000000666e-02,2.699999999999999969e-02,0.000000000000000000e+00,6.163160854615472584e-01
7.000000000000000666e-02,2.800000000000000058e-02,0.000000000000000000e+00,4.832037398098547043e-01
7.000000000000000666e-02,2.900000000000000147e-02,0.000000000000000000e+00,4.508477829989014918e-01
7.000000000000000666e-02,2.999999999999999889e-02,0.000000000000000000e+00,4.882717158219007092e-01
7.000000000000000666e-02,3.099999999999999978e-02,0.000000000000000000e+00,5.890386238705709321e-01
7.000000000000000666e-02,3.200000000000000067e-02,0.000000000000000000e+00,4.194899153014149951e-01
7.000000000000000666e-02,3.300000000000000155e-02,0.000000000000000000e+00,4.136149845042578210e-01
7.000000000000000666e-02,3.400000000000000244e-02,0.000000000000000000e+00,5.248939756167033677e-01
7.000000000000000666e-02,3.500000000000000333e-02,0.000000000000000000e+00,4.309885227396739737e-01
7.000000000000000666e-02,3.600000000000000422e-02,0.000000000000000000e+00,5.473397453641292154e-01
7.000000000000000666e-02,3.699999999999999817e-02,0.000000000000000000e+00,5.469417706073937957e-01
7.000000000000000666e-02,3.799999999999999906e-02,0.000000000000000000e+00,5.361781962604865726e-01
7.000000000000000666e-02,3.899999999999999994e-02,0.000000000000000000e+00,5.384461095898700478e-01
7.000000000000000666e-02,4.000000000000000083e-02,0.000000000000000000e+00,5.738884450730168396e-01
7.000000000000000666e-02,4.100000000000000172e-02,0.000000000000000000e+00,4.972295746469749811e-01
7.000000000000000666e-02,4.200000000000000261e-02,0.000000000000000000e+00,4.371144650466390336e-01
7.000000000000000666e-02,4.300000000000000350e-02,0.000000000000000000e+00,5.227753496801044175e-01
7.000000000000000666e-02,4.399999999999999745e-02,0.000000000000000000e+00,5.325799801447951287e-01
7.000000000000000666e-02,4.499999999999999833e-02,0.000000000000000000e+00,4.926876082505923238e-01
7.000000000000000666e-02,4.599999999999999922e-02,0.000000000000000000e+00,3.381251410292495096e-01
7.000000000000000666e-02,4.700000000000000011e-02,0.000000000000000000e+00,4.922880876869080713e-01
7.000000000000000666e-02,4.800000000000000100e-02,0.000000000000000000e+00,4.527569692167438542e-01
7.000000000000000666e-02,4.900000000000000189e-02,0.000000000000000000e+00,6.036239045025835193e-01
7.000000000000000666e-02,5.000000000000000278e-02,0.000000000000000000e+00,5.602522704945531729e-01
7.000000000000000666e-02,5.100000000000000366e-02,0.000000000000000000e+00,6.375006791519327587e-01
7.000000000000000666e-02,5.200000000000000455e-02,0.000000000000000000e+00,5.908603549033812907e-01
7.000000000000000666e-02,5.299999999999999850e-02,0.000000000000000000e+00,5.410472634316190188e-01
7.000000000000000666e-02,5.399999999999999939e-02,0.000000000000000000e+00,5.533447823687975831e-01
7.000000000000000666e-02,5.500000000000000028e-02,0.000000000000000000e+00,5.058259680905218270e-01
7.000000000000000666e-02,5.600000000000000117e-02,0.000000000000000000e+00,5.461077484519614167e-01
7.000000000000000666e-02,5.700000000000000205e-02,0.000000000000000000e+00,5.297422037587629084e-01
7.000000000000000666e-02,5.800000000000000294e-02,0.000000000000000000e+00,5.300034964140272198e-01
7.000000000000000666e-02,5.900000000000000383e-02,0.000000000000000000e+00,3.797036632972916048e-01
7.000000000000000666e-02,5.999999999999999778e-02,0.000000000000000000e+00,4.969851623277046770e-01
7.000000000000000666e-02,6.099999999999999867e-02,0.000000000000000000e+00,5.454002217543727493e-01
7.000000000000000666e-02,6.199999999999999956e-02,0.000000000000000000e+00,6.148591047085187888e-01
7.000000000000000666e-02,6.300000000000000044e-02,0.000000000000000000e+00,5.329434071569313369e-01
7.000000000000000666e-02,6.400000000000000133e-02,0.000000000000000000e+00,6.636813621380498462e-01
7.000000000000000666e-02,6.500000000000000222e-02,0.000000000000000000e+00,5.958407970739669768e-01
7.000000000000000666e-02,6.600000000000000311e-02,0.000000000000000000e+00,5.559337046904548885e-01
7.000000000000000666e-02,6.700000000000000400e-02,0.000000000000000000e+00,5.813170710294386367e-01
7.000000000000000666e-02,6.800000000000000488e-02,0.000000000000000000e+00,5.261797976377426966e-01
7.000000000000000666e-02,6.900000000000000577e-02,0.000000000000000000e+00,5.365409199305244403e-01
7.000000000000000666e-02,7.000000000000000666e-02,0.000000000000000000e+00,5.497409393754961737e-01
7.000000000000000666e-02,7.100000000000000755e-02,0.000000000000000000e+00,4.938539791867610496e-01
7.000000000000000666e-02,7.200000000000000844e-02,0.000000000000000000e+00,4.892198577129465709e-01
7.000000000000000666e-02,7.299999999999999545e-02,0.000000000000000000e+00,4.811316770358524675e-01
7.000000000000000666e-02,7.399999999999999634e-02,0.000000000000000000e+00,5.578011338009272180e-01
7.000000000000000666e-02,7.499999999999999722e-02,0.000000000000000000e+00,5.403805965467920469e-01
7.000000000000000666e-02,7.599999999999999811e-02,0.000000000000000000e+00,4.830089206746861485e-01
7.000000000000000666e-02,7.699999999999999900e-02,0.000000000000000000e+00,5.946452422756545175e-01
7.000000000000000666e-02,7.799999999999999989e-02,0.000000000000000000e+00,5.892805734349544355e-01
7.000000000000000666e-02,7.900000000000000078e-02,0.000000000000000000e+00,5.532293524955891328e-01
7.000000000000000666e-02,8.000000000000000167e-02,0.000000000000000000e+00,5.644160015928314511e-01
7.000000000000000666e-02,8.100000000000000255e-02,0.000000000000000000e+00,4.933246470956680896e-01
7.000000000000000666e-02,8.200000000000000344e-02,0.000000000000000000e+00,5.865527125007317100e-01
7.000000000000000666e-02,8.300000000000000433e-02,0.000000000000000000e+00,5.648673073633737607e-01
7.000000000000000666e-02,8.400000000000000522e-02,0.000000000000000000e+00,4.479306844279423161e-01
7.000000000000000666e-02,8.500000000000000611e-02,0.000000000000000000e+00,5.606130495776349143e-01
7.000000000000000666e-02,8.600000000000000699e-02,0.000000000000000000e+00,4.475842473054764126e-01
7.000000000000000666e-02,8.700000000000000788e-02,0.000000000000000000e+00,5.427078420422176697e-01
7.000000000000000666e-02,8.799999999999999489e-02,0.000000000000000000e+00,4.855144126857649511e-01
7.000000000000000666e-02,8.899999999999999578e-02,0.000000000000000000e+00,4.737467959279604290e-01
7.000000000000000666e-02,8.999999999999999667e-02,0.000000000000000000e+00,5.050864769855683001e-01
7.000000000000000666e-02,9.099999999999999756e-02,0.000000000000000000e+00,5.572028794449778166e-01
7.000000000000000666e-02,9.199999999999999845e-02,0.000000000000000000e+00,5.030039809156373609e-01
7.000000000000000666e-02,9.299999999999999933e-02,0.000000000000000000e+00,5.206368576543738413e-01
7.000000000000000666e-02,9.400000000000000022e-02,0.000000000000000000e+00,4.720731855797568599e-01
7.000000000000000666e-02,9.500000000000000111e-02,0.000000000000000000e+00,5.911941924516144198e-01
7.000000000000000666e-02,9.600000000000000200e-02,0.000000000000000000e+00,5.270297012381082169e-01
7.000000000000000666e-02,9.700000000000000289e-02,0.000000000000000000e+00,4.382602361908948807e-01
7.000000000000000666e-02,9.800000000000000377e-02,0.000000000000000000e+00,5.576429093635557610e-01
7.000000000000000666e-02,9.900000000000000466e-02,0.000000000000000000e+00,4.637503740450031331e-01
7.000000000000000666e-02,1.000000000000000056e-01,0.000000000000000000e+00,5.523741633986942734e-01
7.200000000000000844e-02,0.000000000000000000e+00,0.000000000000000000e+00,4.725805423095646440e-01
7.200000000000000844e-02,1.000000000000000021e-03,0.000000000000000000e+00,5.219934178056178098e-01
7.200000000000000844e-02,2.000000000000000042e-03,0.000000000000000000e+00,4.922720355763517408e-01
7.200000000000000844e-02,3.000000000000000062e-03,0.000000000000000000e+00,5.313923727608660386e-01
7.200000000000000844e-02,4.000000000000000083e-03,0.000000000000000000e+00,5.509003642465784001e-01
7.200000000000000844e-02,5.000000000000000104e-03,0.000000000000000000e+00,6.773220754780420183e-01
7.200000000000000844e-02,6.000000000000000125e-03,0.000000000000000000e+00,5.355790789134441399e-01
7.200000000000000844e-02,7.000000000000000146e-03,0.000000000000000000e+00,5.798629120176043150e-01
7.200000000000000844e-02,8.000000000000000167e-03,0.000000000000000000e+00,5.348311028902277275e-01
7.200000000000000844e-02,9.000000000000001055e-03,0.000000000000000000e+00,5.893706265324099025e-01
7.200000000000000844e-02,1.000000000000000021e-02,0.000000000000000000e+00,5.769144840201585467e-01
7.200000000000000844e-02,1.099999999999999936e-02,0.000000000000000000e+00,5.770861686500137200e-01
7.200000000000000844e-02,1.200000000000000025e-02,0.000000000000000000e+00,4.962966402646400432e-01
7.200000000000000844e-02,1.300000000000000114e-02,0.000000000000000000e+00,4.576377490338099929e-01
7.200000000000000844e-02,1.400000000000000029e-02,0.000000000000000000e+00,5.789887742849759711e-01
7.200000000000000844e-02,1.499999999999999944e-02,0.000000000000000000e+00,5.065056058390540183e-01
7.200000000000000844e-02,1.600000000000000033e-02,0.000000000000000000e+00,5.332547681970900566e-01
7.200000000000000844e-02,1.700000000000000122e-02,0.000000000000000000e+00,5.369753217028656600e-01
7.200000000000000844e-02,1.800000000000000211e-02,0.000000000000000000e+00,6.590678635556739273e-01
7.200000000000000844e-02,1.899999999999999953e-02,0.000000000000000000e+00,4.513251410113562900e-01
7.200000000000000844e-02,2.000000000000000042e-02,0.000000000000000000e+00,5.120299448312309876e-01
7.200000000000000844e-02,2.100000000000000130e-02,0.000000000000000000e+00,5.196617919822910103e-01
7.200000000000000844e-02,2.199999999999999872e-02,0.000000000000000000e+00,5.338172476282421197e-01
7.200000000000000844e-02,2.299999999999999961e-02,0.000000000000000000e+00,5.564060135267521190e-01
7.200000000000000844e-02,2.400000000000000050e-02,0.000000000000000000e+00,5.336796236045877606e-01
7.200000000000000844e-02,2.500000000000000139e-02,0.000000000000000000e+00,5.026014191388978869e-01
7.200000000000000844e-02,2.600000000000000228e-02,0.000000000000000000e+00,5.014817794914430138e-01
7.200000000000000844e-02,2.699999999999999969e-02,0.000000000000000000e+00,6.430873543792283709e-01
7.200000000000000844e-02,2.800000000000000058e-02,0.000000000000000000e+00,5.440038488966599806e-01
7.200000000000000844e-02,2.900000000000000147e-02,0.000000000000000000e+00,5.370113151337994051e-01
7.200000000000000844e-02,2.999999999999999889e-02,0.000000000000000000e+00,5.784298033958488183e-01
7.200000000000000844e-02,3.099999999999999978e-02,0.000000000000000000e+00,5.988915778887426988e-01
7.200000000000000844e-02,3.200000000000000067e-02,0.000000000000000000e+00,4.555842433800090796e-01
7.200000000000000844e-02,3.300000000000000155e-02,0.000000000000000000e+00,4.456458883782849489e-01
7.200000000000000844e-02,3.400000000000000244e-02,0.000000000000000000e+00,4.991057586396597801e-01
7.200000000000000844e-02,3.500000000000000333e-02,0.000000000000000000e+00,4.623317502762095965e-01
7.200000000000000844e-02,3.600000000000000422e-02,0.000000000000000000e+00,5.339895067804087958e-01
7.200000000000000844e-02,3.699999999999999817e-02,0.000000000000000000e+00,5.032046817231132785e-01
7.200000000000000844e-02,3.799999999999999906e-02,0.000000000000000000e+00,5.547011396573544584e-01
7.200000000000000844e-02,3.899999999999999994e-02,0.000000000000000000e+00,5.658297558674780792e-01
7.200000000000000844e-02,4.000000000000000083e-02,0.000000000000000000e+00,6.119511183262977827e-01
7.200000000000000844e-02,4.100000000000000172e-02,0.000000000000000000e+00,5.507028334456138818e-01
7.200000000000000844e-02,4.200000000000000261e-02,0.000000000000000000e+00,5.746978602372390110e-01
7.200000000000000844e-02,4.300000000000000350e-02,0.000000000000000000e+00,6.491667090033629295e-01
7.200000000000000844e-02,4.399999999999999745e-02,0.000000000000000000e+00,5.766348381577293125e-01
7.200000000000000844e-02,4.499999999999999833e-02,0.000000000000000000e+00,5.181670078814053504e-01
7.200000000000000844e-02,4.599999999999999922e-02,0.000000000000000000e+00,4.429558846670532679e-01
7.200000000000000844e-02,4.700000000000000011e-02,0.000000000000000000e+00,4.832112647061889144e-01
7.200000000000000844e-02,4.800000000000000100e-02,0.000000000000000000e+00,5.135618590111994397e-01
7.200000000000000844e-02,4.900000000000000189e-02,0.000000000000000000e+00,5.594663933577329606e-01
7.200000000000000844e-02,5.000000000000000278e-02,0.000000000000000000e+00,5.227228982462610585e-01
7.200000000000000844e-02,5.100000000000000366e-02,0.000000000000000000e+00,5.865665702393317860e-01
7.200000000000000844e-02,5.200000000000000455e-02,0.000000000000000000e+00,5.500379702140559823e-01
7.200000000000000844e-02,5.299999999999999850e-02,0.000000000000000000e+00,5.199347461565415607e-01
7.200000000000000844e-02,5.399999999999999939e-02,0.000000000000000000e+00,5.366257093272479572e-01
7.200000000000000844e-02,5.500000000000000028e-02,0.000000000000000000e+00,6.054490969961731084e-01
7.200000000000000844e-02,5.600000000000000117e-02,0.000000000000000000e+00,5.971458752746949816e-01
7.200000000000000844e-02,5.700000000000000205e-02,0.000000000000000000e+00,5.437293872309393317e-01
7.200000000000000844e-02,5.800000000000000294e-02,0.000000000000000000e+00,5.160110424902387694e-01
7.200000000000000844e-02,5.900000000000000383e-02,0.000000000000000000e+00,4.982801809422163775e-01
7.200000000000000844e-02,5.999999999999999778e-02,0.000000000000000000e+00,4.976118360644519734e-01
7.200000000000000844e-02,6.099999999999999867e-02,0.000000000000000000e+00,5.930950655670068628e-01
7.200000000000000844e-02,6.199999999999999956e-02,0.000000000000000000e+00,5.636744088143431641e-01
7.200000000000000844e-02,6.300000000000000044e-02,0.000000000000000000e+00,5.335712815948131515e-01
7.200000000000000844e-02,6.400000000000000133e-02,0.000000000000000000e+00,5.881272827394665725e-01
7.200000000000000844e-02,6.500000000000000222e-02,0.000000000000000000e+00,5.353200058063298794e-01
7.200000000000000844e-02,6.600000000000000311e-02,0.000000000000000000e+00,5.290544934271894650e-01
7.200000000000000844e-02,6.700000000000000400e-02,0.000000000000000000e+00,5.867161167624121987e-01
7.200000000000000844e-02,6.800000000000000488e-02,0.000000000000000000e+00,5.940489473951418020e-01
7.200000000000000844e-02,6.900000000000000577e-02,0.000000000000000000e+00,5.363760955786398554e-01
7.200000000000000844e-02,7.000000000000000666e-02,0.000000000000000000e+00,5.582980752785711154e-01
7.200000000000000844e-02,7.100000000000000755e-02,0.000000000000000000e+00,5.334203791519314120e-01
7.200000000000000844e-02,7.200000000000000844e-02,0.000000000000000000e+00,5.792521534468321187e-01
7.200000000000000844e-02,7.299999999999999545e-02,0.000000000000000000e+00,5.291371308682297769e-01
7.200000000000000844e-02,7.399999999999999634e-02,0.000000000000000000e+00,5.673702252422352377e-01
7.200000000000000844e-02,7.499999999999999722e-02,0.000000000000000000e+00,5.220622467512348042e-01
7.200000000000000844e-02,7.599999999999999811e-02,0.000000000000000000e+00,5.219668885610705411e-01
7.200000000000000844e-02,7.699999999999999900e-02,0.000000000000000000e+00,5.541446146040276410e-01
7.200000000000000844e-02,7.799999999999999989e-02,0.000000000000000000e+00,5.610685536493084102e-01
7.200000000000000844e-02,7.900000000000000078e-02,0.000000000000000000e+00,5.545681661066754753e-01
7.200000000000000844e-02,8.000000000000000167e-02,0.000000000000000000e+00,6.176261449566453621e-01
7.200000000000000844e-02,8.100000000000000255e-02,0.000000000000000000e+00,4.965086674846340142e-01
7.200000000000000844e-02,8.200000000000000344e-02,0.000000000000000000e+00,5.515457638447776034e-01
7.200000000000000844e-02,8.300000000000000433e-02,0.000000000000000000e+00,5.418901345744275844e-01
7.200000000000000844e-02,8.400000000000000522e-02,0.000000000000000000e+00,5.167496303132028679e-01
7.200000000000000844e-02,8.500000000000000611e-02,0.000000000000000000e+00,5.313607455243860578e-01
7.200000000000000844e-02,8.600000000000000699e-02,0.000000000000000000e+00,4.771163948504744123e-01
7.200000000000000844e-02,8.700000000000000788e-02,0.000000000000000000e+00,4.513721080702185473e-01
7.200000000000000844e-02,8.799999999999999489e-02,0.000000000000000000e+00,4.707325446671059010e-01
7.200000000000000844e-02,8.899999999999999578e-02,0.000000000000000000e+00,5.020293026530363578e-01
7.200000000000000844e-02,8.999999999999999667e-02,0.000000000000000000e+00,5.124740567618978337e-01
7.200000000000000844e-02,9.099999999999999756e-02,0.000000000000000000e+00,5.750543078813645792e-01
7.200000000000000844e-02,9.199999999999999845e-02,0.000000000000000000e+00,5.462989183295149376e-01
7.200000000000000844e-02,9.299999999999999933e-02,0.000000000000000000e+00,6.061664550102161542e-01
7.200000000000000844e-02,9.400000000000000022e-02,0.000000000000000000e+00,4.738452243876182246e-01
7.200000000000000844e-02,9.500000000000000111e-02,0.000000000000000000e+00,6.004730932461388448e-01
7.200000000000000844e-02,9.600000000000000200e-02,0.000000000000000000e+00,5.301880152798863488e-01
7.200000000000000844e-02,9.700000000000000289e-02,0.000000000000000000e+00,5.121700627971677022e-01
7.200000000000000844e-02,9.800000000000000377e-02,0.000000000000000000e+00,4.903245955469607287e-01
7.200000000000000844e-02,9.900000000000000466e-02,0.000000000000000000e+00,4.676478023842632892e-01
7.200000000000000844e-02,1.000000000000000056e-01,0.000000000000000000e+00,4.393350914877359181e-01
7.399999999999999634e-02,0.000000000000000000e+00,0.000000000000000000e+00,5.063098718855265634e-01
7.399999999999999634e-02,1.000000000000000021e-03,0.000000000000000000e+00,4.770837780027416541e-01
7.399999999999999634e-02,2.000000000000000042e-03,0.000000000000000000e+00,4.660272524410484785e-01
7.399999999999999634e-02,3.000000000000000062e-03,0.000000000000000000e+00,5.154501227207194392e-01
7.399999999999999634e-02,4.000000000000000083e-03,0.000000000000000000e+00,5.043192863821814864e-01
7.399999999999999634e-02,5.000000000000000104e-03,0.000000000000000000e+00,6.356233616650613927e-01
7.399999999999999634e-02,6.000000000000000125e-03,0.000000000000000000e+00,5.215170466500446134e-01
7.399999999999999634e-02,7.000000000000000146e-03,0.000000000000000000e+00,5.836592465348076075e-01
7.399999999999999634e-02,8.000000000000000167e-03,0.000000000000000000e+00,5.179350946998160232e-01
7.399999999999999634e-02,9.000000000000001055e-03,0.000000000000000000e+00,5.991451190383056957e-01
7.399999999999999634e-02,1.000000000000000021e-02,0.000000000000000000e+00,6.316929130796555825e-01
7.399999999999999634e-02,1.099999999999999936e-02,0.000000000000000000e+00,6.246523217546413598e-01
7.399999999999999634e-02,1.200000000000000025e-02,0.000000000000000000e+00,5.886847273182784779e-01
7.399999999999999634e-02,1.300000000000000114e-02,0.000000000000000000e+00,5.001389050403511893e-01
7.399999999999999634e-02,1.400000000000000029e-02,0.000000000000000000e+00,5.180020887845973032e-01
7.399999999999999634e-02,1.499999999999999944e-02,0.000000000000000000e+00,4.986636675944129404e-01
7.399999999999999634e-02,1.600000000000000033e-02,0.000000000000000000e+00,5.506965258396141483e-01
7.399999999999999634e-02,1.700000000000000122e-02,0.000000000000000000e+00,4.624472388806940004e-01
7.399999999999999634e-02,1.800000000000000211e-02,0.000000000000000000e+00,5.828633878848534788e-01
7.399999999999999634e-02,1.899999999999999953e-02,0.000000000000000000e+00,4.242079828302011135e-01
7.399999999999999634e-02,2.000000000000000042e-02,0.000000000000000000e+00,5.185895835353930838e-01
7.399999999999999634e-02,2.100000000000000130e-02,0.000000000000000000e+00,4.484553830878949543e-01
7.399999999999999634e-02,2.199999999999999872e-02,0.000000000000000000e+00,5.022697607851369650e-01
7.399999999999999634e-02,2.299999999999999961e-02,0.000000000000000000e+00,5.735188930351668990e-01
7.399999999999999634e-02,2.400000000000000050e-02,0.000000000000000000e+00,5.204873351109355895e-01
7.399999999999999634e-02,2.500000000000000139e-02,0.000000000000000000e+00,5.452544067216286150e-01
7.399999999999999634e-02,2.600000000000000228e-02,0.000000000000000000e+00,4.385854838126816979e-01
7.399999999999999634e-02,2.699999999999999969e-02,0.000000000000000000e+00,5.378753643726728040e-01
7.399999999999999634e-02,2.800000000000000058e-02,0.000000000000000000e+00,5.249960472892081231e-01
7.399999999999999634e-02,2.900000000000000147e-02,0.000000000000000000e+00,5.562835135603112491e-01
7.399999999999999634e-02,2.999999999999999889e-02,0.000000000000000000e+00,4.893698379160550949e-01
7.399999999999999634e-02,3.099999999999999978e-02,0.000000000000000000e+00,5.448239150105489426e-01
7.399999999999999634e-02,3.200000000000000067e-02,0.000000000000000000e+00,4.754349035727631900e-01
7.399999999999999634e-02,3.300000000000000155e-02,0.000000000000000000e+00,5.318504802122082653e-01
7.399999999999999634e-02,3.400000000000000244e-02,0.000000000000000000e+00,4.518252928724164064e-01
7.399999999999999634e-02,3.500000000000000333e-02,0.000000000000000000e+00,4.542222205437138061e-01
7.399999999999999634e-02,3.600000000000000422e-02,0.000000000000000000e+00,5.195427443994774519e-01
7.399999999999999634e-02,3.699999999999999817e-02,0.000000000000000000e+00,4.258428756504392121e-01
7.399999999999999634e-02,3.799999999999999906e-02,0.000000000000000000e+00,4.881213163500287555e-01
7.399999999999999634e-02,3.899999999999999994e-02,0.000000000000000000e+00,3.914826501887702648e-01
7.399999999999999634e-02,4.000000000000000083e-02,0.000000000000000000e+00,4.544352489026459163e-01
7.399999999999999634e-02,4.100000000000000172e-02,0.000000000000000000e+00,4.477913761582614782e-01
7.399999999999999634e-02,4.200000000000000261e-02,0.000000000000000000e+00,4.934353324231672278e-01
7.399999999999999634e-02,4.300000000000000350e-02,0.000000000000000000e+00,5.204559365113088365e-01
7.399999999999999634e-02,4.399999999999999745e-02,0.000000000000000000e+00,5.380015797349981810e-01
7.399999999999999634e-02,4.499999999999999833e-02,0.000000000000000000e+00,5.433084827885035217e-01
7.399999999999999634e-02,4.599999999999999922e-02,0.000000000000000000e+00,5.597896713769796584e-01
7.399999999999999634e-02,4.700000000000000011e-02,0.000000000000000000e+00,4.822971299937622858e-01
7.399999999999999634e-02,4.800000000000000100e-02,0.000000000000000000e+00,5.603435402011818223e-01
7.399999999999999634e-02,4.900000000000000189e-02,0.000000000000000000e+00,5.703744406740925976e-01
7.399999999999999634e-02,5.000000000000000278e-02,0.000000000000000000e+00,4.799547393097199355e-01
7.399999999999999634e-02,5.100000000000000366e-02,0.000000000000000000e+00,5.144797959488746075e-01
7.399999999999999634e-02,5.200000000000000455e-02,0.000000000000000000e+00,4.381793774423491383e-01
7.399999999999999634e-02,5.299999999999999850e-02,0.000000000000000000e+00,4.446851568887797423e-01
7.399999999999999634e-02,5.399999999999999939e-02,0.000000000000000000e+00,4.587426929822777111e-01
7.399999999999999634e-02,5.500000000000000028e-02,0.000000000000000000e+00,5.368265707447037460e-01
7.399999999999999634e-02,5.600000000000000117e-02,0.000000000000000000e+00,5.444713256286246583e-01
7.399999999999999634e-02,5.700000000000000205e-02,0.000000000000000000e+00,5.639347825482865506e-01
7.399999999999999634e-02,5.800000000000000294e-02,0.000000000000000000e+00,5.284627855218313464e-01
7.399999999999999634e-02,5.900000000000000383e-02,0.000000000000000000e+00,5.421122511351315065e-01
7.399999999999999634e-02,5.999999999999999778e-02,0.000000000000000000e+00,4.715349388063397873e-01
7.399999999999999634e-02,6.099999999999999867e-02,0.000000000000000000e+00,5.901794648359264261e-01
7.399999999999999634e-02,6.199999999999999956e-02,0.000000000000000000e+00,5.320909045013735295e-01
7.399999999999999634e-02,6.300000000000000044e-02,0.000000000000000000e+00,4.528683611745338289e-01
7.399999999999999634e-02,6.400000000000000133e-02,0.000000000000000000e+00,4.606364999749459344e-01
7.399999999999999634e-02,6.500000000000000222e-02,0.000000000000000000e+00,4.368809192880966918e-01
7.399999999999999634e-02,6.600000000000000311e-02,0.000000000000000000e+00,4.714473014970318454e-01
7.399999999999999634e-02,6.700000000000000400e-02,0.000000000000000000e+00,5.397424686518834669e-01
7.399999999999999634e-02,6.800000000000000488e-02,0.000000000000000000e+00,5.894882494277913221e-01
7.399999999999999634e-02,6.900000000000000577e-02,0.000000000000000000e+00,5.652966151226371805e-01
7.399999999999999634e-02,7.000000000000000666e-02,0.000000000000000000e+00,6.035417384094139415e-01
7.399999999999999634e-02,7.100000000000000755e-02,0.000000000000000000e+00,5.456622158770234599e-01
7.399999999999999634e-02,7.200000000000000844e-02,0.000000000000000000e+00,5.437276993419354332e-01
7.399999999999999634e-02,7.299999999999999545e-02,0.000000000000000000e+00,5.113645427680221234e-01
7.399999999999999634e-02,7.399999999999999634e-02,0.000000000000000000e+00,5.487743575894862280e-01
7.399999999999999634e-02,7.499999999999999722e-02,0.000000000000000000e+00,5.111822624200075271e-01
7.399999999999999634e-02,7.599999999999999811e-02,0.000000000000000000e+00,4.409923952226441624e-01
7.399999999999999634e-02,7.699999999999999900e-02,0.000000000000000000e+00,4.323395372992373531e-01
7.399999999999999634e-02,7.799999999999999989e-02,0.000000000000000000e+00,4.720848562251556135e-01
7.399999999999999634e-02,7.900000000000000078e-02,0.000000000000000000e+00,5.119899889251726677e-01
7.399999999999999634e-02,8.000000000000000167e-02,0.000000000000000000e+00,6.204486525480226167e-01
7.399999999999999634e-02,8.100000000000000255e-02,0.000000000000000000e+00,5.414528271523845193e-01
7.399999999999999634e-02,8.200000000000000344e-02,0.000000000000000000e+00,5.674606853296484399e-01
7.399999999999999634e-02,8.300000000000000433e-02,0.000000000000000000e+00,5.287063446736938177e-01
7.399999999999999634e-02,8.400000000000000522e-02,0.000000000000000000e+00,5.002063743800688744e-01
7.399999999999999634e-02,8.500000000000000611e-02,0.000000000000000000e+00,4.308131209325551381e-01
7.399999999999999634e-02,8.600000000000000699e-02,0.000000000000000000e+00,4.698473570738832539e-01
7.399999999999999634e-02,8.700000000000000788e-02,0.000000000000000000e+00,4.348116391253763480e-01
7.399999999999999634e-02,8.799999999999999489e-02,0.000000000000000000e+00,4.857641729422477184e-01
7.399999999999999634e-02,8.899999999999999578e-02,0.000000000000000000e+00,4.599636939911522782e-01
7.399999999999999634e-02,8.999999999999999667e-02,0.000000000000000000e+00,4.674427258316042888e-01
7.399999999999999634e-02,9.099999999999999756e-02,0.000000000000000000e+00,5.538240924098112306e-01
7.399999999999999634e-02,9.199999999999999845e-02,0.000000000000000000e+00,5.746900627579760723e-01
7.399999999999999634e-02,9.299999999999999933e-02,0.000000000000000000e+00,6.758313243715265983e-01
7.399999999999999634e-02,9.400000000000000022e-02,0.000000000000000000e+00,5.533169781982100188e-01
7.399999999999999634e-02,9.500000000000000111e-02,0.000000000000000000e+00,6.193781967153257906e-01
7.399999999999999634e-02,9.600000000000000200e-02,0.000000000000000000e+00,5.215235452635884617e-01
7.399999999999999634e-02,9.700000000000000289e-02,0.000000000000000000e+00,5.186902270006514826e-01
7.399999999999999634e-02,9.800000000000000377e-02,0.000000000000000000e+00,4.296046451630464169e-01
7.399999999999999634e-02,9.900000000000000466e-02,0.000000000000000000e+00,4.807472515285918235e-01
7.399999999999999634e-02,1.000000000000000056e-01,0.000000000000000000e+00,4.294742101186984629e-01
7.599999999999999811e-02,0.000000000000000000e+00,0.000000000000000000e+00,5.822571815883813562e-01
7.599999999999999811e-02,1.000000000000000021e-03,0.000000000000000000e+00,5.389740552347995761e-01
7.599999999999999811e-02,2.000000000000000042e-03,0.000000000000000000e+00,5.245823436998910960e-01
7.599999999999999811e-02,3.000000000000000062e-03,0.000000000000000000e+00,4.580519837126830196e-01
7.599999999999999811e-02,4.000000000000000083e-03,0.000000000000000000e+00,4.975297228548489770e-01
7.599999999999999811e-02,5.000000000000000104e-03,0.000000000000000000e+00,6.143564825480128944e-01
7.599999999999999811e-02,6.000000000000000125e-03,0.000000000000000000e+00,4.995256724047922314e-01
7.599999999999999811e-02,7.000000000000000146e-03,0.000000000000000000e+00,4.789083661421533744e-01
7.599999999999999811e-02,8.000000000000000167e-03,0.000000000000000000e+00,4.693248892770883751e-01
7.599999999999999811e-02,9.000000000000001055e-03,0.000000000000000000e+00,5.040435356073448281e-01
7.599999999999999811e-02,1.000000000000000021e-02,0.000000000000000000e+00,5.388580542631962178e-01
7.599999999999999811e-02,1.099999999999999936e-02,0.000000000000000000e+00,5.386506515432412101e-01
7.599999999999999811e-02,1.200000000000000025e-02,0.000000000000000000e+00,5.673689362758405075e-01
7.599999999999999811e-02,1.300000000000000114e-02,0.000000000000000000e+00,5.624595079677988663e-01
7.599999999999999811e-02,1.400000000000000029e-02,0.000000000000000000e+00,5.489242930924471686e-01
7.599999999999999811e-02,1.499999999999999944e-02,0.000000000000000000e+00,5.402813989894210689e-01
7.599999999999999811e-02,1.600000000000000033e-02,0.000000000000000000e+00,5.045519189490976775e-01
7.599999999999999811e-02,1.700000000000000122e-02,0.000000000000000000e+00,5.199925661542789124e-01
7.599999999999999811e-02,1.800000000000000211e-02,0.000000000000000000e+00,6.345638089760317069e-01
7.599999999999999811e-02,1.899999999999999953e-02,0.000000000000000000e+00,4.754714395233162194e-01
7.599999999999999811e-02,2.000000000000000042e-02,0.000000000000000000e+00,4.803174842391835786e-01
7.599999999999999811e-02,2.100000000000000130e-02,0.000000000000000000e+00,4.815902140846406443e-01
7.599999999999999811e-02,2.199999999999999872e-02,0.000000000000000000e+00,4.746177521624344031e-01
7.599999999999999811e-02,2.299999999999999961e-02,0.000000000000000000e+00,5.398470140751747692e-01
7.599999999999999811e-02,2.400000000000000050e-02,0.000000000000000000e+00,5.090661937259214342e-01
7.599999999999999811e-02,2.500000000000000139e-02,0.000000000000000000e+00,5.907537044490931422e-01
7.599999999999999811e-02,2.600000000000000228e-02,0.000000000000000000e+00,5.113969697350888577e-01
7.599999999999999811e-02,2.699999999999999969e-02,0.000000000000000000e+00,5.456405981357432822e-01
7.599999999999999811e-02,2.800000000000000058e-02,0.000000000000000000e+00,5.572390024628562921e-01
7.599999999999999811e-02,2.900000000000000147e-02,0.000000000000000000e+00,5.648895023995350595e-01
7.599999999999999811e-02,2.999999999999999889e-02,0.000000000000000000e+00,5.745089438382099400e-01
7.599999999999999811e-02,3.099999999999999978e-02,0.000000000000000000e+00,5.970209228660732226e-01
7.599999999999999811e-02,3.200000000000000067e-02,0.000000000000000000e+00,5.122966990115545016e-01
7.599999999999999811e-02,3.300000000000000155e-02,0.000000000000000000e+00,5.045429667615535241e-01
7.599999999999999811e-02,3.400000000000000244e-02,0.000000000000000000e+00,5.155771457294470173e-01
7.599999999999999811e-02,3.500000000000000333e-02,0.000000000000000000e+00,4.668022676294883433e-01
7.599999999999999811e-02,3.600000000000000422e-02,0.000000000000000000e+00,5.169289996806153420e-01
7.599999999999999811e-02,3.699999999999999817e-02,0.000000000000000000e+00,4.598135396141803111e-01
7.599999999999999811e-02,3.799999999999999906e-02,0.000000000000000000e+00,5.426216088387783021e-01
7.599999999999999811e-02,3.899999999999999994e-02,0.000000000000000000e+00,4.435246102138960533e-01
7.599999999999999811e-02,4.000000000000000083e-02,0.000000000000000000e+00,4.384493746274524817e-01
7.599999999999999811e-02,4.100000000000000172e-02,0.000000000000000000e+00,4.777275833003616357e-01
7.599999999999999811e-02,4.200000000000000261e-02,0.000000000000000000e+00,4.999584709466692312e-01
7.599999999999999811e-02,4.300000000000000350e-02,0.000000000000000000e+00,5.641649156274639587e-01
7.599999999999999811e-02,4.399999999999999745e-02,0.000000000000000000e+00,5.086857140012766010e-01
7.599999999999999811e-02,4.499999999999999833e-02,0.000000000000000000e+00,5.213126526076479195e-01
7.599999999999999811e-02,4.599999999999999922e-02,0.000000000000000000e+00,4.849768461881160397e-01
7.599999999999999811e-02,4.700000000000000011e-02,0.000000000000000000e+00,5.689810097788745580e-01
7.599999999999999811e-02,4.800000000000000100e-02,0.000000000000000000e+00,5.770843501795789310e-01
7.599999999999999811e-02,4.900000000000000189e-02,0.000000000000000000e+00,5.745776252054313193e-01
7.599999999999999811e-02,5.000000000000000278e-02,0.000000000000000000e+00,5.285605771943553410e-01
7.599999999999999811e-02,5.100000000000000366e-02,0.000000000000000000e+00,5.998688832217928812e-01
7.599999999999999811e-02,5.200000000000000455e-02,0.000000000000000000e+00,5.631252243294635473e-01
7.599999999999999811e-02,5.299999999999999850e-02,0.000000000000000000e+00,5.163357171034602677e-01
7.599999999999999811e-02,5.399999999999999939e-02,0.000000000000000000e+00,5.662416608111715544e-01
7.599999999999999811e-02,5.500000000000000028e-02,0.000000000000000000e+00,5.748784873926866545e-01
7.599999999999999811e-02,5.600000000000000117e-02,0.000000000000000000e+00,6.204131725695103405e-01
7.599999999999999811e-02,5.700000000000000205e-02,0.000000000000000000e+00,5.678382644260876466e-01
7.599999999999999811e-02,5.800000000000000294e-02,0.000000000000000000e+00,5.622294190640986233e-01
7.599999999999999811e-02,5.900000000000000383e-02,0.000000000000000000e+00,4.854221144212471084e-01
7.599999999999999811e-02,5.999999999999999778e-02,0.000000000000000000e+00,6.050771129291703243e-01
7.599999999999999811e-02,6.099999999999999867e-02,0.000000000000000000e+00,5.966914722726126552e-01
7.599999999999999811e-02,6.199999999999999956e-02,0.000000000000000000e+00,5.296706497867600394e-01
7.599999999999999811e-02,6.300000000000000044e-02,0.000000000000000000e+00,4.793084718060343086e-01
7.599999999999999811e-02,6.400000000000000133e-02,0.000000000000000000e+00,5.649288239507956888e-01
7.599999999999999811e-02,6.500000000000000222e-02,0.000000000000000000e+00,5.742795294086436853e-01
7.599999999999999811e-02,6.600000000000000311e-02,0.000000000000000000e+00,5.604833765392717160e-01
7.599999999999999811e-02,6.700000000000000400e-02,0.000000000000000000e+00,6.013117376306533757e-01
7.599999999999999811e-02,6.800000000000000488e-02,0.000000000000000000e+00,5.910217865792015690e-01
7.599999999999999811e-02,6.900000000000000577e-02,0.000000000000000000e+00,6.097476410040525430e-01
7.599999999999999811e-02,7.000000000000000666e-02,0.000000000000000000e+00,6.384631411473863372e-01
7.599999999999999811e-02,7.100000000000000755e-02,0.000000000000000000e+00,5.815143451051842938e-01
7.599999999999999811e-02,7.200000000000000844e-02,0.000000000000000000e+00,4.765759366587113965e-01
7.599999999999999811e-02,7.299999999999999545e-02,0.000000000000000000e+00,5.886733293999222294e-01
7.599999999999999811e-02,7.399999999999999634e-02,0.000000000000000000e+00,5.136311777247983823e-01
7.599999999999999811e-02,7.499999999999999722e-02,0.000000000000000000e+00,4.819193301136946994e-01
7.599999999999999811e-02,7.599999999999999811e-02,0.000000000000000000e+00,4.244852817150343571e-01
7.599999999999999811e-02,7.699999999999999900e-02,0.000000000000000000e+00,5.026770784044618523e-01
7.599999999999999811e-02,7.799999999999999989e-02,0.000000000000000000e+00,5.153597281729090929e-01
7.599999999999999811e-02,7.900000000000000078e-02,0.000000000000000000e+00,5.429183153370222836e-01
7.599999999999999811e-02,8.000000000000000167e-02,0.000000000000000000e+00,5.860213629437591720e-01
7.599999999999999811e-02,8.100000000000000255e-02,0.000000000000000000e+00,5.348767587207993168e-01
7.599999999999999811e-02,8.200000000000000344e-02,0.000000000000000000e+00,5.836112817127967478e-01
7.599999999999999811e-02,8.300000000000000433e-02,0.000000000000000000e+00,6.221525024532356118e-01
7.599999999999999811e-02,8.400000000000000522e-02,0.000000000000000000e+00,5.474356281500821764e-01
7.599999999999999811e-02,8.500000000000000611e-02,0.000000000000000000e+00,4.377318228617700369e-01
7.599999999999999811e-02,8.600000000000000699e-02,0.000000000000000000e+00,5.454889792783262914e-01
7.599999999999999811e-02,8.700000000000000788e-02,0.000000000000000000e+00,4.823436131782699032e-01
7.599999999999999811e-02,8.799999999999999489e-02,0.000000000000000000e+00,5.091512229261742073e-01
7.599999999999999811e-02,8.899999999999999578e-02,0.000000000000000000e+00,4.654583127471872417e-01
7.599999999999999811e-02,8.999999999999999667e-02,0.000000000000000000e+00,5.027741838802319840e-01
7.599999999999999811e-02,9.099999999999999756e-02,0.000000000000000000e+00,5.201144255310257147e-01
7.599999999999999811e-02,9.199999999999999845e-02,0.000000000000000000e+00,5.454479361423283379e-01
7.599999999999999811e-02,9.299999999999999933e-02,0.000000000000000000e+00,5.870874255425941879e-01
7.599999999999999811e-02,9.400000000000000022e-02,0.000000000000000000e+00,5.176179143539811900e-01
7.599999999999999811e-02,9.500000000000000111e-02,0.000000000000000000e+00,5.733086042258997983e-01
7.599999999999999811e-02,9.600000000000000200e-02,0.000000000000000000e+00,5.594532628654009798e-01
7.599999999999999811e-02,9.700000000000000289e-02,0.000000000000000000e+00,5.071249317051409466e-01
7.599999999999999811e-02,9.800000000000000377e-02,0.000000000000000000e+00,4.415093714284927806e-01
7.599999999999999811e-02,9.900000000000000466e-02,0.000000000000000000e+00,5.189398007247110201e-01
7.599999999999999811e-02,1.000000000000000056e-01,0.000000000000000000e+00,5.002882834187536432e-01
7.799999999999999989e-02,0.000000000000000000e+00,0.000000000000000000e+00,5.335957323320597023e-01
7.799999999999999989e-02,1.000000000000000021e-03,0.000000000000000000e+00,4.930845581189822191e-01
7.799999999999999989e-02,2.000000000000000042e-03,0.000000000000000000e+00,5.036382085416304388e-01
7.799999999999999989e-02,3.000000000000000062e-03,0.000000000000000000e+00,4.695936269658705364e-01
7.799999999999999989e-02,4.000000000000000083e-03,0.000000000000000000e+00,5.100577689672136650e-01
7.799999999999999989e-02,5.000000000000000104e-03,0.000000000000000000e+00,5.395997911376391176e-01
7.799999999999999989e-02,6.000000000000000125e-03,0.000000000000000000e+00,4.852065339417381273e-01
7.799999999999999989e-02,7.000000000000000146e-03,0.000000000000000000e+00,4.645835040724498044e-01
7.799999999999999989e-02,8.000000000000000167e-03,0.000000000000000000e+00,4.393358765669925781e-01
7.799999999999999989e-02,9.000000000000001055e-03,0.000000000000000000e+00,4.769109512894758596e-01
7.799999999999999989e-02,1.000000000000000021e-02,0.000000000000000000e+00,5.027962330337014674e-01
7.799999999999999989e-02,1.099999999999999936e-02,0.000000000000000000e+00,4.135759442425788746e-01
7.799999999999999989e-02,1.200000000000000025e-02,0.000000000000000000e+00,4.334037384598694587e-01
7.799999999999999989e-02,1.300000000000000114e-02,0.000000000000000000e+00,4.850961574499096374e-01
7.799999999999999989e-02,1.400000000000000029e-02,0.000000000000000000e+00,4.705564440076655530e-01
7.799999999999999989e-02,1.499999999999999944e-02,0.000000000000000000e+00,4.684025437795415470e-01
7.799999999999999989e-02,1.600000000000000033e-02,0.000000000000000000e+00,4.948390626133482018e-01
7.799999999999999989e-02,1.700000000000000122e-02,0.000000000000000000e+00,4.944976480810484576e-01
7.799999999999999989e-02,1.800000000000000211e-02,0.000000000000000000e+00,5.515027599746515907e-01
7.799999999999999989e-02,1.899999999999999953e-02,0.000000000000000000e+00,4.738971603063880100e-01
7.799999999999999989e-02,2.000000000000000042e-02,0.000000000000000000e+00,4.947237699521925269e-01
7.799999999999999989e-02,2.100000000000000130e-02,0.000000000000000000e+00,4.299424972080723162e-01
7.799999999999999989e-02,2.199999999999999872e-02,0.000000000000000000e+00,4.885599020978309559e-01
7.799999999999999989e-02,2.299999999999999961e-02,0.000000000000000000e+00,5.393639763449805669e-01
7.799999999999999989e-02,2.400000000000000050e-02,0.000000000000000000e+00,4.677799632977910904e-01
7.799999999999999989e-02,2.500000000000000139e-02,0.000000000000000000e+00,5.532236522211142482e-01
7.799999999999999989e-02,2.600000000000000228e-02,0.000000000000000000e+00,5.562702161993281491e-01
7.799999999999999989e-02,2.699999999999999969e-02,0.000000000000000000e+00,5.625128837714907792e-01
7.799999999999999989e-02,2.800000000000000058e-02,0.000000000000000000e+00,5.383792142349737020e-01
7.799999999999999989e-02,2.900000000000000147e-02,0.000000000000000000e+00,6.248429568792697175e-01
7.799999999999999989e-02,2.999999999999999889e-02,0.000000000000000000e+00,5.844241811942918474e-01
7.799999999999999989e-02,3.099999999999999978e-02,0.000000000000000000e+00,6.130348653804389425e-01
7.799999999999999989e-02,3.200000000000000067e-02,0.000000000000000000e+00,5.251645783668865697e-01
7.799999999999999989e-02,3.300000000000000155e-02,0.000000000000000000e+00,5.116147189321949007e-01
7.799999999999999989e-02,3.400000000000000244e-02,0.000000000000000000e+00,4.015489500934865674e-01
7.799999999999999989e-02,3.500000000000000333e-02,0.000000000000000000e+00,4.768989043259000971e-01
7.799999999999999989e-02,3.600000000000000422e-02,0.000000000000000000e+00,5.069566620754866193e-01
7.799999999999999989e-02,3.699999999999999817e-02,0.000000000000000000e+00,5.000509157388997039e-01
7.799999999999999989e-02,3.799999999999999906e-02,0.000000000000000000e+00,5.522495247395647899e-01
7.799999999999999989e-02,3.899999999999999994e-02,0.000000000000000000e+00,4.924350016814327269e-01
7.799999999999999989e-02,4.000000000000000083e-02,0.000000000000000000e+00,4.476437617739362218e-01
7.799999999999999989e-02,4.100000000000000172e-02,0.000000000000000000e+00,4.603632024263635270e-01
7.799999999999999989e-02,4.200000000000000261e-02,0.000000000000000000e+00,5.660040844322340448e-01
7.799999999999999989e-02,4.300000000000000350e-02,0.000000000000000000e+00,5.827997417607757580e-01
7.799999999999999989e-02,4.399999999999999745e-02,0.000000000000000000e+00,5.771917362669964913e-01
7.799999999999999989e-02,4.499999999999999833e-02,0.000000000000000000e+00,5.256660157570907099e-01
7.799999999999999989e-02,4.599999999999999922e-02,0.000000000000000000e+00,4.739791754677771807e-01
7.799999999999999989e-02,4.700000000000000011e-02,0.000000000000000000e+00,4.655842478196663414e-01
7.799999999999999989e-02,4.800000000000000100e-02,0.000000000000000000e+00,6.021821295804277163e-01
7.799999999999999989e-02,4.900000000000000189e-02,0.000000000000000000e+00,5.837754375346926317e-01
7.799999999999999989e-02,5.000000000000000278e-02,0.000000000000000000e+00,6.186567173439287970e-01
7.799999999999999989e-02,5.100000000000000366e-02,0.000000000000000000e+00,6.232659946764065317e-01
7.799999999999999989e-02,5.200000000000000455e-02,0.000000000000000000e+00,5.782326030524993499e-01
7.799999999999999989e-02,5.299999999999999850e-02,0.000000000000000000e+00,5.024453833970918826e-01
7.799999999999999989e-02,5.399999999999999939e-02,0.000000000000000000e+00,5.516428738809291410e-01
7.799999999999999989e-02,5.500000000000000028e-02,0.000000000000000000e+00,5.981978554082851840e-01
7.799999999999999989e-02,5.600000000000000117e-02,0.000000000000000000e+00,6.309488109958721891e-01
7.799999999999999989e-02,5.700000000000000205e-02,0.000000000000000000e+00,6.237194533263108465e-01
7.799999999999999989e-02,5.800000000000000294e-02,0.000000000000000000e+00,5.731659992588340469e-01
7.799999999999999989e-02,5.900000000000000383e-02,0.000000000000000000e+00,4.962556661771602151e-01
7.799999999999999989e-02,5.999999999999999778e-02,0.000000000000000000e+00,5.764671262443220590e-01
7.799999999999999989e-02,6.099999999999999867e-02,0.000000000000000000e+00,6.417938201949409116e-01
7.799999999999999989e-02,6.199999999999999956e-02,0.000000000000000000e+00,5.630079505754492786e-01
7.799999999999999989e-02,6.300000000000000044e-02,0.000000000000000000e+00,5.744290808168076579e-01
7.799999999999999989e-02,6.400000000000000133e-02,0.000000000000000000e+00,6.046694854371718053e-01
7.799999999999999989e-02,6.500000000000000222e-02,0.000000000000000000e+00,5.786250908622705413e-01
7.799999999999999989e-02,6.600000000000000311e-02,0.000000000000000000e+00,5.490228168233516337e-01
7.799999999999999989e-02,6.700000000000000400e-02,0.000000000000000000e+00,5.652427795339148853e-01
7.799999999999999989e-02,6.800000000000000488e-02,0.000000000000000000e+00,5.390906400372362794e-01
7.799999999999999989e-02,6.900000000000000577e-02,0.000000000000000000e+00,5.774155545670739409e-01
7.799999999999999989e-02,7.000000000000000666e-02,0.000000000000000000e+00,6.317974640268416708e-01
7.799999999999999989e-02,7.100000000000000755e-02,0.000000000000000000e+00,5.587996962397834277e-01
7.799999999999999989e-02,7.200000000000000844e-02,0.000000000000000000e+00,4.965526635330151373e-01
7.799999999999999989e-02,7.299999999999999545e-02,0.000000000000000000e+00,5.625803047233963738e-01
7.799999999999999989e-02,7.399999999999999634e-02,0.000000000000000000e+00,5.316955167892489786e-01
7.799999999999999989e-02,7.499999999999999722e-02,0.000000000000000000e+00,4.930814082837390866e-01
7.799999999999999989e-02,7.599999999999999811e-02,0.000000000000000000e+00,4.897744425236918442e-01
7.799999999999999989e-02,7.699999999999999900e-02,0.000000000000000000e+00,5.623553025101395431e-01
7.799999999999999989e-02,7.799999999999999989e-02,0.000000000000000000e+00,5.422546595948689596e-01
7.799999999999999989e-02,7.900000000000000078e-02,0.000000000000000000e+00,5.749153586086557244e-01
7.799999999999999989e-02,8.000000000000000167e-02,0.000000000000000000e+00,5.548825128958768671e-01
7.799999999999999989e-02,8.100000000000000255e-02,0.000000000000000000e+00,4.969482124124947053e-01
7.799999999999999989e-02,8.200000000000000344e-02,0.000000000000000000e+00,5.837443713694837610e-01
7.799999999999999989e-02,8.300000000000000433e-02,0.000000000000000000e+00,6.411378763441866191e-01
7.799999999999999989e-02,8.400000000000000522e-02,0.000000000000000000e+00,5.516098555078923216e-01
7.799999999999999989e-02,8.500000000000000611e-02,0.000000000000000000e+00,5.286241198417016562e-01
7.799999999999999989e-02,8.600000000000000699e-02,0.000000000000000000e+00,5.362470312110265702e-01
7.799999999999999989e-02,8.700000000000000788e-02,0.000000000000000000e+00,5.192359248817126627e-01
7.799999999999999989e-02,8.799999999999999489e-02,0.000000000000000000e+00,5.213435080369288599e-01
7.799999999999999989e-02,8.899999999999999578e-02,0.000000000000000000e+00,5.088396134649829650e-01
7.799999999999999989e-02,8.999999999999999667e-02,0.000000000000000000e+00,5.448330014531903576e-01
7.799999999999999989e-02,9.099999999999999756e-02,0.000000000000000000e+00,5.335255915639270929e-01
7.799999999999999989e-02,9.199999999999999845e-02,0.000000000000000000e+00,5.604187079827234186e-01
7.799999999999999989e-02,9.299999999999999933e-02,0.000000000000000000e+00,5.382646158074509968e-01
7.799999999999999989e-02,9.400000000000000022e-02,0.000000000000000000e+00,4.873235786974925987e-01
7.799999999999999989e-02,9.500000000000000111e-02,0.000000000000000000e+00,5.695565688794010928e-01
7.799999999999999989e-02,9.600000000000000200e-02,0.000000000000000000e+00,5.714324567559090351e-01
7.799999999999999989e-02,9.700000000000000289e-02,0.000000000000000000e+00,5.056017433264820005e-01
7.799999999999999989e-02,9.800000000000000377e-02,0.000000000000000000e+00,5.202229980884152116e-01
7.799999999999999989e-02,9.900000000000000466e-02,0.000000000000000000e+00,5.068619532030331776e-01
7.799999999999999989e-02,1.000000000000000056e-01,0.000000000000000000e+00,5.381217102420050580e-01
8.000000000000000167e-02,0.000000000000000000e+00,0.000000000000000000e+00,5.256232480268068219e-01
8.000000000000000167e-02,1.000000000000000021e-03,0.000000000000000000e+00,4.824833906301508324e-01
8.000000000000000167e-02,2.000000000000000042e-03,0.000000000000000000e+00,4.480595289021746530e-01
8.000000000000000167e-02,3.000000000000000062e-03,0.000000000000000000e+00,5.076685817165950132e-01
8.000000000000000167e-02,4.000000000000000083e-03,0.000000000000000000e+00,5.267612831942709573e-01
8.000000000000000167e-02,5.000000000000000104e-03,0.000000000000000000e+00,5.465066754960901108e-01
8.000000000000000167e-02,6.000000000000000125e-03,0.000000000000000000e+00,4.246288537058308110e-01
8.000000000000000167e-02,7.000000000000000146e-03,0.000000000000000000e+00,4.875097580900797922e-01
8.000000000000000167e-02,8.000000000000000167e-03,0.000000000000000000e+00,4.741967908958779621e-01
8.000000000000000167e-02,9.000000000000001055e-03,0.000000000000000000e+00,5.127075688496929295e-01
8.000000000000000167e-02,1.000000000000000021e-02,0.000000000000000000e+00,5.274832913524929445e-01
8.000000000000000167e-02,1.099999999999999936e-02,0.000000000000000000e+00,4.637334604732063492e-01
8.000000000000000167e-02,1.200000000000000025e-02,0.000000000000000000e+00,4.547043091734241371e-01
8.000000000000000167e-02,1.300000000000000114e-02,0.000000000000000000e+00,5.364347969483105327e-01
8.000000000000000167e-02,1.400000000000000029e-02,0.000000000000000000e+00,5.349561909066585796e-01
8.000000000000000167e-02,1.499999999999999944e-02,0.000000000000000000e+00,4.572394800440745533e-01
8.000000000000000167e-02,1.600000000000000033e-02,0.000000000000000000e+00,5.474015735936794691e-01
8.000000000000000167e-02,1.700000000000000122e-02,0.000000000000000000e+00,4.893006472200446821e-01
8.000000000000000167e-02,1.800000000000000211e-02,0.000000000000000000e+00,5.307900796252240649e-01
8.000000000000000167e-02,1.899999999999999953e-02,0.000000000000000000e+00,3.521272453713373829e-01
8.000000000000000167e-02,2.000000000000000042e-02,0.000000000000000000e+00,4.287279642174945948e-01
8.000000000000000167e-02,2.100000000000000130e-02,0.000000000000000000e+00,3.758120797095595433e-01
8.000000000000000167e-02,2.199999999999999872e-02,0.000000000000000000e+00,4.167009396503243424e-01
8.000000000000000167e-02,2.299999999999999961e-02,0.000000000000000000e+00,4.612410119809157161e-01
8.000000000000000167e-02,2.400000000000000050e-02,0.000000000000000000e+00,4.425546600259024355e-01
8.000000000000000167e-02,2.500000000000000139e-02,0.000000000000000000e+00,5.268849464969385110e-01
8.000000000000000167e-02,2.600000000000000228e-02,0.000000000000000000e+00,6.072215627395234350e-01
8.000000000000000167e-02,2.699999999999999969e-02,0.000000000000000000e+00,6.745231445260639891e-01
8.000000000000000167e-02,2.800000000000000058e-02,0.000000000000000000e+00,5.795518002400787960e-01
8.000000000000000167e-02,2.900000000000000147e-02,0.000000000000000000e+00,6.453642582949474793e-01
8.000000000000000167e-02,2.999999999999999889e-02,0.000000000000000000e+00,5.826434125052996071e-01
8.000000000000000167e-02,3.099999999999999978e-02,0.000000000000000000e+00,6.511739083383852877e-01
8.000000000000000167e-02,3.200000000000000067e-02,0.000000000000000000e+00,4.679985468254987402e-01
8.000000000000000167e-02,3.300000000000000155e-02,0.000000000000000000e+00,4.272751124707900860e-01
8.000000000000000167e-02,3.400000000000000244e-02,0.000000000000000000e+00,3.509292334601666341e-01
8.000000000000000167e-02,3.500000000000000333e-02,0.000000000000000000e+00,3.822997761546507722e-01
8.000000000000000167e-02,3.600000000000000422e-02,0.000000000000000000e+00,4.399792906184566976e-01
8.000000000000000167e-02,3.699999999999999817e-02,0.000000000000000000e+00,4.664822451046607976e-01
8.000000000000000167e-02,3.799999999999999906e-02,0.000000000000000000e+00,5.467670263463979552e-01
8.000000000000000167e-02,3.899999999999999994e-02,0.000000000000000000e+00,5.479835450993859602e-01
8.000000000000000167e-02,4.000000000000000083e-02,0.000000000000000000e+00,5.938091626136547951e-01
8.000000000000000167e-02,4.100000000000000172e-02,0.000000000000000000e+00,5.103143880210915251e-01
8.000000000000000167e-02,4.200000000000000261e-02,0.000000000000000000e+00,5.196930515240875126e-01
8.000000000000000167e-02,4.300000000000000350e-02,0.000000000000000000e+00,5.635445073031137841e-01
8.000000000000000167e-02,4.399999999999999745e-02,0.000000000000000000e+00,6.417079078726750652e-01
8.000000000000000167e-02,4.499999999999999833e-02,0.000000000000000000e+00,4.976485248537798611e-01
8.000000000000000167e-02,4.599999999999999922e-02,0.000000000000000000e+00,3.638654120705426265e-01
8.000000000000000167e-02,4.700000000000000011e-02,0.000000000000000000e+00,4.015855644509420674e-01
8.000000000000000167e-02,4.800000000000000100e-02,0.000000000000000000e+00,4.852318986945731161e-01
8.000000000000000167e-02,4.900000000000000189e-02,0.000000000000000000e+00,5.440171690020141337e-01
8.000000000000000167e-02,5.000000000000000278e-02,0.000000000000000000e+00,5.540589810376528312e-01
8.000000000000000167e-02,5.100000000000000366e-02,0.000000000000000000e+00,5.940529830477598860e-01
8.000000000000000167e-02,5.200000000000000455e-02,0.000000000000000000e+00,5.827563853409261085e-01
8.000000000000000167e-02,5.299999999999999850e-02,0.000000000000000000e+00,5.923141698286579215e-01
8.000000000000000167e-02,5.399999999999999939e-02,0.000000000000000000e+00,5.356926250493326824e-01
8.000000000000000167e-02,5.500000000000000028e-02,0.000000000000000000e+00,4.818691485453795442e-01
8.000000000000000167e-02,5.600000000000000117e-02,0.000000000000000000e+00,5.808417971826477233e-01
8.000000000000000167e-02,5.700000000000000205e-02,0.000000000000000000e+00,6.467310103284058531e-01
8.000000000000000167e-02,5.800000000000000294e-02,0.000000000000000000e+00,5.085398451934107777e-01
8.000000000000000167e-02,5.900000000000000383e-02,0.000000000000000000e+00,3.895627668688186329e-01
8.000000000000000167e-02,5.999999999999999778e-02,0.000000000000000000e+00,5.030920921721491190e-01
8.000000000000000167e-02,6.099999999999999867e-02,0.000000000000000000e+00,5.656642585831359593e-01
8.000000000000000167e-02,6.199999999999999956e-02,0.000000000000000000e+00,5.634626973702233643e-01
8.000000000000000167e-02,6.300000000000000044e-02,0.000000000000000000e+00,4.976856442868662911e-01
8.000000000000000167e-02,6.400000000000000133e-02,0.000000000000000000e+00,5.582599857808379085e-01
8.000000000000000167e-02,6.500000000000000222e-02,0.000000000000000000e+00,5.899592627856689031e-01
8.000000000000000167e-02,6.600000000000000311e-02,0.000000000000000000e+00,5.939884625488436320e-01
8.000000000000000167e-02,6.700000000000000400e-02,0.000000000000000000e+00,5.125145238433114203e-01
8.000000000000000167e-02,6.800000000000000488e-02,0.000000000000000000e+00,4.196292609669593499e-01
8.000000000000000167e-02,6.900000000000000577e-02,0.000000000000000000e+00,5.299732225896740534e-01
8.000000000000000167e-02,7.000000000000000666e-02,0.000000000000000000e+00,5.899614295352498816e-01
8.000000000000000167e-02,7.100000000000000755e-02,0.000000000000000000e+00,4.400173028629890126e-01
8.000000000000000167e-02,7.200000000000000844e-02,0.000000000000000000e+00,4.393759225366770660e-01
8.000000000000000167e-02,7.299999999999999545e-02,0.000000000000000000e+00,4.974368674651801769e-01
8.000000000000000167e-02,7.399999999999999634e-02,0.000000000000000000e+00,5.414815746802038587e-01
8.000000000000000167e-02,7.499999999999999722e-02,0.000000000000000000e+00,5.205925863223904715e-01
8.000000000000000167e-02,7.599999999999999811e-02,0.000000000000000000e+00,4.533293157249889682e-01
8.000000000000000167e-02,7.699999999999999900e-02,0.000000000000000000e+00,5.671385918534386228e-01
8.000000000000000167e-02,7.799999999999999989e-02,0.000000000000000000e+00,6.592981559794366397e-01
8.000000000000000167e-02,7.900000000000000078e-02,0.000000000000000000e+00,6.637826422517507652e-01
8.000000000000000167e-02,8.000000000000000167e-02,0.000000000000000000e+00,5.781023960491622482e-01
8.000000000000000167e-02,8.100000000000000255e-02,0.000000000000000000e+00,4.958776740078922329e-01
8.000000000000000167e-02,8.200000000000000344e-02,0.000000000000000000e+00,6.391390788935438216e-01
8.000000000000000167e-02,8.300000000000000433e-02,0.000000000000000000e+00,6.282319485216021349e-01
8.000000000000000167e-02,8.400000000000000522e-02,0.000000000000000000e+00,4.796582854264793694e-01
8.000000000000000167e-02,8.500000000000000611e-02,0.000000000000000000e+00,5.763470457680162085e-01
8.000000000000000167e-02,8.600000000000000699e-02,0.000000000000000000e+00,5.119099290842179517e-01
8.000000000000000167e-02,8.700000000000000788e-02,0.000000000000000000e+00,5.808647970676261707e-01
8.000000000000000167e-02,8.799999999999999489e-02,0.000000000000000000e+00,5.118593444927534986e-01
8.000000000000000167e-02,8.899999999999999578e-02,0.000000000000000000e+00,4.675621958827275715e-01
8.000000000000000167e-02,8.999999999999999667e-02,0.000000000000000000e+00,5.327034251229536554e-01
8.000000000000000167e-02,9.099999999999999756e-02,0.000000000000000000e+00,6.191437649441267066e-01
8.000000000000000167e-02,9.199999999999999845e-02,0.000000000000000000e+00,5.965268128776350931e-01
8.000000000000000167e-02,9.299999999999999933e-02,0.000000000000000000e+00,5.493524323701288736e-01
8.000000000000000167e-02,9.400000000000000022e-02,0.000000000000000000e+00,5.121841641836095693e-01
8.000000000000000167e-02,9.500000000000000111e-02,0.000000000000000000e+00,6.354238908581554268e-01
8.000000000000000167e-02,9.600000000000000200e-02,0.000000000000000000e+00,5.821508287541254933e-01
8.000000000000000167e-02,9.700000000000000289e-02,0.000000000000000000e+00,5.023534831412249657e-01
8.000000000000000167e-02,9.800000000000000377e-02,0.000000000000000000e+00,6.187849114755794577e-01
8.000000000000000167e-02,9.900000000000000466e-02,0.000000000000000000e+00,5.369588571609629213e-01
8.000000000000000167e-02,1.000000000000000056e-01,0.000000000000000000e+00,6.183571780982184407e-01
8.200000000000000344e-02,0.000000000000000000e+00,0.000000000000000000e+00,4.863153261867405042e-01
8.200000000000000344e-02,1.000000000000000021e-03,0.000000000000000000e+00,4.981832187993274208e-01
8.200000000000000344e-02,2.000000000000000042e-03,0.000000000000000000e+00,4.297088302215582023e-01
8.200000000000000344e-02,3.000000000000000062e-03,0.000000000000000000e+00,5.612692429375470970e-01
8.200000000000000344e-02,4.000000000000000083e-03,0.000000000000000000e+00,5.377011773187725385e-01
8.200000000000000344e-02,5.000000000000000104e-03,0.000000000000000000e+00,6.188795319787825377e-01
8.200000000000000344e-02,6.000000000000000125e-03,0.000000000000000000e+00,4.223810320666704921e-01
8.200000000000000344e-02,7.000000000000000146e-03,0.000000000000000000e+00,5.443743607965647602e-01
8.200000000000000344e-02,8.000000000000000167e-03,0.000000000000000000e+00,5.655815689822730752e-01
8.200000000000000344e-02,9.000000000000001055e-03,0.000000000000000000e+00,5.705814530592597800e-01
8.200000000000000344e-02,1.000000000000000021e-02,0.000000000000000000e+00,5.524907504400018432e-01
8.200000000000000344e-02,1.099999999999999936e-02,0.000000000000000000e+00,5.202869200591424548e-01
8.200000000000000344e-02,1.200000000000000025e-02,0.000000000000000000e+00,4.527002576363255981e-01
8.200000000000000344e-02,1.300000000000000114e-02,0.000000000000000000e+00,4.898403468528212401e-01
8.200000000000000344e-02,1.400000000000000029e-02,0.000000000000000000e+00,5.364830993743150422e-01
8.200000000000000344e-02,1.499999999999999944e-02,0.000000000000000000e+00,4.220569025169836896e-01
8.200000000000000344e-02,1.600000000000000033e-02,0.000000000000000000e+00,5.716672377154843332e-01
8.200000000000000344e-02,1.700000000000000122e-02,0.000000000000000000e+00,4.851915132621060778e-01
8.200000000000000344e-02,1.800000000000000211e-02,0.000000000000000000e+00,5.538585193430778375e-01
8.200000000000000344e-02,1.899999999999999953e-02,0.000000000000000000e+00,3.345865054446197084e-01
8.200000000000000344e-02,2.000000000000000042e-02,0.000000000000000000e+00,4.681853960804389092e-01
8.200000000000000344e-02,2.100000000000000130e-02,0.000000000000000000e+00,4.930882654926946329e-01
8.200000000000000344e-02,2.199999999999999872e-02,0.000000000000000000e+00,4.657393799398134582e-01
8.200000000000000344e-02,2.299999999999999961e-02,0.000000000000000000e+00,4.744660282177539101e-01
8.200000000000000344e-02,2.400000000000000050e-02,0.000000000000000000e+00,4.697683154687138929e-01
8.200000000000000344e-02,2.500000000000000139e-02,0.000000000000000000e+00,4.864780580523161979e-01
8.200000000000000344e-02,2.600000000000000228e-02,0.000000000000000000e+00,5.391201717499827240e-01
8.200000000000000344e-02,2.699999999999999969e-02,0.000000000000000000e+00,6.153593814276702156e-01
8.200000000000000344e-02,2.800000000000000058e-02,0.000000000000000000e+00,5.115619363543442155e-01
8.200000000000000344e-02,2.900000000000000147e-02,0.000000000000000000e+00,5.922910333913935510e-01
8.200000000000000344e-02,2.999999999999999889e-02,0.000000000000000000e+00,5.463248344166358184e-01
8.200000000000000344e-02,3.099999999999999978e-02,0.000000000000000000e+00,5.813311043719020521e-01
8.200000000000000344e-02,3.200000000000000067e-02,0.000000000000000000e+00,4.735282674875480602e-01
8.200000000000000344e-02,3.300000000000000155e-02,0.000000000000000000e+00,4.702745175541878653e-01
8.200000000000000344e-02,3.400000000000000244e-02,0.000000000000000000e+00,5.050399409481612922e-01
8.200000000000000344e-02,3.500000000000000333e-02,0.000000000000000000e+00,4.465038126277841024e-01
8.200000000000000344e-02,3.600000000000000422e-02,0.000000000000000000e+00,5.148001585267429903e-01
8.200000000000000344e-02,3.699999999999999817e-02,0.000000000000000000e+00,5.262808855511054151e-01
8.200000000000000344e-02,3.799999999999999906e-02,0.000000000000000000e+00,5.989584522508490938e-01
8.200000000000000344e-02,3.899999999999999994e-02,0.000000000000000000e+00,5.665592435864940102e-01
8.200000000000000344e-02,4.000000000000000083e-02,0.000000000000000000e+00,5.917271890655643185e-01
8.200000000000000344e-02,4.100000000000000172e-02,0.000000000000000000e+00,5.128298564041834373e-01
8.200000000000000344e-02,4.200000000000000261e-02,0.000000000000000000e+00,5.060868491496062216e-01
8.200000000000000344e-02,4.300000000000000350e-02,0.000000000000000000e+00,5.453868697832284784e-01
8.200000000000000344e-02,4.399999999999999745e-02,0.000000000000000000e+00,5.627728591056926355e-01
8.200000000000000344e-02,4.499999999999999833e-02,0.000000000000000000e+00,5.418903633733684888e-01
8.200000000000000344e-02,4.599999999999999922e-02,0.000000000000000000e+00,4.120078659520216013e-01
8.200000000000000344e-02,4.700000000000000011e-02,0.000000000000000000e+00,4.979539136744983718e-01
8.200000000000000344e-02,4.800000000000000100e-02,0.000000000000000000e+00,4.783629994735965063e-01
8.200000000000000344e-02,4.900000000000000189e-02,0.000000000000000000e+00,5.995046646055359751e-01
8.200000000000000344e-02,5.000000000000000278e-02,0.000000000000000000e+00,5.857791203891660192e-01
8.200000000000000344e-02,5.100000000000000366e-02,0.000000000000000000e+00,6.665777231620707566e-01
8.200000000000000344e-02,5.200000000000000455e-02,0.000000000000000000e+00,5.976924429539609562e-01
8.200000000000000344e-02,5.299999999999999850e-02,0.000000000000000000e+00,5.859689928825384531e-01
8.200000000000000344e-02,5.399999999999999939e-02,0.000000000000000000e+00,5.433997757534707596e-01
8.200000000000000344e-02,5.500000000000000028e-02,0.000000000000000000e+00,4.951564772147849514e-01
8.200000000000000344e-02,5.600000000000000117e-02,0.000000000000000000e+00,5.319782941120265729e-01
8.200000000000000344e-02,5.700000000000000205e-02,0.000000000000000000e+00,5.820125068023427328e-01
8.200000000000000344e-02,5.800000000000000294e-02,0.000000000000000000e+00,5.290806852498581847e-01
8.200000000000000344e-02,5.900000000000000383e-02,0.000000000000000000e+00,3.884371384243105463e-01
8.200000000000000344e-02,5.999999999999999778e-02,0.000000000000000000e+00,4.546213722634735999e-01
8.200000000000000344e-02,6.099999999999999867e-02,0.000000000000000000e+00,4.661770659189117261e-01
8.200000000000000344e-02,6.199999999999999956e-02,0.000000000000000000e+00,5.589536944023668630e-01
8.200000000000000344e-02,6.300000000000000044e-02,0.000000000000000000e+00,4.940740917001238963e-01
8.200000000000000344e-02,6.400000000000000133e-02,0.000000000000000000e+00,6.035500194954566133e-01
8.200000000000000344e-02,6.500000000000000222e-02,0.000000000000000000e+00,5.801971694826117965e-01
8.200000000000000344e-02,6.600000000000000311e-02,0.000000000000000000e+00,5.621290613461216168e-01
8.200000000000000344e-02,6.700000000000000400e-02,0.000000000000000000e+00,5.466978494813026224e-01
8.200000000000000344e-02,6.800000000000000488e-02,0.000000000000000000e+00,4.857511100562940665e-01
8.200000000000000344e-02,6.900000000000000577e-02,0.000000000000000000e+00,5.287062082083163750e-01
8.200000000000000344e-02,7.000000000000000666e-02,0.000000000000000000e+00,6.253947887241086967e-01
8.200000000000000344e-02,7.100000000000000755e-02,0.000000000000000000e+00,5.171921639409120530e-01
8.200000000000000344e-02,7.200000000000000844e-02,0.000000000000000000e+00,4.483569108808347914e-01
8.200000000000000344e-02,7.299999999999999545e-02,0.000000000000000000e+00,4.441939004208313446e-01
8.200000000000000344e-02,7.399999999999999634e-02,0.000000000000000000e+00,4.977698814316632858e-01
8.200000000000000344e-02,7.499999999999999722e-02,0.000000000000000000e+00,5.343675003129403356e-01
8.200000000000000344e-02,7.599999999999999811e-02,0.000000000000000000e+00,4.677301410611366950e-01
8.200000000000000344e-02,7.699999999999999900e-02,0.000000000000000000e+00,5.860053639143720794e-01
8.200000000000000344e-02,7.799999999999999989e-02,0.000000000000000000e+00,6.271525483635771447e-01
8.200000000000000344e-02,7.900000000000000078e-02,0.000000000000000000e+00,5.719875454820090299e-01
8.200000000000000344e-02,8.000000000000000167e-02,0.000000000000000000e+00,5.825873651178852253e-01
8.200000000000000344e-02,8.100000000000000255e-02,0.000000000000000000e+00,5.054786831038317052e-01
8.200000000000000344e-02,8.200000000000000344e-02,0.000000000000000000e+00,6.290411834451554718e-01
8.200000000000000344e-02,8.300000000000000433e-02,0.000000000000000000e+00,6.598764832302921324e-01
8.200000000000000344e-02,8.400000000000000522e-02,0.000000000000000000e+00,5.468638281868176687e-01
8.200000000000000344e-02,8.500000000000000611e-02,0.000000000000000000e+00,5.458518523740116812e-01
8.200000000000000344e-02,8.600000000000000699e-02,0.000000000000000000e+00,4.998199817645457288e-01
8.200000000000000344e-02,8.700000000000000788e-02,0.000000000000000000e+00,6.025505863680757912e-01
8.200000000000000344e-02,8.799999999999999489e-02,0.000000000000000000e+00,5.487076013209164493e-01
8.200000000000000344e-02,8.899999999999999578e-02,0.000000000000000000e+00,4.979669247493239137e-01
8.200000000000000344e-02,8.999999999999999667e-02,0.000000000000000000e+00,5.421591477808374027e-01
8.200000000000000344e-02,9.099999999999999756e-02,0.000000000000000000e+00,5.845352809005659456e-01
8.200000000000000344e-02,9.199999999999999845e-02,0.000000000000000000e+00,4.936017158079649136e-01
8.200000000000000344e-02,9.299999999999999933e-02,0.000000000000000000e+00,5.187054519552162235e-01
8.200000000000000344e-02,9.400000000000000022e-02,0.000000000000000000e+00,4.541518252154228552e-01
8.200000000000000344e-02,9.500000000000000111e-02,0.000000000000000000e+00,5.895498693332815732e-01
8.200000000000000344e-02,9.600000000000000200e-02,0.000000000000000000e+00,5.485573884211518703e-01
8.200000000000000344e-02,9.700000000000000289e-02,0.000000000000000000e+00,4.937971979835441561e-01
8.200000000000000344e-02,9.800000000000000377e-02,0.000000000000000000e+00,5.412706465036739578e-01
8.200000000000000344e-02,9.900000000000000466e-02,0.000000000000000000e+00,5.235889124170709508e-01
8.200000000000000344e-02,1.000000000000000056e-01,0.000000000000000000e+00,6.290663586365933257e-01
8.400000000000000522e-02,0.000000000000000000e+00,0.000000000000000000e+00,4.987160567861723126e-01
8.400000000000000522e-02,1.000000000000000021e-03,0.000000000000000000e+00,5.469369817579263771e-01
8.400000000000000522e-02,2.000000000000000042e-03,0.000000000000000000e+00,5.017864783428027664e-01
8.400000000000000522e-02,3.000000000000000062e-03,0.000000000000000000e+00,6.329304756071065796e-01
8.400000000000000522e-02,4.000000000000000083e-03,0.000000000000000000e+00,5.725103724696893881e-01
8.400000000000000522e-02,5.000000000000000104e-03,0.000000000000000000e+00,6.573255813545473281e-01
8.400000000000000522e-02,6.000000000000000125e-03,0.000000000000000000e+00,4.635563585058293801e-01
8.400000000000000522e-02,7.000000000000000146e-03,0.000000000000000000e+00,5.539004177881391433e-01
8.400000000000000522e-02,8.000000000000000167e-03,0.000000000000000000e+00,5.854907038785897022e-01
8.400000000000000522e-02,9.000000000000001055e-03,0.000000000000000000e+00,5.619636812421844319e-01
8.400000000000000522e-02,1.000000000000000021e-02,0.000000000000000000e+00,5.074123976535456215e-01
8.400000000000000522e-02,1.099999999999999936e-02,0.000000000000000000e+00,4.572095634301341915e-01
8.400000000000000522e-02,1.200000000000000025e-02,0.000000000000000000e+00,4.341797591851068727e-01
8.400000000000000522e-02,1.300000000000000114e-02,0.000000000000000000e+00,4.746479559598263398e-01
8.400000000000000522e-02,1.400000000000000029e-02,0.000000000000000000e+00,5.418607789220880600e-01
8.400000000000000522e-02,1.499999999999999944e-02,0.000000000000000000e+00,4.633901451506881597e-01
8.400000000000000522e-02,1.600000000000000033e-02,0.000000000000000000e+00,6.295969043226015138e-01
8.400000000000000522e-02,1.700000000000000122e-02,0.000000000000000000e+00,5.319838114303870880e-01
8.400000000000000522e-02,1.800000000000000211e-02,0.000000000000000000e+00,5.883534284224773980e-01
8.400000000000000522e-02,1.899999999999999953e-02,0.000000000000000000e+00,4.115999576553447947e-01
8.400000000000000522e-02,2.000000000000000042e-02,0.000000000000000000e+00,5.321712625872880853e-01
8.400000000000000522e-02,2.100000000000000130e-02,0.000000000000000000e+00,5.595258754761291975e-01
8.400000000000000522e-02,2.199999999999999872e-02,0.000000000000000000e+00,5.267111747347561490e-01
8.400000000000000522e-02,2.299999999999999961e-02,0.000000000000000000e+00,4.630710704984893344e-01
8.400000000000000522e-02,2.400000000000000050e-02,0.000000000000000000e+00,4.377924041085427542e-01
8.400000000000000522e-02,2.500000000000000139e-02,0.000000000000000000e+00,5.110992507995446577e-01
8.400000000000000522e-02,2.600000000000000228e-02,0.000000000000000000e+00,5.416528683337817895e-01
8.400000000000000522e-02,2.699999999999999969e-02,0.000000000000000000e+00,5.868566305172902009e-01
8.400000000000000522e-02,2.800000000000000058e-02,0.000000000000000000e+00,4.985541252306402438e-01
8.400000000000000522e-02,2.900000000000000147e-02,0.000000000000000000e+00,6.131348127642328727e-01
8.400000000000000522e-02,2.999999999999999889e-02,0.000000000000000000e+00,5.617127873487623990e-01
8.400000000000000522e-02,3.099999999999999978e-02,0.000000000000000000e+00,5.253480202322010628e-01
8.400000000000000522e-02,3.200000000000000067e-02,0.000000000000000000e+00,4.606594786544127018e-01
8.400000000000000522e-02,3.300000000000000155e-02,0.000000000000000000e+00,5.023965214614581898e-01
8.400000000000000522e-02,3.400000000000000244e-02,0.000000000000000000e+00,4.907613344612578032e-01
8.400000000000000522e-02,3.500000000000000333e-02,0.000000000000000000e+00,4.934785992119448128e-01
8.400000000000000522e-02,3.600000000000000422e-02,0.000000000000000000e+00,4.729558953777787123e-01
8.400000000000000522e-02,3.699999999999999817e-02,0.000000000000000000e+00,5.107353124424189872e-01
8.400000000000000522e-02,3.799999999999999906e-02,0.000000000000000000e+00,6.452031945789612477e-01
8.400000000000000522e-02,3.899999999999999994e-02,0.000000000000000000e+00,5.985391106333457500e-01
8.400000000000000522e-02,4.000000000000000083e-02,0.000000000000000000e+00,6.237545418785230833e-01
8.400000000000000522e-02,4.100000000000000172e-02,0.000000000000000000e+00,5.564548678820879779e-01
8.400000000000000522e-02,4.200000000000000261e-02,0.000000000000000000e+00,6.286015718284283516e-01
8.400000000000000522e-02,4.300000000000000350e-02,0.000000000000000000e+00,6.400312050421409493e-01
8.400000000000000522e-02,4.399999999999999745e-02,0.000000000000000000e+00,5.582042602775496576e-01
8.400000000000000522e-02,4.499999999999999833e-02,0.000000000000000000e+00,5.074940878415342693e-01
8.400000000000000522e-02,4.599999999999999922e-02,0.000000000000000000e+00,5.051972533055306691e-01
8.400000000000000522e-02,4.700000000000000011e-02,0.000000000000000000e+00,4.606271279273554953e-01
8.400000000000000522e-02,4.800000000000000100e-02,0.000000000000000000e+00,5.185409192342518292e-01
8.400000000000000522e-02,4.900000000000000189e-02,0.000000000000000000e+00,5.216138994259720274e-01
8.400000000000000522e-02,5.000000000000000278e-02,0.000000000000000000e+00,5.496521501109182806e-01
8.400000000000000522e-02,5.100000000000000366e-02,0.000000000000000000e+00,6.231080609925025993e-01
8.400000000000000522e-02,5.200000000000000455e-02,0.000000000000000000e+00,5.400614872380744558e-01
8.400000000000000522e-02,5.299999999999999850e-02,0.000000000000000000e+00,5.852436284522906096e-01
8.400000000000000522e-02,5.399999999999999939e-02,0.000000000000000000e+00,5.536359630187923653e-01
8.400000000000000522e-02,5.500000000000000028e-02,0.000000000000000000e+00,6.017487637427924030e-01
8.400000000000000522e-02,5.600000000000000117e-02,0.000000000000000000e+00,5.865117295576955936e-01
8.400000000000000522e-02,5.700000000000000205e-02,0.000000000000000000e+00,5.650308339752507791e-01
8.400000000000000522e-02,5.800000000000000294e-02,0.000000000000000000e+00,4.669391988954224582e-01
8.400000000000000522e-02,5.900000000000000383e-02,0.000000000000000000e+00,5.224718727246453476e-01
8.400000000000000522e-02,5.999999999999999778e-02,0.000000000000000000e+00,4.678558986530074182e-01
8.400000000000000522e-02,6.099999999999999867e-02,0.000000000000000000e+00,5.467373137860644938e-01
8.400000000000000522e-02,6.199999999999999956e-02,0.000000000000000000e+00,5.468106430480645930e-01
8.400000000000000522e-02,6.300000000000000044e-02,0.000000000000000000e+00,5.178365061801091240e-01
8.400000000000000522e-02,6.400000000000000133e-02,0.000000000000000000e+00,5.445453640905967285e-01
8.400000000000000522e-02,6.500000000000000222e-02,0.000000000000000000e+00,5.277731578130924195e-01
8.400000000000000522e-02,6.600000000000000311e-02,0.000000000000000000e+00,5.824043167036794255e-01
8.400000000000000522e-02,6.700000000000000400e-02,0.000000000000000000e+00,5.894734489997428550e-01
8.400000000000000522e-02,6.800000000000000488e-02,0.000000000000000000e+00,5.413185725639368950e-01
8.400000000000000522e-02,6.900000000000000577e-02,0.000000000000000000e+00,4.996837595641280827e-01
8.400000000000000522e-02,7.000000000000000666e-02,0.000000000000000000e+00,5.417756656690364547e-01
8.400000000000000522e-02,7.100000000000000755e-02,0.000000000000000000e+00,4.639830384710723621e-01
8.400000000000000522e-02,7.200000000000000844e-02,0.000000000000000000e+00,5.242081058143661654e-01
8.400000000000000522e-02,7.299999999999999545e-02,0.000000000000000000e+00,4.948605974719708089e-01
8.400000000000000522e-02,7.399999999999999634e-02,0.000000000000000000e+00,5.489910845244492243e-01
8.400000000000000522e-02,7.499999999999999722e-02,0.000000000000000000e+00,5.653080725943678830e-01
8.400000000000000522e-02,7.599999999999999811e-02,0.000000000000000000e+00,5.181933209529360207e-01
8.400000000000000522e-02,7.699999999999999900e-02,0.000000000000000000e+00,5.686926426046258198e-01
8.400000000000000522e-02,7.799999999999999989e-02,0.000000000000000000e+00,6.428850606923831590e-01
8.400000000000000522e-02,7.900000000000000078e-02,0.000000000000000000e+00,6.443900811389546845e-01
8.400000000000000522e-02,8.000000000000000167e-02,0.000000000000000000e+00,6.924618256438641595e-01
8.400000000000000522e-02,8.100000000000000255e-02,0.000000000000000000e+00,5.141217654159573325e-01
8.400000000000000522e-02,8.200000000000000344e-02,0.000000000000000000e+00,5.570219645111793572e-01
8.400000000000000522e-02,8.300000000000000433e-02,0.000000000000000000e+00,5.349866602190822551e-01
8.400000000000000522e-02,8.400000000000000522e-02,0.000000000000000000e+00,5.370603401716018688e-01
8.400000000000000522e-02,8.500000000000000611e-02,0.000000000000000000e+00,4.921330758246225678e-01
8.400000000000000522e-02,8.600000000000000699e-02,0.000000000000000000e+00,5.038671451471956608e-01
8.400000000000000522e-02,8.700000000000000788e-02,0.000000000000000000e+00,5.107015539679533589e-01
8.400000000000000522e-02,8.799999999999999489e-02,0.000000000000000000e+00,5.110075811757079922e-01
8.400000000000000522e-02,8.899999999999999578e-02,0.000000000000000000e+00,4.722082558775194117e-01
8.400000000000000522e-02,8.999999999999999667e-02,0.000000000000000000e+00,5.171435022757323585e-01
8.400000000000000522e-02,9.099999999999999756e-02,0.000000000000000000e+00,6.014959158242393356e-01
8.400000000000000522e-02,9.199999999999999845e-02,0.000000000000000000e+00,5.561261479105138461e-01
8.400000000000000522e-02,9.299999999999999933e-02,0.000000000000000000e+00,6.258801382610932329e-01
8.400000000000000522e-02,9.400000000000000022e-02,0.000000000000000000e+00,4.528072903467823540e-01
8.400000000000000522e-02,9.500000000000000111e-02,0.000000000000000000e+00,5.689979886667324571e-01
8.400000000000000522e-02,9.600000000000000200e-02,0.000000000000000000e+00,5.052583625779387688e-01
8.400000000000000522e-02,9.700000000000000289e-02,0.000000000000000000e+00,5.647820054557411984e-01
8.400000000000000522e-02,9.800000000000000377e-02,0.000000000000000000e+00,4.985678745326311279e-01
8.400000000000000522e-02,9.900000000000000466e-02,0.000000000000000000e+00,5.412035707743814150e-01
8.400000000000000522e-02,1.000000000000000056e-01,0.000000000000000000e+00,5.406000633778906828e-01
8.600000000000000699e-02,0.000000000000000000e+00,0.000000000000000000e+00,5.284518791026699969e-01
8.600000000000000699e-02,1.000000000000000021e-03,0.000000000000000000e+00,4.929973640982754923e-01
8.600000000000000699e-02,2.000000000000000042e-03,0.000000000000000000e+00,4.708713223659489189e-01
8.600000000000000699e-02,3.000000000000000062e-03,0.000000000000000000e+00,5.710098156428800031e-01
8.600000000000000699e-02,4.000000000000000083e-03,0.000000000000000000e+00,5.179031033795364891e-01
8.600000000000000699e-02,5.000000000000000104e-03,0.000000000000000000e+00,6.167864931730651090e-01
8.600000000000000699e-02,6.000000000000000125e-03,0.000000000000000000e+00,4.756944222716575910e-01
8.600000000000000699e-02,7.000000000000000146e-03,0.000000000000000000e+00,5.553129686984435986e-01
8.600000000000000699e-02,8.000000000000000167e-03,0.000000000000000000e+00,5.970303281921621741e-01
8.600000000000000699e-02,9.000000000000001055e-03,0.000000000000000000e+00,5.693965876864400810e-01
8.600000000000000699e-02,1.000000000000000021e-02,0.000000000000000000e+00,5.549979152516750780e-01
8.600000000000000699e-02,1.099999999999999936e-02,0.000000000000000000e+00,5.230613626378003422e-01
8.600000000000000699e-02,1.200000000000000025e-02,0.000000000000000000e+00,5.171141767810520928e-01
8.600000000000000699e-02,1.300000000000000114e-02,0.000000000000000000e+00,5.205228913688912940e-01
8.600000000000000699e-02,1.400000000000000029e-02,0.000000000000000000e+00,4.635902658672705345e-01
8.600000000000000699e-02,1.499999999999999944e-02,0.000000000000000000e+00,4.288417350226100266e-01
8.600000000000000699e-02,1.600000000000000033e-02,0.000000000000000000e+00,5.864177271870842922e-01
8.600000000000000699e-02,1.700000000000000122e-02,0.000000000000000000e+00,4.601830037881128876e-01
8.600000000000000699e-02,1.800000000000000211e-02,0.000000000000000000e+00,5.307261870237127699e-01
8.600000000000000699e-02,1.899999999999999953e-02,0.000000000000000000e+00,4.316825328414324869e-01
8.600000000000000699e-02,2.000000000000000042e-02,0.000000000000000000e+00,5.486185758210965213e-01
8.600000000000000699e-02,2.100000000000000130e-02,0.000000000000000000e+00,5.361324608200639386e-01
8.600000000000000699e-02,2.199999999999999872e-02,0.000000000000000000e+00,5.110381717383207789e-01
8.600000000000000699e-02,2.299999999999999961e-02,0.000000000000000000e+00,4.722510272360778139e-01
8.600000000000000699e-02,2.400000000000000050e-02,0.000000000000000000e+00,4.621488859153795592e-01
8.600000000000000699e-02,2.500000000000000139e-02,0.000000000000000000e+00,5.529227057452406058e-01
8.600000000000000699e-02,2.600000000000000228e-02,0.000000000000000000e+00,4.978731529784006793e-01
8.600000000000000699e-02,2.699999999999999969e-02,0.000000000000000000e+00,4.565327646368024239e-01
8.600000000000000699e-02,2.800000000000000058e-02,0.000000000000000000e+00,4.296093549047214077e-01
8.600000000000000699e-02,2.900000000000000147e-02,0.000000000000000000e+00,5.849218374380164009e-01
8.600000000000000699e-02,2.999999999999999889e-02,0.000000000000000000e+00,4.637150076417470013e-01
8.600000000000000699e-02,3.099999999999999978e-02,0.000000000000000000e+00,4.748339759756090572e-01
8.600000000000000699e-02,3.200000000000000067e-02,0.000000000000000000e+00,5.034718964082351977e-01
8.600000000000000699e-02,3.300000000000000155e-02,0.000000000000000000e+00,5.776552070675513573e-01
8.600000000000000699e-02,3.400000000000000244e-02,0.000000000000000000e+00,4.606510256333297137e-01
8.600000000000000699e-02,3.500000000000000333e-02,0.000000000000000000e+00,4.845423457933829003e-01
8.600000000000000699e-02,3.600000000000000422e-02,0.000000000000000000e+00,4.260016483050065861e-01
8.600000000000000699e-02,3.699999999999999817e-02,0.000000000000000000e+00,4.694467829384807445e-01
8.600000000000000699e-02,3.799999999999999906e-02,0.000000000000000000e+00,5.975667043158980896e-01
8.600000000000000699e-02,3.899999999999999994e-02,0.000000000000000000e+00,4.598790304307866506e-01
8.600000000000000699e-02,4.000000000000000083e-02,0.000000000000000000e+00,4.583415250787500339e-01
8.600000000000000699e-02,4.100000000000000172e-02,0.000000000000000000e+00,4.266621324874943499e-01
8.600000000000000699e-02,4.200000000000000261e-02,0.000000000000000000e+00,5.380768644249450672e-01
8.600000000000000699e-02,4.300000000000000350e-02,0.000000000000000000e+00,5.005408002815978641e-01
8.600000000000000699e-02,4.399999999999999745e-02,0.000000000000000000e+00,5.056749119965067152e-01
8.600000000000000699e-02,4.499999999999999833e-02,0.000000000000000000e+00,5.385629014599120357e-01
8.600000000000000699e-02,4.599999999999999922e-02,0.000000000000000000e+00,5.948895134632028459e-01
8.600000000000000699e-02,4.700000000000000011e-02,0.000000000000000000e+00,4.444175941943245278e-01
8.600000000000000699e-02,4.800000000000000100e-02,0.000000000000000000e+00,5.313582981809323869e-01
8.600000000000000699e-02,4.900000000000000189e-02,0.000000000000000000e+00,4.851466350188874399e-01
8.600000000000000699e-02,5.000000000000000278e-02,0.000000000000000000e+00,5.372315462509045236e-01
8.600000000000000699e-02,5.100000000000000366e-02,0.000000000000000000e+00,5.811213168494536729e-01
8.600000000000000699e-02,5.200000000000000455e-02,0.000000000000000000e+00,4.644083467037081747e-01
8.600000000000000699e-02,5.299999999999999850e-02,0.000000000000000000e+00,5.141810561284716474e-01
8.600000000000000699e-02,5.399999999999999939e-02,0.000000000000000000e+00,4.822730965035047501e-01
8.600000000000000699e-02,5.500000000000000028e-02,0.000000000000000000e+00,5.401315549489047463e-01
8.600000000000000699e-02,5.600000000000000117e-02,0.000000000000000000e+00,5.412190955823646954e-01
8.600000000000000699e-02,5.700000000000000205e-02,0.000000000000000000e+00,5.761296151452625081e-01
8.600000000000000699e-02,5.800000000000000294e-02,0.000000000000000000e+00,4.994399560495680901e-01
8.600000000000000699e-02,5.900000000000000383e-02,0.000000000000000000e+00,5.674038234423179894e-01
8.600000000000000699e-02,5.999999999999999778e-02,0.000000000000000000e+00,4.431910515809186490e-01
8.600000000000000699e-02,6.099999999999999867e-02,0.000000000000000000e+00,5.254568299610631321e-01
8.600000000000000699e-02,6.199999999999999956e-02,0.000000000000000000e+00,5.093174789666450319e-01
8.600000000000000699e-02,6.300000000000000044e-02,0.000000000000000000e+00,4.872951103450451904e-01
8.600000000000000699e-02,6.400000000000000133e-02,0.000000000000000000e+00,4.562387600151615596e-01
8.600000000000000699e-02,6.500000000000000222e-02,0.000000000000000000e+00,4.570123177708995121e-01
8.600000000000000699e-02,6.600000000000000311e-02,0.000000000000000000e+00,5.276040168182580814e-01
8.600000000000000699e-02,6.700000000000000400e-02,0.000000000000000000e+00,5.472971703366198426e-01
8.600000000000000699e-02,6.800000000000000488e-02,0.000000000000000000e+00,5.241477798436027236e-01
8.600000000000000699e-02,6.900000000000000577e-02,0.000000000000000000e+00,5.259434650866868788e-01
8.600000000000000699e-02,7.000000000000000666e-02,0.000000000000000000e+00,5.600935572615893809e-01
8.600000000000000699e-02,7.100000000000000755e-02,0.000000000000000000e+00,4.694171662660622246e-01
8.600000000000000699e-02,7.200000000000000844e-02,0.000000000000000000e+00,4.937689011675809314e-01
8.600000000000000699e-02,7.299999999999999545e-02,0.000000000000000000e+00,4.584415427061936388e-01
8.600000000000000699e-02,7.399999999999999634e-02,0.000000000000000000e+00,5.028271398806181125e-01
8.600000000000000699e-02,7.499999999999999722e-02,0.000000000000000000e+00,5.439139601653737444e-01
8.600000000000000699e-02,7.599999999999999811e-02,0.000000000000000000e+00,4.550413750072194730e-01
8.600000000000000699e-02,7.699999999999999900e-02,0.000000000000000000e+00,4.466800218136292577e-01
8.600000000000000699e-02,7.799999999999999989e-02,0.000000000000000000e+00,5.483323752923910943e-01
8.600000000000000699e-02,7.900000000000000078e-02,0.000000000000000000e+00,5.893914429777393771e-01
8.600000000000000699e-02,8.000000000000000167e-02,0.000000000000000000e+00,6.797686567576195493e-01
8.600000000000000699e-02,8.100000000000000255e-02,0.000000000000000000e+00,5.432633026815510968e-01
8.600000000000000699e-02,8.200000000000000344e-02,0.000000000000000000e+00,5.667566284968885704e-01
8.600000000000000699e-02,8.300000000000000433e-02,0.000000000000000000e+00,5.093154966496105107e-01
8.600000000000000699e-02,8.400000000000000522e-02,0.000000000000000000e+00,5.144944271441378447e-01
8.600000000000000699e-02,8.500000000000000611e-02,0.000000000000000000e+00,4.236603541587171673e-01
8.600000000000000699e-02,8.600000000000000699e-02,0.000000000000000000e+00,4.704728311965022947e-01
8.600000000000000699e-02,8.700000000000000788e-02,0.000000000000000000e+00,4.710528987404610790e-01
8.600000000000000699e-02,8.799999999999999489e-02,0.000000000000000000e+00,5.062480179211428233e-01
8.600000000000000699e-02,8.899999999999999578e-02,0.000000000000000000e+00,4.187168120072507493e-01
8.600000000000000699e-02,8.999999999999999667e-02,0.000000000000000000e+00,4.448386327105331994e-01
8.600000000000000699e-02,9.099999999999999756e-02,0.000000000000000000e+00,5.523676020691961064e-01
8.600000000000000699e-02,9.199999999999999845e-02,0.000000000000000000e+00,5.601253877924055047e-01
8.600000000000000699e-02,9.299999999999999933e-02,0.000000000000000000e+00,6.671278486595045853e-01
8.600000000000000699e-02,9.400000000000000022e-02,0.000000000000000000e+00,5.209873413495489380e-01
8.600000000000000699e-02,9.500000000000000111e-02,0.000000000000000000e+00,5.800121566567240095e-01
8.600000000000000699e-02,9.600000000000000200e-02,0.000000000000000000e+00,5.011147185548709970e-01
8.600000000000000699e-02,9.700000000000000289e-02,0.000000000000000000e+00,5.765598120338090160e-01
8.600000000000000699e-02,9.800000000000000377e-02,0.000000000000000000e+00,4.750885158056136759e-01
8.600000000000000699e-02,9.900000000000000466e-02,0.000000000000000000e+00,5.400399660172598981e-01
8.600000000000000699e-02,1.000000000000000056e-01,0.000000000000000000e+00,5.280915136370933904e-01
8.799999999999999489e-02,0.000000000000000000e+00,0.000000000000000000e+00,5.804329901612176323e-01
8.799999999999999489e-02,1.000000000000000021e-03,0.000000000000000000e+00,5.248260492889935680e-01
8.799999999999999489e-02,2.000000000000000042e-03,0.000000000000000000e+00,5.290724591418043410e-01
8.799999999999999489e-02,3.000000000000000062e-03,0.000000000000000000e+00,5.187209744131752176e-01
8.799999999999999489e-02,4.000000000000000083e-03,0.000000000000000000e+00,5.534389254555731608e-01
8.799999999999999489e-02,5.000000000000000104e-03,0.000000000000000000e+00,6.030714209039280682e-01
8.799999999999999489e-02,6.000000000000000125e-03,0.000000000000000000e+00,5.005211875095474383e-01
8.799999999999999489e-02,7.000000000000000146e-03,0.000000000000000000e+00,4.864405783436905883e-01
8.799999999999999489e-02,8.000000000000000167e-03,0.000000000000000000e+00,5.929238834113256251e-01
8.799999999999999489e-02,9.000000000000001055e-03,0.000000000000000000e+00,4.950269210439249279e-01
8.799999999999999489e-02,1.000000000000000021e-02,0.000000000000000000e+00,5.195412989057831554e-01
8.799999999999999489e-02,1.099999999999999936e-02,0.000000000000000000e+00,4.793496259385784386e-01
8.799999999999999489e-02,1.200000000000000025e-02,0.000000000000000000e+00,4.902711641102276974e-01
8.799999999999999489e-02,1.300000000000000114e-02,0.000000000000000000e+00,5.747662682989786997e-01
8.799999999999999489e-02,1.400000000000000029e-02,0.000000000000000000e+00,4.753542628568885320e-01
8.799999999999999489e-02,1.499999999999999944e-02,0.000000000000000000e+00,4.756655072691371999e-01
8.799999999999999489e-02,1.600000000000000033e-02,0.000000000000000000e+00,5.385745251481823814e-01
8.799999999999999489e-02,1.700000000000000122e-02,0.000000000000000000e+00,5.438937736854001503e-01
8.799999999999999489e-02,1.800000000000000211e-02,0.000000000000000000e+00,5.522048216937323062e-01
8.799999999999999489e-02,1.899999999999999953e-02,0.000000000000000000e+00,4.924045743355636717e-01
8.799999999999999489e-02,2.000000000000000042e-02,0.000000000000000000e+00,4.977783617420658557e-01
8.799999999999999489e-02,2.100000000000000130e-02,0.000000000000000000e+00,5.708667744939884825e-01
8.799999999999999489e-02,2.199999999999999872e-02,0.000000000000000000e+00,4.851687918794555521e-01
8.799999999999999489e-02,2.299999999999999961e-02,0.000000000000000000e+00,4.842779420082660713e-01
8.799999999999999489e-02,2.400000000000000050e-02,0.000000000000000000e+00,4.825749355782361083e-01
8.799999999999999489e-02,2.500000000000000139e-02,0.000000000000000000e+00,5.751709253669594624e-01
8.799999999999999489e-02,2.600000000000000228e-02,0.000000000000000000e+00,5.986679482643544326e-01
8.799999999999999489e-02,2.699999999999999969e-02,0.000000000000000000e+00,4.891458881004432935e-01
8.799999999999999489e-02,2.800000000000000058e-02,0.000000000000000000e+00,4.980091629752722016e-01
8.799999999999999489e-02,2.900000000000000147e-02,0.000000000000000000e+00,6.154674889653882763e-01
8.799999999999999489e-02,2.999999999999999889e-02,0.000000000000000000e+00,5.665424235277156662e-01
8.799999999999999489e-02,3.099999999999999978e-02,0.000000000000000000e+00,4.960574710293724765e-01
8.799999999999999489e-02,3.200000000000000067e-02,0.000000000000000000e+00,5.270900155523130515e-01
8.799999999999999489e-02,3.300000000000000155e-02,0.000000000000000000e+00,5.035978590974612423e-01
8.799999999999999489e-02,3.400000000000000244e-02,0.000000000000000000e+00,4.741314382013382400e-01
8.799999999999999489e-02,3.500000000000000333e-02,0.000000000000000000e+00,4.681238464863543003e-01
8.799999999999999489e-02,3.600000000000000422e-02,0.000000000000000000e+00,3.948863120016853911e-01
8.799999999999999489e-02,3.699999999999999817e-02,0.000000000000000000e+00,4.740788920620173652e-01
8.799999999999999489e-02,3.799999999999999906e-02,0.000000000000000000e+00,5.837037012966004301e-01
8.799999999999999489e-02,3.899999999999999994e-02,0.000000000000000000e+00,5.354980246270579780e-01
8.799999999999999489e-02,4.000000000000000083e-02,0.000000000000000000e+00,4.572159293550870918e-01
8.799999999999999489e-02,4.100000000000000172e-02,0.000000000000000000e+00,4.792161139012041104e-01
8.799999999999999489e-02,4.200000000000000261e-02,0.000000000000000000e+00,5.651727493915155165e-01
8.799999999999999489e-02,4.300000000000000350e-02,0.000000000000000000e+00,5.526751597733411403e-01
8.799999999999999489e-02,4.399999999999999745e-02,0.000000000000000000e+00,4.776338603455943521e-01
8.799999999999999489e-02,4.499999999999999833e-02,0.000000000000000000e+00,5.317753332946515421e-01
8.799999999999999489e-02,4.599999999999999922e-02,0.000000000000000000e+00,5.109003992661227400e-01
8.799999999999999489e-02,4.700000000000000011e-02,0.000000000000000000e+00,4.918128355933710227e-01
8.799999999999999489e-02,4.800000000000000100e-02,0.000000000000000000e+00,5.337996323851607050e-01
8.799999999999999489e-02,4.900000000000000189e-02,0.000000000000000000e+00,4.358368100651087151e-01
8.799999999999999489e-02,5.000000000000000278e-02,0.000000000000000000e+00,5.530200906931497240e-01
8.799999999999999489e-02,5.100000000000000366e-02,0.000000000000000000e+00,5.978480121464024855e-01
8.799999999999999489e-02,5.200000000000000455e-02,0.000000000000000000e+00,5.841537205827889156e-01
8.799999999999999489e-02,5.299999999999999850e-02,0.000000000000000000e+00,5.488267894555083348e-01
8.799999999999999489e-02,5.399999999999999939e-02,0.000000000000000000e+00,5.578999627666066941e-01
8.799999999999999489e-02,5.500000000000000028e-02,0.000000000000000000e+00,5.626901410608482479e-01
8.799999999999999489e-02,5.600000000000000117e-02,0.000000000000000000e+00,6.085242867719680149e-01
8.799999999999999489e-02,5.700000000000000205e-02,0.000000000000000000e+00,5.934423629768135200e-01
8.799999999999999489e-02,5.800000000000000294e-02,0.000000000000000000e+00,5.686660796923967975e-01
8.799999999999999489e-02,5.900000000000000383e-02,0.000000000000000000e+00,5.546961319062367890e-01
8.799999999999999489e-02,5.999999999999999778e-02,0.000000000000000000e+00,5.741786369950381275e-01
8.799999999999999489e-02,6.099999999999999867e-02,0.000000000000000000e+00,5.468002566561173117e-01
8.799999999999999489e-02,6.199999999999999956e-02,0.000000000000000000e+00,4.850763006485667161e-01
8.799999999999999489e-02,6.300000000000000044e-02,0.000000000000000000e+00,5.297660153294464491e-01
8.799999999999999489e-02,6.400000000000000133e-02,0.000000000000000000e+00,5.273547881468456655e-01
8.799999999999999489e-02,6.500000000000000222e-02,0.000000000000000000e+00,5.697171662953923743e-01
8.799999999999999489e-02,6.600000000000000311e-02,0.000000000000000000e+00,5.510420655998394812e-01
8.799999999999999489e-02,6.700000000000000400e-02,0.000000000000000000e+00,5.471832137924191874e-01
8.799999999999999489e-02,6.800000000000000488e-02,0.000000000000000000e+00,5.052075789508865267e-01
8.799999999999999489e-02,6.900000000000000577e-02,0.000000000000000000e+00,5.698822391074728211e-01
8.799999999999999489e-02,7.000000000000000666e-02,0.000000000000000000e+00,6.168695458888711070e-01
8.799999999999999489e-02,7.100000000000000755e-02,0.000000000000000000e+00,5.499345180388748311e-01
8.799999999999999489e-02,7.200000000000000844e-02,0.000000000000000000e+00,5.164876995753850952e-01
8.799999999999999489e-02,7.299999999999999545e-02,0.000000000000000000e+00,5.581549540429173728e-01
8.799999999999999489e-02,7.399999999999999634e-02,0.000000000000000000e+00,4.837499091750855906e-01
8.799999999999999489e-02,7.499999999999999722e-02,0.000000000000000000e+00,5.160365031674265524e-01
8.799999999999999489e-02,7.599999999999999811e-02,0.000000000000000000e+00,4.710569403696731605e-01
8.799999999999999489e-02,7.699999999999999900e-02,0.000000000000000000e+00,4.898951753577892032e-01
8.799999999999999489e-02,7.799999999999999989e-02,0.000000000000000000e+00,5.341713888938632859e-01
8.799999999999999489e-02,7.900000000000000078e-02,0.000000000000000000e+00,5.332742556526824940e-01
8.799999999999999489e-02,8.000000000000000167e-02,0.000000000000000000e+00,5.551313106912210138e-01
8.799999999999999489e-02,8.100000000000000255e-02,0.000000000000000000e+00,4.995719312213380281e-01
8.799999999999999489e-02,8.200000000000000344e-02,0.000000000000000000e+00,5.548760873373099756e-01
8.799999999999999489e-02,8.300000000000000433e-02,0.000000000000000000e+00,5.940060270299798439e-01
8.799999999999999489e-02,8.400000000000000522e-02,0.000000000000000000e+00,5.750689453083093206e-01
8.799999999999999489e-02,8.500000000000000611e-02,0.000000000000000000e+00,5.094368107465503392e-01
8.799999999999999489e-02,8.600000000000000699e-02,0.000000000000000000e+00,5.535026475955766578e-01
8.799999999999999489e-02,8.700000000000000788e-02,0.000000000000000000e+00,5.170583344723956865e-01
8.799999999999999489e-02,8.799999999999999489e-02,0.000000000000000000e+00,5.615472122217226580e-01
8.799999999999999489e-02,8.899999999999999578e-02,0.000000000000000000e+00,4.826420424769417572e-01
8.799999999999999489e-02,8.999999999999999667e-02,0.000000000000000000e+00,5.030844302255714773e-01
8.799999999999999489e-02,9.099999999999999756e-02,0.000000000000000000e+00,5.143435387882672183e-01
8.799999999999999489e-02,9.199999999999999845e-02,0.000000000000000000e+00,5.124713438252386233e-01
8.799999999999999489e-02,9.299999999999999933e-02,0.000000000000000000e+00,5.419798106697371054e-01
8.799999999999999489e-02,9.400000000000000022e-02,0.000000000000000000e+00,4.845901120878487456e-01
8.799999999999999489e-02,9.500000000000000111e-02,0.000000000000000000e+00,5.160306046679814518e-01
8.799999999999999489e-02,9.600000000000000200e-02,0.000000000000000000e+00,5.212466514859046551e-01
8.799999999999999489e-02,9.700000000000000289e-02,0.000000000000000000e+00,5.498957788922014256e-01
8.799999999999999489e-02,9.800000000000000377e-02,0.000000000000000000e+00,5.007527536080956798e-01
8.799999999999999489e-02,9.900000000000000466e-02,0.000000000000000000e+00,5.336695802565205593e-01
8.799999999999999489e-02,1.000000000000000056e-01,0.000000000000000000e+00,5.487332632045418546e-01
8.999999999999999667e-02,0.000000000000000000e+00,0.000000000000000000e+00,5.250420695954354233e-01
8.999999999999999667e-02,1.000000000000000021e-03,0.000000000000000000e+00,4.736650459957079118e-01
8.999999999999999667e-02,2.000000000000000042e-03,0.000000000000000000e+00,4.926211201874047818e-01
8.999999999999999667e-02,3.000000000000000062e-03,0.000000000000000000e+00,5.483711507833997079e-01
8.999999999999999667e-02,4.000000000000000083e-03,0.000000000000000000e+00,5.629629661969126619e-01
8.999999999999999667e-02,5.000000000000000104e-03,0.000000000000000000e+00,5.495075648902101317e-01
8.999999999999999667e-02,6.000000000000000125e-03,0.000000000000000000e+00,5.114505337149954922e-01
8.999999999999999667e-02,7.000000000000000146e-03,0.000000000000000000e+00,5.368946831451608670e-01
8.999999999999999667e-02,8.000000000000000167e-03,0.000000000000000000e+00,6.090251322679188783e-01
8.999999999999999667e-02,9.000000000000001055e-03,0.000000000000000000e+00,5.204592843653246259e-01
8.999999999999999667e-02,1.000000000000000021e-02,0.000000000000000000e+00,5.512645418578800971e-01
8.999999999999999667e-02,1.099999999999999936e-02,0.000000000000000000e+00,4.232200607002945536e-01
8.999999999999999667e-02,1.200000000000000025e-02,0.000000000000000000e+00,4.118547702056241655e-01
8.999999999999999667e-02,1.300000000000000114e-02,0.000000000000000000e+00,5.070863736710927716e-01
8.999999999999999667e-02,1.400000000000000029e-02,0.000000000000000000e+00,4.142253438415648970e-01
8.999999999999999667e-02,1.499999999999999944e-02,0.000000000000000000e+00,4.141736341680030686e-01
8.999999999999999667e-02,1.600000000000000033e-02,0.000000000000000000e+00,5.503949007751081091e-01
8.999999999999999667e-02,1.700000000000000122e-02,0.000000000000000000e+00,5.012448956671677891e-01
8.999999999999999667e-02,1.800000000000000211e-02,0.000000000000000000e+00,4.701518728605913466e-01
8.999999999999999667e-02,1.899999999999999953e-02,0.000000000000000000e+00,4.857169285012241655e-01
8.999999999999999667e-02,2.000000000000000042e-02,0.000000000000000000e+00,5.437420692520364973e-01
8.999999999999999667e-02,2.100000000000000130e-02,0.000000000000000000e+00,5.508372247400825650e-01
8.999999999999999667e-02,2.199999999999999872e-02,0.000000000000000000e+00,5.198257294539296858e-01
8.999999999999999667e-02,2.299999999999999961e-02,0.000000000000000000e+00,5.318697716039735290e-01
8.999999999999999667e-02,2.400000000000000050e-02,0.000000000000000000e+00,4.565458715832255154e-01
8.999999999999999667e-02,2.500000000000000139e-02,0.000000000000000000e+00,5.156229262684951520e-01
8.999999999999999667e-02,2.600000000000000228e-02,0.000000000000000000e+00,5.997758845098006830e-01
8.999999999999999667e-02,2.699999999999999969e-02,0.000000000000000000e+00,4.973186847612294237e-01
8.999999999999999667e-02,2.800000000000000058e-02,0.000000000000000000e+00,4.889851206089125824e-01
8.999999999999999667e-02,2.900000000000000147e-02,0.000000000000000000e+00,6.596499171304501807e-01
8.999999999999999667e-02,2.999999999999999889e-02,0.000000000000000000e+00,5.419838548728685979e-01
8.999999999999999667e-02,3.099999999999999978e-02,0.000000000000000000e+00,5.023598347110284079e-01
8.999999999999999667e-02,3.200000000000000067e-02,0.000000000000000000e+00,5.330610320877361419e-01
8.999999999999999667e-02,3.300000000000000155e-02,0.000000000000000000e+00,5.351938865255490008e-01
8.999999999999999667e-02,3.400000000000000244e-02,0.000000000000000000e+00,4.132664634613060772e-01
8.999999999999999667e-02,3.500000000000000333e-02,0.000000000000000000e+00,4.989813874733068921e-01
8.999999999999999667e-02,3.600000000000000422e-02,0.000000000000000000e+00,4.235934762703765233e-01
8.999999999999999667e-02,3.699999999999999817e-02,0.000000000000000000e+00,4.734255929158823206e-01
8.999999999999999667e-02,3.799999999999999906e-02,0.000000000000000000e+00,5.074067261093457848e-01
8.999999999999999667e-02,3.899999999999999994e-02,0.000000000000000000e+00,5.273290785004473014e-01
8.999999999999999667e-02,4.000000000000000083e-02,0.000000000000000000e+00,4.513622218769887673e-01
8.999999999999999667e-02,4.100000000000000172e-02,0.000000000000000000e+00,4.634073091970566383e-01
8.999999999999999667e-02,4.200000000000000261e-02,0.000000000000000000e+00,5.925994200306272663e-01
8.999999999999999667e-02,4.300000000000000350e-02,0.000000000000000000e+00,5.244647339192879398e-01
8.999999999999999667e-02,4.399999999999999745e-02,0.000000000000000000e+00,5.328794987356952895e-01
8.999999999999999667e-02,4.499999999999999833e-02,0.000000000000000000e+00,5.321429909333463826e-01
8.999999999999999667e-02,4.599999999999999922e-02,0.000000000000000000e+00,5.205930803430328657e-01
8.999999999999999667e-02,4.700000000000000011e-02,0.000000000000000000e+00,4.252900441530235720e-01
8.999999999999999667e-02,4.800000000000000100e-02,0.000000000000000000e+00,5.734820455265597916e-01
8.999999999999999667e-02,4.900000000000000189e-02,0.000000000000000000e+00,4.602756501543727174e-01
8.999999999999999667e-02,5.000000000000000278e-02,0.000000000000000000e+00,5.764824593182029666e-01
8.999999999999999667e-02,5.100000000000000366e-02,0.000000000000000000e+00,5.284139939750576165e-01
8.999999999999999667e-02,5.200000000000000455e-02,0.000000000000000000e+00,5.574506982140554623e-01
8.999999999999999667e-02,5.299999999999999850e-02,0.000000000000000000e+00,5.244641126442850521e-01
8.999999999999999667e-02,5.399999999999999939e-02,0.000000000000000000e+00,5.304228221646429819e-01
8.999999999999999667e-02,5.500000000000000028e-02,0.000000000000000000e+00,5.665560303849407342e-01
8.999999999999999667e-02,5.600000000000000117e-02,0.000000000000000000e+00,5.751373726133979236e-01
8.999999999999999667e-02,5.700000000000000205e-02,0.000000000000000000e+00,6.320709890363869210e-01
8.999999999999999667e-02,5.800000000000000294e-02,0.000000000000000000e+00,5.475913936063974141e-01
8.999999999999999667e-02,5.900000000000000383e-02,0.000000000000000000e+00,5.490675002830591733e-01
8.999999999999999667e-02,5.999999999999999778e-02,0.000000000000000000e+00,5.127016629943517145e-01
8.999999999999999667e-02,6.099999999999999867e-02,0.000000000000000000e+00,5.746453947907789184e-01
8.999999999999999667e-02,6.199999999999999956e-02,0.000000000000000000e+00,4.900812826078917439e-01
8.999999999999999667e-02,6.300000000000000044e-02,0.000000000000000000e+00,5.554037465948080676e-01
8.999999999999999667e-02,6.400000000000000133e-02,0.000000000000000000e+00,4.937214807412105833e-01
8.999999999999999667e-02,6.500000000000000222e-02,0.000000000000000000e+00,5.482812047343755824e-01
8.999999999999999667e-02,6.600000000000000311e-02,0.000000000000000000e+00,5.494431808819195684e-01
8.999999999999999667e-02,6.700000000000000400e-02,0.000000000000000000e+00,5.236135387328171298e-01
8.999999999999999667e-02,6.800000000000000488e-02,0.000000000000000000e+00,5.173694071842157571e-01
8.999999999999999667e-02,6.900000000000000577e-02,0.000000000000000000e+00,5.519568464639076355e-01
8.999999999999999667e-02,7.000000000000000666e-02,0.000000000000000000e+00,6.329489180758141043e-01
8.999999999999999667e-02,7.100000000000000755e-02,0.000000000000000000e+00,5.070311537752275610e-01
8.999999999999999667e-02,7.200000000000000844e-02,0.000000000000000000e+00,5.260927510369468596e-01
8.999999999999999667e-02,7.299999999999999545e-02,0.000000000000000000e+00,4.947342823077793827e-01
8.999999999999999667e-02,7.399999999999999634e-02,0.000000000000000000e+00,4.844186943651773158e-01
8.999999999999999667e-02,7.499999999999999722e-02,0.000000000000000000e+00,4.905028462395041311e-01
8.999999999999999667e-02,7.599999999999999811e-02,0.000000000000000000e+00,4.878856181028682348e-01
8.999999999999999667e-02,7.699999999999999900e-02,0.000000000000000000e+00,4.928655937128409992e-01
8.999999999999999667e-02,7.799999999999999989e-02,0.000000000000000000e+00,5.308009841383229954e-01
8.999999999999999667e-02,7.900000000000000078e-02,0.000000000000000000e+00,5.692039884414995532e-01
8.999999999999999667e-02,8.000000000000000167e-02,0.000000000000000000e+00,5.402042326692229057e-01
8.999999999999999667e-02,8.100000000000000255e-02,0.000000000000000000e+00,5.460684712474030977e-01
8.999999999999999667e-02,8.200000000000000344e-02,0.000000000000000000e+00,5.715906262121259740e-01
8.999999999999999667e-02,8.300000000000000433e-02,0.000000000000000000e+00,6.216909274354431858e-01
8.999999999999999667e-02,8.400000000000000522e-02,0.000000000000000000e+00,5.435938678938445623e-01
8.999999999999999667e-02,8.500000000000000611e-02,0.000000000000000000e+00,5.729863439887026288e-01
8.999999999999999667e-02,8.600000000000000699e-02,0.000000000000000000e+00,5.143221569259752712e-01
8.999999999999999667e-02,8.700000000000000788e-02,0.000000000000000000e+00,5.272496414356553363e-01
8.999999999999999667e-02,8.799999999999999489e-02,0.000000000000000000e+00,5.516932336600677278e-01
8.999999999999999667e-02,8.899999999999999578e-02,0.000000000000000000e+00,5.114735528680078858e-01
8.999999999999999667e-02,8.999999999999999667e-02,0.000000000000000000e+00,5.310865936144062438e-01
8.999999999999999667e-02,9.099999999999999756e-02,0.000000000000000000e+00,5.302610252963386728e-01
8.999999999999999667e-02,9.199999999999999845e-02,0.000000000000000000e+00,5.572414187086116577e-01
8.999999999999999667e-02,9.299999999999999933e-02,0.000000000000000000e+00,5.342949592216119648e-01
8.999999999999999667e-02,9.400000000000000022e-02,0.000000000000000000e+00,5.333277093865294027e-01
8.999999999999999667e-02,9.500000000000000111e-02,0.000000000000000000e+00,5.350926818532497631e-01
8.999999999999999667e-02,9.600000000000000200e-02,0.000000000000000000e+00,5.411226759628584571e-01
8.999999999999999667e-02,9.700000000000000289e-02,0.000000000000000000e+00,5.267295858131511022e-01
8.999999999999999667e-02,9.800000000000000377e-02,0.000000000000000000e+00,5.545579268034692699e-01
8.999999999999999667e-02,9.900000000000000466e-02,0.000000000000000000e+00,5.017278477298907635e-01
8.999999999999999667e-02,1.000000000000000056e-01,0.000000000000000000e+00,5.499741090211645034e-01
9.199999999999999845e-02,0.000000000000000000e+00,0.000000000000000000e+00,5.156953380495872263e-01
9.199999999999999845e-02,1.000000000000000021e-03,0.000000000000000000e+00,5.033455736850971363e-01
9.199999999999999845e-02,2.000000000000000042e-03,0.000000000000000000e+00,4.670839906913834549e-01
9.199999999999999845e-02,3.000000000000000062e-03,0.000000000000000000e+00,5.845667210971561278e-01
9.199999999999999845e-02,4.000000000000000083e-03,0.000000000000000000e+00,5.607374085508669559e-01
9.199999999999999845e-02,5.000000000000000104e-03,0.000000000000000000e+00,5.524161123113835448e-01
9.199999999999999845e-02,6.000000000000000125e-03,0.000000000000000000e+00,4.729857889277740979e-01
9.199999999999999845e-02,7.000000000000000146e-03,0.000000000000000000e+00,5.626547814329876385e-01
9.199999999999999845e-02,8.000000000000000167e-03,0.000000000000000000e+00,6.362758780265622693e-01
9.199999999999999845e-02,9.000000000000001055e-03,0.000000000000000000e+00,5.417581273421174792e-01
9.199999999999999845e-02,1.000000000000000021e-02,0.000000000000000000e+00,5.806598244279063126e-01
9.199999999999999845e-02,1.099999999999999936e-02,0.000000000000000000e+00,4.643903027009245732e-01
9.199999999999999845e-02,1.200000000000000025e-02,0.000000000000000000e+00,4.396701915240577296e-01
9.199999999999999845e-02,1.300000000000000114e-02,0.000000000000000000e+00,5.401318944293429514e-01
9.199999999999999845e-02,1.400000000000000029e-02,0.000000000000000000e+00,5.029419119064104660e-01
9.199999999999999845e-02,1.499999999999999944e-02,0.000000000000000000e+00,4.268160088363014970e-01
9.199999999999999845e-02,1.600000000000000033e-02,0.000000000000000000e+00,5.910775366562042166e-01
9.199999999999999845e-02,1.700000000000000122e-02,0.000000000000000000e+00,4.899822825772408019e-01
9.199999999999999845e-02,1.800000000000000211e-02,0.000000000000000000e+00,4.567688811933611204e-01
9.199999999999999845e-02,1.899999999999999953e-02,0.000000000000000000e+00,4.182091133316611087e-01
9.199999999999999845e-02,2.000000000000000042e-02,0.000000000000000000e+00,5.120215702301597060e-01
9.199999999999999845e-02,2.100000000000000130e-02,0.000000000000000000e+00,5.372429062880971218e-01
9.199999999999999845e-02,2.199999999999999872e-02,0.000000000000000000e+00,4.777590749018515437e-01
9.199999999999999845e-02,2.299999999999999961e-02,0.000000000000000000e+00,5.089584493210381755e-01
9.199999999999999845e-02,2.400000000000000050e-02,0.000000000000000000e+00,4.412488996715703826e-01
9.199999999999999845e-02,2.500000000000000139e-02,0.000000000000000000e+00,4.931835855073648522e-01
9.199999999999999845e-02,2.600000000000000228e-02,0.000000000000000000e+00,6.142265944248268550e-01
9.199999999999999845e-02,2.699999999999999969e-02,0.000000000000000000e+00,5.805158702391964853e-01
9.199999999999999845e-02,2.800000000000000058e-02,0.000000000000000000e+00,5.221086960478418248e-01
9.199999999999999845e-02,2.900000000000000147e-02,0.000000000000000000e+00,6.499395254265568633e-01
9.199999999999999845e-02,2.999999999999999889e-02,0.000000000000000000e+00,5.269572086264623367e-01
9.199999999999999845e-02,3.099999999999999978e-02,0.000000000000000000e+00,5.096057825049820078e-01
9.199999999999999845e-02,3.200000000000000067e-02,0.000000000000000000e+00,5.051639116469947011e-01
9.199999999999999845e-02,3.300000000000000155e-02,0.000000000000000000e+00,4.820089014621944390e-01
9.199999999999999845e-02,3.400000000000000244e-02,0.000000000000000000e+00,4.212265074669093168e-01
9.199999999999999845e-02,3.500000000000000333e-02,0.000000000000000000e+00,4.607214331260424678e-01
9.199999999999999845e-02,3.600000000000000422e-02,0.000000000000000000e+00,4.281610964789747675e-01
9.199999999999999845e-02,3.699999999999999817e-02,0.000000000000000000e+00,4.522279900808252595e-01
9.199999999999999845e-02,3.799999999999999906e-02,0.000000000000000000e+00,5.007513286234244188e-01
9.199999999999999845e-02,3.899999999999999994e-02,0.000000000000000000e+00,5.487022894915130067e-01
9.199999999999999845e-02,4.000000000000000083e-02,0.000000000000000000e+00,5.448094624024268917e-01
9.199999999999999845e-02,4.100000000000000172e-02,0.000000000000000000e+00,5.173552937852035072e-01
9.199999999999999845e-02,4.200000000000000261e-02,0.000000000000000000e+00,5.558564941361250344e-01
9.199999999999999845e-02,4.300000000000000350e-02,0.000000000000000000e+00,5.152717168906009171e-01
9.199999999999999845e-02,4.399999999999999745e-02,0.000000000000000000e+00,5.670559691605461250e-01
9.199999999999999845e-02,4.499999999999999833e-02,0.000000000000000000e+00,5.292875603610578406e-01
9.199999999999999845e-02,4.599999999999999922e-02,0.000000000000000000e+00,4.582730473942461802e-01
9.199999999999999845e-02,4.700000000000000011e-02,0.000000000000000000e+00,4.311634852704562260e-01
9.199999999999999845e-02,4.800000000000000100e-02,0.000000000000000000e+00,5.290198188318466777e-01
9.199999999999999845e-02,4.900000000000000189e-02,0.000000000000000000e+00,4.747802711241502771e-01
9.199999999999999845e-02,5.000000000000000278e-02,0.000000000000000000e+00,5.184177560849224653e-01
9.199999999999999845e-02,5.100000000000000366e-02,0.000000000000000000e+00,5.031611310037491513e-01
9.199999999999999845e-02,5.200000000000000455e-02,0.000000000000000000e+00,5.230616417128677309e-01
9.199999999999999845e-02,5.299999999999999850e-02,0.000000000000000000e+00,5.573335303744433311e-01
9.199999999999999845e-02,5.399999999999999939e-02,0.000000000000000000e+00,5.167295305374151049e-01
9.199999999999999845e-02,5.500000000000000028e-02,0.000000000000000000e+00,4.829166880039302279e-01
9.199999999999999845e-02,5.600000000000000117e-02,0.000000000000000000e+00,5.204895361881023419e-01
9.199999999999999845e-02,5.700000000000000205e-02,0.000000000000000000e+00,6.244273721182279635e-01
9.199999999999999845e-02,5.800000000000000294e-02,0.000000000000000000e+00,4.920574806593158157e-01
9.199999999999999845e-02,5.900000000000000383e-02,0.000000000000000000e+00,4.751094841977795968e-01
9.199999999999999845e-02,5.999999999999999778e-02,0.000000000000000000e+00,4.829033991653603475e-01
9.199999999999999845e-02,6.099999999999999867e-02,0.000000000000000000e+00,5.457157422465502838e-01
9.199999999999999845e-02,6.199999999999999956e-02,0.000000000000000000e+00,5.159432179804686047e-01
9.199999999999999845e-02,6.300000000000000044e-02,0.000000000000000000e+00,4.975890532878550765e-01
9.199999999999999845e-02,6.400000000000000133e-02,0.000000000000000000e+00,4.798297218916183215e-01
9.199999999999999845e-02,6.500000000000000222e-02,0.000000000000000000e+00,5.183136111052952799e-01
9.199999999999999845e-02,6.600000000000000311e-02,0.000000000000000000e+00,5.606997009035628032e-01
9.199999999999999845e-02,6.700000000000000400e-02,0.000000000000000000e+00,4.847117787429142122e-01
9.199999999999999845e-02,6.800000000000000488e-02,0.000000000000000000e+00,4.565875534672790836e-01
9.199999999999999845e-02,6.900000000000000577e-02,0.000000000000000000e+00,4.973719585305286239e-01
9.199999999999999845e-02,7.000000000000000666e-02,0.000000000000000000e+00,5.898020997578434788e-01
9.199999999999999845e-02,7.100000000000000755e-02,0.000000000000000000e+00,4.054146920722038749e-01
9.199999999999999845e-02,7.200000000000000844e-02,0.000000000000000000e+00,4.708614627499173033e-01
9.199999999999999845e-02,7.299999999999999545e-02,0.000000000000000000e+00,4.446239756737577764e-01
9.199999999999999845e-02,7.399999999999999634e-02,0.000000000000000000e+00,4.949597353243801456e-01
9.199999999999999845e-02,7.499999999999999722e-02,0.000000000000000000e+00,5.088872529657028076e-01
9.199999999999999845e-02,7.599999999999999811e-02,0.000000000000000000e+00,4.511946285243271237e-01
9.199999999999999845e-02,7.699999999999999900e-02,0.000000000000000000e+00,5.003607014422559729e-01
9.199999999999999845e-02,7.799999999999999989e-02,0.000000000000000000e+00,5.516723080982686156e-01
9.199999999999999845e-02,7.900000000000000078e-02,0.000000000000000000e+00,5.947680870175271473e-01
9.199999999999999845e-02,8.000000000000000167e-02,0.000000000000000000e+00,5.361561966047713179e-01
9.199999999999999845e-02,8.100000000000000255e-02,0.000000000000000000e+00,5.580521723598503847e-01
9.199999999999999845e-02,8.200000000000000344e-02,0.000000000000000000e+00,5.768225944517335613e-01
9.199999999999999845e-02,8.300000000000000433e-02,0.000000000000000000e+00,5.986410286147154647e-01
9.199999999999999845e-02,8.400000000000000522e-02,0.000000000000000000e+00,4.716037468676774758e-01
9.199999999999999845e-02,8.500000000000000611e-02,0.000000000000000000e+00,5.788490545182978231e-01
9.199999999999999845e-02,8.600000000000000699e-02,0.000000000000000000e+00,4.915129594104957755e-01
9.199999999999999845e-02,8.700000000000000788e-02,0.000000000000000000e+00,5.690161360422441028e-01
9.199999999999999845e-02,8.799999999999999489e-02,0.000000000000000000e+00,5.414216025583566960e-01
9.199999999999999845e-02,8.899999999999999578e-02,0.000000000000000000e+00,4.767202183285540462e-01
9.199999999999999845e-02,8.999999999999999667e-02,0.000000000000000000e+00,5.214702682922485177e-01
9.199999999999999845e-02,9.099999999999999756e-02,0.000000000000000000e+00,5.452628697266663771e-01
9.199999999999999845e-02,9.199999999999999845e-02,0.000000000000000000e+00,5.599463253388810013e-01
9.199999999999999845e-02,9.299999999999999933e-02,0.000000000000000000e+00,5.351526631122950350e-01
9.199999999999999845e-02,9.400000000000000022e-02,0.000000000000000000e+00,5.626029307538243929e-01
9.199999999999999845e-02,9.500000000000000111e-02,0.000000000000000000e+00,5.642545289084954785e-01
9.199999999999999845e-02,9.600000000000000200e-02,0.000000000000000000e+00,5.483355837181704828e-01
9.199999999999999845e-02,9.700000000000000289e-02,0.000000000000000000e+00,5.196372254811074676e-01
9.199999999999999845e-02,9.800000000000000377e-02,0.000000000000000000e+00,6.093962256061614680e-01
9.199999999999999845e-02,9.900000000000000466e-02,0.000000000000000000e+00,5.304938222477397769e-01
9.199999999999999845e-02,1.000000000000000056e-01,0.000000000000000000e+00,6.101424149405439978e-01
9.400000000000000022e-02,0.000000000000000000e+00,0.000000000000000000e+00,4.921565607134605891e-01
9.400000000000000022e-02,1.000000000000000021e-03,0.000000000000000000e+00,5.609515196665506576e-01
9.400000000000000022e-02,2.000000000000000042e-03,0.000000000000000000e+00,4.873563313556748544e-01
9.400000000000000022e-02,3.000000000000000062e-03,0.000000000000000000e+00,6.161785573426893370e-01
9.400000000000000022e-02,4.000000000000000083e-03,0.000000000000000000e+00,5.460537842776822526e-01
9.400000000000000022e-02,5.000000000000000104e-03,0.000000000000000000e+00,5.691375712628957695e-01
9.400000000000000022e-02,6.000000000000000125e-03,0.000000000000000000e+00,4.449463829910028090e-01
9.400000000000000022e-02,7.000000000000000146e-03,0.000000000000000000e+00,5.567328536663286309e-01
9.400000000000000022e-02,8.000000000000000167e-03,0.000000000000000000e+00,6.485165269683117462e-01
9.400000000000000022e-02,9.000000000000001055e-03,0.000000000000000000e+00,5.266680953114029062e-01
9.400000000000000022e-02,1.000000000000000021e-02,0.000000000000000000e+00,5.496124473054557757e-01
9.400000000000000022e-02,1.099999999999999936e-02,0.000000000000000000e+00,4.628193424917090848e-01
9.400000000000000022e-02,1.200000000000000025e-02,0.000000000000000000e+00,4.225092571054793744e-01
9.400000000000000022e-02,1.300000000000000114e-02,0.000000000000000000e+00,4.963249104620818808e-01
9.400000000000000022e-02,1.400000000000000029e-02,0.000000000000000000e+00,5.520913538999039361e-01
9.400000000000000022e-02,1.499999999999999944e-02,0.000000000000000000e+00,4.435985339949848338e-01
9.400000000000000022e-02,1.600000000000000033e-02,0.000000000000000000e+00,6.029797848326547971e-01
9.400000000000000022e-02,1.700000000000000122e-02,0.000000000000000000e+00,4.915677628453342662e-01
9.400000000000000022e-02,1.800000000000000211e-02,0.000000000000000000e+00,4.716863829393299068e-01
9.400000000000000022e-02,1.899999999999999953e-02,0.000000000000000000e+00,4.270896083577907509e-01
9.400000000000000022e-02,2.000000000000000042e-02,0.000000000000000000e+00,5.352724612049314379e-01
9.400000000000000022e-02,2.100000000000000130e-02,0.000000000000000000e+00,6.167410206412740070e-01
9.400000000000000022e-02,2.199999999999999872e-02,0.000000000000000000e+00,4.967605082271576711e-01
9.400000000000000022e-02,2.299999999999999961e-02,0.000000000000000000e+00,5.043612435921613901e-01
9.400000000000000022e-02,2.400000000000000050e-02,0.000000000000000000e+00,4.405261141391551005e-01
9.400000000000000022e-02,2.500000000000000139e-02,0.000000000000000000e+00,4.612793370517626057e-01
9.400000000000000022e-02,2.600000000000000228e-02,0.000000000000000000e+00,5.455197252595064272e-01
9.400000000000000022e-02,2.699999999999999969e-02,0.000000000000000000e+00,5.400450281999734647e-01
9.400000000000000022e-02,2.800000000000000058e-02,0.000000000000000000e+00,4.770143292923005318e-01
9.400000000000000022e-02,2.900000000000000147e-02,0.000000000000000000e+00,5.703751791711111352e-01
9.400000000000000022e-02,2.999999999999999889e-02,0.000000000000000000e+00,4.864991574909538485e-01
9.400000000000000022e-02,3.099999999999999978e-02,0.000000000000000000e+00,4.330934490356966871e-01
9.400000000000000022e-02,3.200000000000000067e-02,0.000000000000000000e+00,5.088595061006981890e-01
9.400000000000000022e-02,3.300000000000000155e-02,0.000000000000000000e+00,4.995209933201633645e-01
9.400000000000000022e-02,3.400000000000000244e-02,0.000000000000000000e+00,5.454972145874347200e-01
9.400000000000000022e-02,3.500000000000000333e-02,0.000000000000000000e+00,5.218753565221995183e-01
9.400000000000000022e-02,3.600000000000000422e-02,0.000000000000000000e+00,5.081468931459971472e-01
9.400000000000000022e-02,3.699999999999999817e-02,0.000000000000000000e+00,5.137460261262223327e-01
9.400000000000000022e-02,3.799999999999999906e-02,0.000000000000000000e+00,5.801709032443020941e-01
9.400000000000000022e-02,3.899999999999999994e-02,0.000000000000000000e+00,5.674758443854388545e-01
9.400000000000000022e-02,4.000000000000000083e-02,0.000000000000000000e+00,5.586379867334305693e-01
9.400000000000000022e-02,4.100000000000000172e-02,0.000000000000000000e+00,5.519713868512687860e-01
9.400000000000000022e-02,4.200000000000000261e-02,0.000000000000000000e+00,5.481126984240974886e-01
9.400000000000000022e-02,4.300000000000000350e-02,0.000000000000000000e+00,5.225898577011185431e-01
9.400000000000000022e-02,4.399999999999999745e-02,0.000000000000000000e+00,4.969064602878056625e-01
9.400000000000000022e-02,4.499999999999999833e-02,0.000000000000000000e+00,5.505961926258385875e-01
9.400000000000000022e-02,4.599999999999999922e-02,0.000000000000000000e+00,4.830858960049644879e-01
9.400000000000000022e-02,4.700000000000000011e-02,0.000000000000000000e+00,5.165363720117013280e-01
9.400000000000000022e-02,4.800000000000000100e-02,0.000000000000000000e+00,5.445284391492353215e-01
9.400000000000000022e-02,4.900000000000000189e-02,0.000000000000000000e+00,5.363146048052032100e-01
9.400000000000000022e-02,5.000000000000000278e-02,0.000000000000000000e+00,5.401985206015016416e-01
9.400000000000000022e-02,5.100000000000000366e-02,0.000000000000000000e+00,5.837413879674920869e-01
9.400000000000000022e-02,5.200000000000000455e-02,0.000000000000000000e+00,5.051433788077641651e-01
9.400000000000000022e-02,5.299999999999999850e-02,0.000000000000000000e+00,5.478768753551910287e-01
9.400000000000000022e-02,5.399999999999999939e-02,0.000000000000000000e+00,5.482918056349170843e-01
9.400000000000000022e-02,5.500000000000000028e-02,0.000000000000000000e+00,5.087992116683599519e-01
9.400000000000000022e-02,5.600000000000000117e-02,0.000000000000000000e+00,5.052878727435714534e-01
9.400000000000000022e-02,5.700000000000000205e-02,0.000000000000000000e+00,5.635789951230332218e-01
9.400000000000000022e-02,5.800000000000000294e-02,0.000000000000000000e+00,4.985515274973613686e-01
9.400000000000000022e-02,5.900000000000000383e-02,0.000000000000000000e+00,4.926937052521311311e-01
9.400000000000000022e-02,5.999999999999999778e-02,0.000000000000000000e+00,4.967170867573074133e-01
9.400000000000000022e-02,6.099999999999999867e-02,0.000000000000000000e+00,5.281136072163004069e-01
9.400000000000000022e-02,6.199999999999999956e-02,0.000000000000000000e+00,5.544360222019555362e-01
9.400000000000000022e-02,6.300000000000000044e-02,0.000000000000000000e+00,5.021717485875569764e-01
9.400000000000000022e-02,6.400000000000000133e-02,0.000000000000000000e+00,5.434788452010743676e-01
9.400000000000000022e-02,6.500000000000000222e-02,0.000000000000000000e+00,4.739275730348285753e-01
9.400000000000000022e-02,6.600000000000000311e-02,0.000000000000000000e+00,5.323871695544362126e-01
9.400000000000000022e-02,6.700000000000000400e-02,0.000000000000000000e+00,5.197616323220201062e-01
9.400000000000000022e-02,6.800000000000000488e-02,0.000000000000000000e+00,4.988405617404472747e-01
9.400000000000000022e-02,6.900000000000000577e-02,0.000000000000000000e+00,4.724841073104133482e-01
9.400000000000000022e-02,7.000000000000000666e-02,0.000000000000000000e+00,5.654091081792345097e-01
9.400000000000000022e-02,7.100000000000000755e-02,0.000000000000000000e+00,4.318350608942967961e-01
9.400000000000000022e-02,7.200000000000000844e-02,0.000000000000000000e+00,4.828384066775983641e-01
9.400000000000000022e-02,7.299999999999999545e-02,0.000000000000000000e+00,4.389423322638055791e-01
9.400000000000000022e-02,7.399999999999999634e-02,0.000000000000000000e+00,4.951025529423384586e-01
9.400000000000000022e-02,7.499999999999999722e-02,0.000000000000000000e+00,5.388860220933986422e-01
9.400000000000000022e-02,7.599999999999999811e-02,0.000000000000000000e+00,4.531327529656636321e-01
9.400000000000000022e-02,7.699999999999999900e-02,0.000000000000000000e+00,5.273575617924834980e-01
9.400000000000000022e-02,7.799999999999999989e-02,0.000000000000000000e+00,4.890577294820183663e-01
9.400000000000000022e-02,7.900000000000000078e-02,0.000000000000000000e+00,5.223533941925593282e-01
9.400000000000000022e-02,8.000000000000000167e-02,0.000000000000000000e+00,5.394639374479155425e-01
9.400000000000000022e-02,8.100000000000000255e-02,0.000000000000000000e+00,5.415735810004826956e-01
9.400000000000000022e-02,8.200000000000000344e-02,0.000000000000000000e+00,5.210132856326762374e-01
9.400000000000000022e-02,8.300000000000000433e-02,0.000000000000000000e+00,5.668166320441064832e-01
9.400000000000000022e-02,8.400000000000000522e-02,0.000000000000000000e+00,4.929862985180197832e-01
9.400000000000000022e-02,8.500000000000000611e-02,0.000000000000000000e+00,5.429066855201312158e-01
9.400000000000000022e-02,8.600000000000000699e-02,0.000000000000000000e+00,4.815764941264235599e-01
9.400000000000000022e-02,8.700000000000000788e-02,0.000000000000000000e+00,5.711419671874135018e-01
9.400000000000000022e-02,8.799999999999999489e-02,0.000000000000000000e+00,5.481879253675181474e-01
9.400000000000000022e-02,8.899999999999999578e-02,0.000000000000000000e+00,4.658863220830966601e-01
9.400000000000000022e-02,8.999999999999999667e-02,0.000000000000000000e+00,5.136477585660248479e-01
9.400000000000000022e-02,9.099999999999999756e-02,0.000000000000000000e+00,4.857993824586984699e-01
9.400000000000000022e-02,9.199999999999999845e-02,0.000000000000000000e+00,4.798127146010783828e-01
9.400000000000000022e-02,9.299999999999999933e-02,0.000000000000000000e+00,5.145371567171233007e-01
9.400000000000000022e-02,9.400000000000000022e-02,0.000000000000000000e+00,5.105896176259985264e-01
9.400000000000000022e-02,9.500000000000000111e-02,0.000000000000000000e+00,5.119389598529127117e-01
9.400000000000000022e-02,9.600000000000000200e-02,0.000000000000000000e+00,5.165304416025604528e-01
9.400000000000000022e-02,9.700000000000000289e-02,0.000000000000000000e+00,5.284177428908644059e-01
9.400000000000000022e-02,9.800000000000000377e-02,0.000000000000000000e+00,5.652698189950078334e-01
9.400000000000000022e-02,9.900000000000000466e-02,0.000000000000000000e+00,5.348311505378223751e-01
9.400000000000000022e-02,1.000000000000000056e-01,0.000000000000000000e+00,6.181473271997481866e-01
9.600000000000000200e-02,0.000000000000000000e+00,0.000000000000000000e+00,5.000332450238664794e-01
9.600000000000000200e-02,1.000000000000000021e-03,0.000000000000000000e+00,6.096342283282455421e-01
9.600000000000000200e-02,2.000000000000000042e-03,0.000000000000000000e+00,5.432924573286521674e-01
9.600000000000000200e-02,3.000000000000000062e-03,0.000000000000000000e+00,6.279420439073261084e-01
9.600000000000000200e-02,4.000000000000000083e-03,0.000000000000000000e+00,5.429827382119313262e-01
9.600000000000000200e-02,5.000000000000000104e-03,0.000000000000000000e+00,5.751752611605492893e-01
9.600000000000000200e-02,6.000000000000000125e-03,0.000000000000000000e+00,4.530616328584766150e-01
9.600000000000000200e-02,7.000000000000000146e-03,0.000000000000000000e+00,5.283045245053121786e-01
9.600000000000000200e-02,8.000000000000000167e-03,0.000000000000000000e+00,6.146366159725749068e-01
9.600000000000000200e-02,9.000000000000001055e-03,0.000000000000000000e+00,4.783676300724367669e-01
9.600000000000000200e-02,1.000000000000000021e-02,0.000000000000000000e+00,4.780680723477178096e-01
9.600000000000000200e-02,1.099999999999999936e-02,0.000000000000000000e+00,4.176189045747706330e-01
9.600000000000000200e-02,1.200000000000000025e-02,0.000000000000000000e+00,4.023832330320589179e-01
9.600000000000000200e-02,1.300000000000000114e-02,0.000000000000000000e+00,4.752296789657962650e-01
9.600000000000000200e-02,1.400000000000000029e-02,0.000000000000000000e+00,5.790100495566645744e-01
9.600000000000000200e-02,1.499999999999999944e-02,0.000000000000000000e+00,4.893674092084567828e-01
9.600000000000000200e-02,1.600000000000000033e-02,0.000000000000000000e+00,6.064540031817031718e-01
9.600000000000000200e-02,1.700000000000000122e-02,0.000000000000000000e+00,5.177053407596629020e-01
9.600000000000000200e-02,1.800000000000000211e-02,0.000000000000000000e+00,5.094461652924031636e-01
9.600000000000000200e-02,1.899999999999999953e-02,0.000000000000000000e+00,4.882657226564125486e-01
9.600000000000000200e-02,2.000000000000000042e-02,0.000000000000000000e+00,5.603477744380220837e-01
9.600000000000000200e-02,2.100000000000000130e-02,0.000000000000000000e+00,6.290123831849195879e-01
9.600000000000000200e-02,2.199999999999999872e-02,0.000000000000000000e+00,4.989199564623251204e-01
9.600000000000000200e-02,2.299999999999999961e-02,0.000000000000000000e+00,4.570217777980016827e-01
9.600000000000000200e-02,2.400000000000000050e-02,0.000000000000000000e+00,4.137516818657526185e-01
9.600000000000000200e-02,2.500000000000000139e-02,0.000000000000000000e+00,4.573767272776423365e-01
9.600000000000000200e-02,2.600000000000000228e-02,0.000000000000000000e+00,5.102688353984943248e-01
9.600000000000000200e-02,2.699999999999999969e-02,0.000000000000000000e+00,5.122162506090323086e-01
9.600000000000000200e-02,2.800000000000000058e-02,0.000000000000000000e+00,4.554655911046266437e-01
9.600000000000000200e-02,2.900000000000000147e-02,0.000000000000000000e+00,5.262958186633355240e-01
9.600000000000000200e-02,2.999999999999999889e-02,0.000000000000000000e+00,4.740087351301770502e-01
9.600000000000000200e-02,3.099999999999999978e-02,0.000000000000000000e+00,3.992937987123263976e-01
9.600000000000000200e-02,3.200000000000000067e-02,0.000000000000000000e+00,4.958902468456239943e-01
9.600000000000000200e-02,3.300000000000000155e-02,0.000000000000000000e+00,4.967143236678168705e-01
9.600000000000000200e-02,3.400000000000000244e-02,0.000000000000000000e+00,5.238503494942896577e-01
9.600000000000000200e-02,3.500000000000000333e-02,0.000000000000000000e+00,5.255810633287376632e-01
9.600000000000000200e-02,3.600000000000000422e-02,0.000000000000000000e+00,4.683343917652871835e-01
9.600000000000000200e-02,3.699999999999999817e-02,0.000000000000000000e+00,5.113411851476257208e-01
9.600000000000000200e-02,3.799999999999999906e-02,0.000000000000000000e+00,6.250551106239250476e-01
9.600000000000000200e-02,3.899999999999999994e-02,0.000000000000000000e+00,5.739056845117378458e-01
9.600000000000000200e-02,4.000000000000000083e-02,0.000000000000000000e+00,5.818293287341789188e-01
9.600000000000000200e-02,4.100000000000000172e-02,0.000000000000000000e+00,5.830947506601120711e-01
9.600000000000000200e-02,4.200000000000000261e-02,0.000000000000000000e+00,5.970774895715353914e-01
9.600000000000000200e-02,4.300000000000000350e-02,0.000000000000000000e+00,5.721314777103452265e-01
9.600000000000000200e-02,4.399999999999999745e-02,0.000000000000000000e+00,4.843481489611107249e-01
9.600000000000000200e-02,4.499999999999999833e-02,0.000000000000000000e+00,5.128842401243567384e-01
9.600000000000000200e-02,4.599999999999999922e-02,0.000000000000000000e+00,5.075481219245459030e-01
9.600000000000000200e-02,4.700000000000000011e-02,0.000000000000000000e+00,4.843128527783298609e-01
9.600000000000000200e-02,4.800000000000000100e-02,0.000000000000000000e+00,5.458637977160165633e-01
9.600000000000000200e-02,4.900000000000000189e-02,0.000000000000000000e+00,4.834588134213683164e-01
9.600000000000000200e-02,5.000000000000000278e-02,0.000000000000000000e+00,5.156161448954467152e-01
9.600000000000000200e-02,5.100000000000000366e-02,0.000000000000000000e+00,5.858544074284470771e-01
9.600000000000000200e-02,5.200000000000000455e-02,0.000000000000000000e+00,4.579111213148562842e-01
9.600000000000000200e-02,5.299999999999999850e-02,0.000000000000000000e+00,5.491877952238315430e-01
9.600000000000000200e-02,5.399999999999999939e-02,0.000000000000000000e+00,5.671132870746853349e-01
9.600000000000000200e-02,5.500000000000000028e-02,0.000000000000000000e+00,5.635974191583978943e-01
9.600000000000000200e-02,5.600000000000000117e-02,0.000000000000000000e+00,5.317446570456090260e-01
9.600000000000000200e-02,5.700000000000000205e-02,0.000000000000000000e+00,5.268990876543497848e-01
9.600000000000000200e-02,5.800000000000000294e-02,0.000000000000000000e+00,4.429080864418583618e-01
9.600000000000000200e-02,5.900000000000000383e-02,0.000000000000000000e+00,5.586249290044659199e-01
9.600000000000000200e-02,5.999999999999999778e-02,0.000000000000000000e+00,5.249666283140136391e-01
9.600000000000000200e-02,6.099999999999999867e-02,0.000000000000000000e+00,5.957468969356556343e-01
9.600000000000000200e-02,6.199999999999999956e-02,0.000000000000000000e+00,5.795146307554954745e-01
9.600000000000000200e-02,6.300000000000000044e-02,0.000000000000000000e+00,5.357174983642567501e-01
9.600000000000000200e-02,6.400000000000000133e-02,0.000000000000000000e+00,5.568969431660031333e-01
9.600000000000000200e-02,6.500000000000000222e-02,0.000000000000000000e+00,4.462052379479489739e-01
9.600000000000000200e-02,6.600000000000000311e-02,0.000000000000000000e+00,5.533342483641898735e-01
9.600000000000000200e-02,6.700000000000000400e-02,0.000000000000000000e+00,5.569676144941333451e-01
9.600000000000000200e-02,6.800000000000000488e-02,0.000000000000000000e+00,5.077720502737754771e-01
9.600000000000000200e-02,6.900000000000000577e-02,0.000000000000000000e+00,4.202547086842438606e-01
9.600000000000000200e-02,7.000000000000000666e-02,0.000000000000000000e+00,4.480311896213608480e-01
9.600000000000000200e-02,7.100000000000000755e-02,0.000000000000000000e+00,3.543738106637886465e-01
9.600000000000000200e-02,7.200000000000000844e-02,0.000000000000000000e+00,5.015102049814998963e-01
9.600000000000000200e-02,7.299999999999999545e-02,0.000000000000000000e+00,4.741848693022386318e-01
9.600000000000000200e-02,7.399999999999999634e-02,0.000000000000000000e+00,5.412740284039809779e-01
9.600000000000000200e-02,7.499999999999999722e-02,0.000000000000000000e+00,5.727609853789643601e-01
9.600000000000000200e-02,7.599999999999999811e-02,0.000000000000000000e+00,4.855499532349921155e-01
9.600000000000000200e-02,7.699999999999999900e-02,0.000000000000000000e+00,5.404298320424945068e-01
9.600000000000000200e-02,7.799999999999999989e-02,0.000000000000000000e+00,5.040217877203609920e-01
9.600000000000000200e-02,7.900000000000000078e-02,0.000000000000000000e+00,5.767994655858295072e-01
9.600000000000000200e-02,8.000000000000000167e-02,0.000000000000000000e+00,6.194437888074044718e-01
9.600000000000000200e-02,8.100000000000000255e-02,0.000000000000000000e+00,5.243475667621176894e-01
9.600000000000000200e-02,8.200000000000000344e-02,0.000000000000000000e+00,4.449819747229620814e-01
9.600000000000000200e-02,8.300000000000000433e-02,0.000000000000000000e+00,4.400890894844948775e-01
9.600000000000000200e-02,8.400000000000000522e-02,0.000000000000000000e+00,4.515265808790776547e-01
9.600000000000000200e-02,8.500000000000000611e-02,0.000000000000000000e+00,4.975135345397057041e-01
9.600000000000000200e-02,8.600000000000000699e-02,0.000000000000000000e+00,4.772943759321277013e-01
9.600000000000000200e-02,8.700000000000000788e-02,0.000000000000000000e+00,5.115531098818525413e-01
9.600000000000000200e-02,8.799999999999999489e-02,0.000000000000000000e+00,5.023585112047090906e-01
9.600000000000000200e-02,8.899999999999999578e-02,0.000000000000000000e+00,4.185856932506285544e-01
9.600000000000000200e-02,8.999999999999999667e-02,0.000000000000000000e+00,4.762865818033202303e-01
9.600000000000000200e-02,9.099999999999999756e-02,0.000000000000000000e+00,4.779358852232947763e-01
9.600000000000000200e-02,9.199999999999999845e-02,0.000000000000000000e+00,5.057710854817544233e-01
9.600000000000000200e-02,9.299999999999999933e-02,0.000000000000000000e+00,5.756994977823479687e-01
9.600000000000000200e-02,9.400000000000000022e-02,0.000000000000000000e+00,4.948819190226558806e-01
9.600000000000000200e-02,9.500000000000000111e-02,0.000000000000000000e+00,4.895553939065832028e-01
9.600000000000000200e-02,9.600000000000000200e-02,0.000000000000000000e+00,4.874449568491475149e-01
9.600000000000000200e-02,9.700000000000000289e-02,0.000000000000000000e+00,5.788300696790598110e-01
9.600000000000000200e-02,9.800000000000000377e-02,0.000000000000000000e+00,5.647994658972556037e-01
9.600000000000000200e-02,9.900000000000000466e-02,0.000000000000000000e+00,5.657268751163740950e-01
9.600000000000000200e-02,1.000000000000000056e-01,0.000000000000000000e+00,5.829588558152036804e-01
9.800000000000000377e-02,0.000000000000000000e+00,0.000000000000000000e+00,5.321100622353602816e-01
9.800000000000000377e-02,1.000000000000000021e-03,0.000000000000000000e+00,5.883344990350161119e-01
9.800000000000000377e-02,2.000000000000000042e-03,0.000000000000000000e+00,5.327944775510037312e-01
9.800000000000000377e-02,3.000000000000000062e-03,0.000000000000000000e+00,5.467007082626809122e-01
9.800000000000000377e-02,4.000000000000000083e-03,0.000000000000000000e+00,4.957332479996806041e-01
9.800000000000000377e-02,5.000000000000000104e-03,0.000000000000000000e+00,5.379948166615859950e-01
9.800000000000000377e-02,6.000000000000000125e-03,0.000000000000000000e+00,4.526534836206936308e-01
9.800000000000000377e-02,7.000000000000000146e-03,0.000000000000000000e+00,4.913622262664632534e-01
9.800000000000000377e-02,8.000000000000000167e-03,0.000000000000000000e+00,5.763345767611367521e-01
9.800000000000000377e-02,9.000000000000001055e-03,0.000000000000000000e+00,4.510945170110761127e-01
9.800000000000000377e-02,1.000000000000000021e-02,0.000000000000000000e+00,4.834691167407141887e-01
9.800000000000000377e-02,1.099999999999999936e-02,0.000000000000000000e+00,4.833649818936391895e-01
9.800000000000000377e-02,1.200000000000000025e-02,0.000000000000000000e+00,4.735929750615975875e-01
9.800000000000000377e-02,1.300000000000000114e-02,0.000000000000000000e+00,5.278799572939580909e-01
9.800000000000000377e-02,1.400000000000000029e-02,0.000000000000000000e+00,5.656406790144614671e-01
9.800000000000000377e-02,1.499999999999999944e-02,0.000000000000000000e+00,5.021574538220985318e-01
9.800000000000000377e-02,1.600000000000000033e-02,0.000000000000000000e+00,5.491895540331777070e-01
9.800000000000000377e-02,1.700000000000000122e-02,0.000000000000000000e+00,4.958156311403135175e-01
9.800000000000000377e-02,1.800000000000000211e-02,0.000000000000000000e+00,5.021714085404331840e-01
9.800000000000000377e-02,1.899999999999999953e-02,0.000000000000000000e+00,5.090423662921161885e-01
9.800000000000000377e-02,2.000000000000000042e-02,0.000000000000000000e+00,5.309937247845040176e-01
9.800000000000000377e-02,2.100000000000000130e-02,0.000000000000000000e+00,5.742891669625316275e-01
9.800000000000000377e-02,2.199999999999999872e-02,0.000000000000000000e+00,4.451487553131087682e-01
9.800000000000000377e-02,2.299999999999999961e-02,0.000000000000000000e+00,4.317265581911237105e-01
9.800000000000000377e-02,2.400000000000000050e-02,0.000000000000000000e+00,4.456539403425195944e-01
9.800000000000000377e-02,2.500000000000000139e-02,0.000000000000000000e+00,4.862709541252616119e-01
9.800000000000000377e-02,2.600000000000000228e-02,0.000000000000000000e+00,4.887154380323236458e-01
9.800000000000000377e-02,2.699999999999999969e-02,0.000000000000000000e+00,4.539785640896354391e-01
9.800000000000000377e-02,2.800000000000000058e-02,0.000000000000000000e+00,4.323740340915095404e-01
9.800000000000000377e-02,2.900000000000000147e-02,0.000000000000000000e+00,4.820393991460343863e-01
9.800000000000000377e-02,2.999999999999999889e-02,0.000000000000000000e+00,4.426895353376445463e-01
9.800000000000000377e-02,3.099999999999999978e-02,0.000000000000000000e+00,4.053636517212476642e-01
9.800000000000000377e-02,3.200000000000000067e-02,0.000000000000000000e+00,5.365442608905675037e-01
9.800000000000000377e-02,3.300000000000000155e-02,0.000000000000000000e+00,5.139351793585522632e-01
9.800000000000000377e-02,3.400000000000000244e-02,0.000000000000000000e+00,4.967052401031684106e-01
9.800000000000000377e-02,3.500000000000000333e-02,0.000000000000000000e+00,4.812676001681073790e-01
9.800000000000000377e-02,3.600000000000000422e-02,0.000000000000000000e+00,4.247954923302602048e-01
9.800000000000000377e-02,3.699999999999999817e-02,0.000000000000000000e+00,4.973288251675480609e-01
9.800000000000000377e-02,3.799999999999999906e-02,0.000000000000000000e+00,6.062330164724551995e-01
9.800000000000000377e-02,3.899999999999999994e-02,0.000000000000000000e+00,5.012649501296853050e-01
9.800000000000000377e-02,4.000000000000000083e-02,0.000000000000000000e+00,4.890100209818921684e-01
9.800000000000000377e-02,4.100000000000000172e-02,0.000000000000000000e+00,5.078430131009012971e-01
9.800000000000000377e-02,4.200000000000000261e-02,0.000000000000000000e+00,5.200516122857932189e-01
9.800000000000000377e-02,4.300000000000000350e-02,0.000000000000000000e+00,4.993265189242545032e-01
9.800000000000000377e-02,4.399999999999999745e-02,0.000000000000000000e+00,4.620007893991164294e-01
9.800000000000000377e-02,4.499999999999999833e-02,0.000000000000000000e+00,5.451054675256905568e-01
9.800000000000000377e-02,4.599999999999999922e-02,0.000000000000000000e+00,5.301739737783464079e-01
9.800000000000000377e-02,4.700000000000000011e-02,0.000000000000000000e+00,4.750089168034238862e-01
9.800000000000000377e-02,4.800000000000000100e-02,0.000000000000000000e+00,5.114880153502607829e-01
9.800000000000000377e-02,4.900000000000000189e-02,0.000000000000000000e+00,4.494488302868543395e-01
9.800000000000000377e-02,5.000000000000000278e-02,0.000000000000000000e+00,5.117733318155682776e-01
9.800000000000000377e-02,5.100000000000000366e-02,0.000000000000000000e+00,5.893709594896570092e-01
9.800000000000000377e-02,5.200000000000000455e-02,0.000000000000000000e+00,4.342630071109273571e-01
9.800000000000000377e-02,5.299999999999999850e-02,0.000000000000000000e+00,4.998510887889956456e-01
9.800000000000000377e-02,5.399999999999999939e-02,0.000000000000000000e+00,5.224545341820496791e-01
9.800000000000000377e-02,5.500000000000000028e-02,0.000000000000000000e+00,5.100364325634962892e-01
9.800000000000000377e-02,5.600000000000000117e-02,0.000000000000000000e+00,5.112639260115889872e-01
9.800000000000000377e-02,5.700000000000000205e-02,0.000000000000000000e+00,5.289732554907131679e-01
9.800000000000000377e-02,5.800000000000000294e-02,0.000000000000000000e+00,4.938483511003009530e-01
9.800000000000000377e-02,5.900000000000000383e-02,0.000000000000000000e+00,5.698368461281000386e-01
9.800000000000000377e-02,5.999999999999999778e-02,0.000000000000000000e+00,5.233556736600972759e-01
9.800000000000000377e-02,6.099999999999999867e-02,0.000000000000000000e+00,5.589202802389074964e-01
9.800000000000000377e-02,6.199999999999999956e-02,0.000000000000000000e+00,5.527836778012993335e-01
9.800000000000000377e-02,6.300000000000000044e-02,0.000000000000000000e+00,5.279933544943788970e-01
9.800000000000000377e-02,6.400000000000000133e-02,0.000000000000000000e+00,5.406480372190228811e-01
9.800000000000000377e-02,6.500000000000000222e-02,0.000000000000000000e+00,4.186570533119963744e-01
9.800000000000000377e-02,6.600000000000000311e-02,0.000000000000000000e+00,4.939629631573724811e-01
9.800000000000000377e-02,6.700000000000000400e-02,0.000000000000000000e+00,5.118463342515277015e-01
9.800000000000000377e-02,6.800000000000000488e-02,0.000000000000000000e+00,4.659545966600463496e-01
9.800000000000000377e-02,6.900000000000000577e-02,0.000000000000000000e+00,4.340678319942462560e-01
9.800000000000000377e-02,7.000000000000000666e-02,0.000000000000000000e+00,4.544591084560512528e-01
9.800000000000000377e-02,7.100000000000000755e-02,0.000000000000000000e+00,3.907672823423222752e-01
9.800000000000000377e-02,7.200000000000000844e-02,0.000000000000000000e+00,4.875251506367713206e-01
9.800000000000000377e-02,7.299999999999999545e-02,0.000000000000000000e+00,4.684071201848437616e-01
9.800000000000000377e-02,7.399999999999999634e-02,0.000000000000000000e+00,5.050575734627931190e-01
9.800000000000000377e-02,7.499999999999999722e-02,0.000000000000000000e+00,5.553249517340139718e-01
9.800000000000000377e-02,7.599999999999999811e-02,0.000000000000000000e+00,4.597329920382752233e-01
9.800000000000000377e-02,7.699999999999999900e-02,0.000000000000000000e+00,4.821784250048584131e-01
9.800000000000000377e-02,7.799999999999999989e-02,0.000000000000000000e+00,4.388760874914553467e-01
9.800000000000000377e-02,7.900000000000000078e-02,0.000000000000000000e+00,4.976352047640401621e-01
9.800000000000000377e-02,8.000000000000000167e-02,0.000000000000000000e+00,5.673509866326389428e-01
9.800000000000000377e-02,8.100000000000000255e-02,0.000000000000000000e+00,4.946758616261227037e-01
9.800000000000000377e-02,8.200000000000000344e-02,0.000000000000000000e+00,4.429084801680251426e-01
9.800000000000000377e-02,8.300000000000000433e-02,0.000000000000000000e+00,4.308366406113743330e-01
9.800000000000000377e-02,8.400000000000000522e-02,0.000000000000000000e+00,4.570730833445225127e-01
9.800000000000000377e-02,8.500000000000000611e-02,0.000000000000000000e+00,4.716520484873367169e-01
9.800000000000000377e-02,8.600000000000000699e-02,0.000000000000000000e+00,4.666368923294066939e-01
9.800000000000000377e-02,8.700000000000000788e-02,0.000000000000000000e+00,4.884399969811454301e-01
9.800000000000000377e-02,8.799999999999999489e-02,0.000000000000000000e+00,4.983694961461049289e-01
9.800000000000000377e-02,8.899999999999999578e-02,0.000000000000000000e+00,3.986145551057774239e-01
9.800000000000000377e-02,8.999999999999999667e-02,0.000000000000000000e+00,4.332676131070417047e-01
9.800000000000000377e-02,9.099999999999999756e-02,0.000000000000000000e+00,4.363585528471098374e-01
9.800000000000000377e-02,9.199999999999999845e-02,0.000000000000000000e+00,4.725094800512180671e-01
9.800000000000000377e-02,9.299999999999999933e-02,0.000000000000000000e+00,5.629599938519205260e-01
9.800000000000000377e-02,9.400000000000000022e-02,0.000000000000000000e+00,5.033153031758905716e-01
9.800000000000000377e-02,9.500000000000000111e-02,0.000000000000000000e+00,4.909905449953181900e-01
9.800000000000000377e-02,9.600000000000000200e-02,0.000000000000000000e+00,4.929639696049176734e-01
9.800000000000000377e-02,9.700000000000000289e-02,0.000000000000000000e+00,5.852269658018565135e-01
9.800000000000000377e-02,9.800000000000000377e-02,0.000000000000000000e+00,5.585342522239948870e-01
9.800000000000000377e-02,9.900000000000000466e-02,0.000000000000000000e+00,5.639838285716102240e-01
9.800000000000000377e-02,1.000000000000000056e-01,0.000000000000000000e+00,5.758372780793368229e-01
1.000000000000000056e-01,0.000000000000000000e+00,0.000000000000000000e+00,5.608085529998820817e-01
1.000000000000000056e-01,1.000000000000000021e-03,0.000000000000000000e+00,5.919061329662157478e-01
1.000000000000000056e-01,2.000000000000000042e-03,0.000000000000000000e+00,5.642401539695115487e-01
1.000000000000000056e-01,3.000000000000000062e-03,0.000000000000000000e+00,5.018603843716900048e-01
1.000000000000000056e-01,4.000000000000000083e-03,0.000000000000000000e+00,5.225233113041745092e-01
1.000000000000000056e-01,5.000000000000000104e-03,0.000000000000000000e+00,5.313326263715401065e-01
1.000000000000000056e-01,6.000000000000000125e-03,0.000000000000000000e+00,4.772058324739244517e-01
1.000000000000000056e-01,7.000000000000000146e-03,0.000000000000000000e+00,4.486917867708873353e-01
1.000000000000000056e-01,8.000000000000000167e-03,0.000000000000000000e+00,5.521748768020137144e-01
1.000000000000000056e-01,9.000000000000001055e-03,0.000000000000000000e+00,4.190124775559305736e-01
1.000000000000000056e-01,1.000000000000000021e-02,0.000000000000000000e+00,4.732347731772177934e-01
1.000000000000000056e-01,1.099999999999999936e-02,0.000000000000000000e+00,4.869088299806657028e-01
1.000000000000000056e-01,1.200000000000000025e-02,0.000000000000000000e+00,4.800394524174151356e-01
1.000000000000000056e-01,1.300000000000000114e-02,0.000000000000000000e+00,5.679860963198342105e-01
1.000000000000000056e-01,1.400000000000000029e-02,0.000000000000000000e+00,5.771339762227449821e-01
1.000000000000000056e-01,1.499999999999999944e-02,0.000000000000000000e+00,5.493292922186530092e-01
1.000000000000000056e-01,1.600000000000000033e-02,0.000000000000000000e+00,5.138845947835672945e-01
1.000000000000000056e-01,1.700000000000000122e-02,0.000000000000000000e+00,5.598369110816617811e-01
1.000000000000000056e-01,1.800000000000000211e-02,0.000000000000000000e+00,5.231399991829672746e-01
1.000000000000000056e-01,1.899999999999999953e-02,0.000000000000000000e+00,5.342986596897361107e-01
1.000000000000000056e-01,2.000000000000000042e-02,0.000000000000000000e+00,4.751657132977459286e-01
1.000000000000000056e-01,2.100000000000000130e-02,0.000000000000000000e+00,5.587329118387003302e-01
1.000000000000000056e-01,2.199999999999999872e-02,0.000000000000000000e+00,4.231112309411413919e-01
1.000000000000000056e-01,2.299999999999999961e-02,0.000000000000000000e+00,4.436440636397877002e-01
1.000000000000000056e-01,2.400000000000000050e-02,0.000000000000000000e+00,4.775369186501938201e-01
1.000000000000000056e-01,2.500000000000000139e-02,0.000000000000000000e+00,5.078730107623721235e-01
1.000000000000000056e-01,2.600000000000000228e-02,0.000000000000000000e+00,5.607941614124105634e-01
1.000000000000000056e-01,2.699999999999999969e-02,0.000000000000000000e+00,5.047802279704554085e-01
1.000000000000000056e-01,2.800000000000000058e-02,0.000000000000000000e+00,5.088342716090072937e-01
1.000000000000000056e-01,2.900000000000000147e-02,0.000000000000000000e+00,5.101299345988274947e-01
1.000000000000000056e-01,2.999999999999999889e-02,0.000000000000000000e+00,5.335985080928475899e-01
1.000000000000000056e-01,3.099999999999999978e-02,0.000000000000000000e+00,4.423161134727175425e-01
1.000000000000000056e-01,3.200000000000000067e-02,0.000000000000000000e+00,5.379136997902318473e-01
1.000000000000000056e-01,3.300000000000000155e-02,0.000000000000000000e+00,4.488506868524518301e-01
1.000000000000000056e-01,3.400000000000000244e-02,0.000000000000000000e+00,4.849366460607587581e-01
1.000000000000000056e-01,3.500000000000000333e-02,0.000000000000000000e+00,4.473701686385525012e-01
1.000000000000000056e-01,3.600000000000000422e-02,0.000000000000000000e+00,4.032113837732266837e-01
1.000000000000000056e-01,3.699999999999999817e-02,0.000000000000000000e+00,4.919370880391144563e-01
1.000000000000000056e-01,3.799999999999999906e-02,0.000000000000000000e+00,5.797620877179134879e-01
1.000000000000000056e-01,3.899999999999999994e-02,0.000000000000000000e+00,5.561726061233749352e-01
1.000000000000000056e-01,4.000000000000000083e-02,0.000000000000000000e+00,5.082654408158102655e-01
1.000000000000000056e-01,4.100000000000000172e-02,0.000000000000000000e+00,5.511012997964089832e-01
1.000000000000000056e-01,4.200000000000000261e-02,0.000000000000000000e+00,5.392757137432567793e-01
1.000000000000000056e-01,4.300000000000000350e-02,0.000000000000000000e+00,5.503643519825525132e-01
1.000000000000000056e-01,4.399999999999999745e-02,0.000000000000000000e+00,4.615206118584596062e-01
1.000000000000000056e-01,4.499999999999999833e-02,0.000000000000000000e+00,5.407101390616303460e-01
1.000000000000000056e-01,4.599999999999999922e-02,0.000000000000000000e+00,4.715967745942162836e-01
1.000000000000000056e-01,4.700000000000000011e-02,0.000000000000000000e+00,4.972416316212440734e-01
1.000000000000000056e-01,4.800000000000000100e-02,0.000000000000000000e+00,4.890220699917650071e-01
1.000000000000000056e-01,4.900000000000000189e-02,0.000000000000000000e+00,4.141156678869397090e-01
1.000000000000000056e-01,5.000000000000000278e-02,0.000000000000000000e+00,5.070531523093544379e-01
1.000000000000000056e-01,5.100000000000000366e-02,0.000000000000000000e+00,5.841362129214469068e-01
1.000000000000000056e-01,5.200000000000000455e-02,0.000000000000000000e+00,5.199525933373123632e-01
1.000000000000000056e-01,5.299999999999999850e-02,0.000000000000000000e+00,5.156773328505366294e-01
1.000000000000000056e-01,5.399999999999999939e-02,0.000000000000000000e+00,5.552082372737257021e-01
1.000000000000000056e-01,5.500000000000000028e-02,0.000000000000000000e+00,5.188328017828244265e-01
1.000000000000000056e-01,5.600000000000000117e-02,0.000000000000000000e+00,5.571294905741890346e-01
1.000000000000000056e-01,5.700000000000000205e-02,0.000000000000000000e+00,5.394346086756938163e-01
1.000000000000000056e-01,5.800000000000000294e-02,0.000000000000000000e+00,5.532145801556971332e-01
1.000000000000000056e-01,5.900000000000000383e-02,0.000000000000000000e+00,5.636518038713447254e-01
1.000000000000000056e-01,5.999999999999999778e-02,0.000000000000000000e+00,5.994467658311677383e-01
1.000000000000000056e-01,6.099999999999999867e-02,0.000000000000000000e+00,5.570703119986317731e-01
1.000000000000000056e-01,6.199999999999999956e-02,0.000000000000000000e+00,5.244404878228701161e-01
1.000000000000000056e-01,6.300000000000000044e-02,0.000000000000000000e+00,5.481897809446931724e-01
1.000000000000000056e-01,6.400000000000000133e-02,0.000000000000000000e+00,5.774642816037182103e-01
1.000000000000000056e-01,6.500000000000000222e-02,0.000000000000000000e+00,4.963579080723244941e-01
1.000000000000000056e-01,6.600000000000000311e-02,0.000000000000000000e+00,4.873123036533424934e-01
1.000000000000000056e-01,6.700000000000000400e-02,0.000000000000000000e+00,4.918249110827526138e-01
1.000000000000000056e-01,6.800000000000000488e-02,0.000000000000000000e+00,4.464548526747487700e-01
1.000000000000000056e-01,6.900000000000000577e-02,0.000000000000000000e+00,4.709431280152287513e-01
1.000000000000000056e-01,7.000000000000000666e-02,0.000000000000000000e+00,5.025741502101062075e-01
1.000000000000000056e-01,7.100000000000000755e-02,0.000000000000000000e+00,4.851768825553176567e-01
1.000000000000000056e-01,7.200000000000000844e-02,0.000000000000000000e+00,5.327444876155875697e-01
1.000000000000000056e-01,7.299999999999999545e-02,0.000000000000000000e+00,5.564489114659985081e-01
1.000000000000000056e-01,7.399999999999999634e-02,0.000000000000000000e+00,5.075634802318175209e-01
1.000000000000000056e-01,7.499999999999999722e-02,0.000000000000000000e+00,5.421217952203636337e-01
1.000000000000000056e-01,7.599999999999999811e-02,0.000000000000000000e+00,4.956387630642456466e-01
1.000000000000000056e-01,7.699999999999999900e-02,0.000000000000000000e+00,5.193301961201521877e-01
1.000000000000000056e-01,7.799999999999999989e-02,0.000000000000000000e+00,4.435331077758637441e-01
1.000000000000000056e-01,7.900000000000000078e-02,0.000000000000000000e+00,4.407490553350661977e-01
1.000000000000000056e-01,8.000000000000000167e-02,0.000000000000000000e+00,4.596360215621122514e-01
1.000000000000000056e-01,8.100000000000000255e-02,0.000000000000000000e+00,4.399878602579397335e-01
1.000000000000000056e-01,8.200000000000000344e-02,0.000000000000000000e+00,4.364379457717091348e-01
1.000000000000000056e-01,8.300000000000000433e-02,0.000000000000000000e+00,4.872162598788274401e-01
1.000000000000000056e-01,8.400000000000000522e-02,0.000000000000000000e+00,5.156785949109230494e-01
1.000000000000000056e-01,8.500000000000000611e-02,0.000000000000000000e+00,5.388892438888102099e-01
1.000000000000000056e-01,8.600000000000000699e-02,0.000000000000000000e+00,5.355992607116606408e-01
1.000000000000000056e-01,8.700000000000000788e-02,0.000000000000000000e+00,5.203101302987707122e-01
1.000000000000000056e-01,8.799999999999999489e-02,0.000000000000000000e+00,5.446195285451429502e-01
1.000000000000000056e-01,8.899999999999999578e-02,0.000000000000000000e+00,4.754264034732806898e-01
1.000000000000000056e-01,8.999999999999999667e-02,0.000000000000000000e+00,4.918371199467426735e-01
1.000000000000000056e-01,9.099999999999999756e-02,0.000000000000000000e+00,4.369687276229091144e-01
1.000000000000000056e-01,9.199999999999999845e-02,0.000000000000000000e+00,4.411116809512000136e-01
1.000000000000000056e-01,9.299999999999999933e-02,0.000000000000000000e+00,4.708514038865873608e-01
1.000000000000000056e-01,9.400000000000000022e-02,0.000000000000000000e+00,4.629135698848289571e-01
1.000000000000000056e-01,9.500000000000000111e-02,0.000000000000000000e+00,4.532800581892283964e-01
1.000000000000000056e-01,9.600000000000000200e-02,0.000000000000000000e+00,4.999650709172558383e-01
1.000000000000000056e-01,9.700000000000000289e-02,0.000000000000000000e+00,5.567004585282739892e-01
1.000000000000000056e-01,9.800000000000000377e-02,0.000000000000000000e+00,5.565709398099917271e-01
1.000000000000000056e-01,9.900000000000000466e-02,0.000000000000000000e+00,5.465891061367746939e-01
1.000000000000000056e-01,1.000000000000000056e-01,0.000000000000000000e+00,5.628827765584005771e-01
